"trait","fitness","env","Z","SE","significance","lower est","upper est"
"FT16","rFitness","mli",0.066,0.066,"ns",-0.06336,0.19536
"DSDS10","rFitness","mli",0.038,0.043,"ns",-0.04628,0.12228
"Relative_root_growth_rate_day002.day003","rFitness","mli",0.058,0.057,"ns",-0.05372,0.16972
"Root_horizontal_index_day001","rFitness","mli",0.002,0.037,"ns",-0.07052,0.07452
"Delta_13C","rFitness","mli",0.001,0.032,"ns",-0.06172,0.06372
"stomata_density","rFitness","mli",0,0.009,"ns",-0.01764,0.01764
"Stomatal_index_in_first_leaf","rFitness","mli",-0.028,0.024,"ns",-0.07504,0.01904
"X72_Vern_Growth","rFitness","mli",0.011,0.032,"ns",-0.05172,0.07372
"d8_10C_perc","rFitness","mli",-0.017,0.042,"ns",-0.09932,0.06532
"Growth_rate","rFitness","mli",-0.045,0.052,"ns",-0.14692,0.05692
"RGR","rFitness","mli",-0.009,0.034,"ns",-0.07564,0.05764
"ABA_96h_low_water_potential","rFitness","mli",-0.003,0.026,"ns",-0.05396,0.04796
"FT16","rFitness","mlp",0.032,0.118,"ns",-0.19928,0.26328
"DSDS10","rFitness","mlp",0.26,0.109,"**",0.04636,0.47364
"Relative_root_growth_rate_day002.day003","rFitness","mlp",-0.159,0.125,"ns",-0.404,0.086
"Root_horizontal_index_day001","rFitness","mlp",0.096,0.061,"ns",-0.02356,0.21556
"Delta_13C","rFitness","mlp",-0.04,0.065,"ns",-0.1674,0.0874
"stomata_density","rFitness","mlp",0.023,0.016,"ns",-0.00836,0.05436
"Stomatal_index_in_first_leaf","rFitness","mlp",-0.008,0.049,"ns",-0.10404,0.08804
"X72_Vern_Growth","rFitness","mlp",-0.057,0.067,"ns",-0.18832,0.07432
"d8_10C_perc","rFitness","mlp",0.069,0.073,"ns",-0.07408,0.21208
"Growth_rate","rFitness","mlp",-0.182,0.102,"*",-0.38192,0.01792
"RGR","rFitness","mlp",0.01,0.069,"ns",-0.12524,0.14524
"ABA_96h_low_water_potential","rFitness","mlp",-0.045,0.044,"ns",-0.13124,0.04124
"FT16","rFitness","thi",-0.054,0.013,"***",-0.07948,-0.02852
"DSDS10","rFitness","thi",0.036,0.013,"***",0.01052,0.06148
"Relative_root_growth_rate_day002.day003","rFitness","thi",-0.041,0.015,"***",-0.0704,-0.0116
"Root_horizontal_index_day001","rFitness","thi",-0.011,0.007,"ns",-0.02472,0.00272
"Delta_13C","rFitness","thi",-0.036,0.008,"***",-0.05168,-0.02032
"stomata_density","rFitness","thi",-0.013,0.002,"***",-0.01692,-0.00908
"Stomatal_index_in_first_leaf","rFitness","thi",-0.04,0.006,"***",-0.05176,-0.02824
"X72_Vern_Growth","rFitness","thi",-0.04,0.008,"***",-0.05568,-0.02432
"d8_10C_perc","rFitness","thi",-0.007,0.009,"ns",-0.02464,0.01064
"Growth_rate","rFitness","thi",-0.063,0.012,"***",-0.08652,-0.03948
"RGR","rFitness","thi",0.05,0.008,"***",0.03432,0.06568
"ABA_96h_low_water_potential","rFitness","thi",0.037,0.006,"***",0.02524,0.04876
"FT16","rFitness","thp",-0.058,0.018,"**",-0.09328,-0.02272
"DSDS10","rFitness","thp",0.067,0.018,"***",0.03172,0.10228
"Relative_root_growth_rate_day002.day003","rFitness","thp",-0.05,0.018,"**",-0.08528,-0.01472
"Root_horizontal_index_day001","rFitness","thp",-0.027,0.012,"**",-0.05052,-0.00348
"Delta_13C","rFitness","thp",-0.047,0.01,"***",-0.0666,-0.0274
"stomata_density","rFitness","thp",-0.012,0.004,"***",-0.01984,-0.00416
"Stomatal_index_in_first_leaf","rFitness","thp",-0.048,0.008,"***",-0.06368,-0.03232
"X72_Vern_Growth","rFitness","thp",-0.044,0.01,"***",-0.0636,-0.0244
"d8_10C_perc","rFitness","thp",-0.031,0.014,"*",-0.05844,-0.00356
"Growth_rate","rFitness","thp",-0.083,0.016,"***",-0.11436,-0.05164
"RGR","rFitness","thp",0.059,0.011,"***",0.03744,0.08056
"ABA_96h_low_water_potential","rFitness","thp",0.043,0.008,"***",0.02732,0.05868
"FT16","rSurvival_fruit","mli",0.03,0.036,"ns",-0.04056,0.10056
"DSDS10","rSurvival_fruit","mli",0.152,0.032,"***",0.08928,0.21472
"Relative_root_growth_rate_day002.day003","rSurvival_fruit","mli",0.029,0.035,"ns",-0.0396,0.0976
"Root_horizontal_index_day001","rSurvival_fruit","mli",-0.063,0.026,"**",-0.11396,-0.01204
"Delta_13C","rSurvival_fruit","mli",-0.029,0.021,"ns",-0.07016,0.01216
"stomata_density","rSurvival_fruit","mli",-0.004,0.007,"ns",-0.01772,0.00972
"Stomatal_index_in_first_leaf","rSurvival_fruit","mli",-0.073,0.016,"***",-0.10436,-0.04164
"X72_Vern_Growth","rSurvival_fruit","mli",-0.017,0.02,"ns",-0.0562,0.0222
"d8_10C_perc","rSurvival_fruit","mli",-0.092,0.03,"**",-0.1508,-0.0332
"Growth_rate","rSurvival_fruit","mli",-0.123,0.031,"***",-0.18376,-0.06224
"RGR","rSurvival_fruit","mli",0.049,0.022,"*",0.00588,0.09212
"ABA_96h_low_water_potential","rSurvival_fruit","mli",0.045,0.02,"*",0.0058,0.0842
"FT16","rSurvival_fruit","mlp",-0.051,0.086,"ns",-0.21956,0.11756
"DSDS10","rSurvival_fruit","mlp",0.249,0.088,"***",0.07652,0.42148
"Relative_root_growth_rate_day002.day003","rSurvival_fruit","mlp",-0.143,0.087,"*",-0.31352,0.02752
"Root_horizontal_index_day001","rSurvival_fruit","mlp",-0.005,0.053,"ns",-0.10888,0.09888
"Delta_13C","rSurvival_fruit","mlp",-0.089,0.048,"*",-0.18308,0.00508
"stomata_density","rSurvival_fruit","mlp",-0.011,0.014,"ns",-0.03844,0.01644
"Stomatal_index_in_first_leaf","rSurvival_fruit","mlp",-0.087,0.037,"*",-0.15952,-0.01448
"X72_Vern_Growth","rSurvival_fruit","mlp",-0.096,0.047,"*",-0.18812,-0.00388000000000001
"d8_10C_perc","rSurvival_fruit","mlp",-0.039,0.063,"ns",-0.16248,0.08448
"Growth_rate","rSurvival_fruit","mlp",-0.253,0.073,"***",-0.39608,-0.10992
"RGR","rSurvival_fruit","mlp",0.105,0.052,"*",0.00308,0.20692
"ABA_96h_low_water_potential","rSurvival_fruit","mlp",0.047,0.038,"ns",-0.02748,0.12148
"FT16","rSurvival_fruit","thi",-0.007,0.007,"ns",-0.02072,0.00672
"DSDS10","rSurvival_fruit","thi",0.002,0.006,"ns",-0.00976,0.01376
"Relative_root_growth_rate_day002.day003","rSurvival_fruit","thi",-0.001,0.007,"ns",-0.01472,0.01272
"Root_horizontal_index_day001","rSurvival_fruit","thi",-0.003,0.005,"ns",-0.0128,0.0068
"Delta_13C","rSurvival_fruit","thi",-0.003,0.004,"ns",-0.01084,0.00484
"stomata_density","rSurvival_fruit","thi",-0.002,0.002,"ns",-0.00592,0.00192
"Stomatal_index_in_first_leaf","rSurvival_fruit","thi",-0.005,0.003,"ns",-0.01088,0.00088
"X72_Vern_Growth","rSurvival_fruit","thi",-0.005,0.004,"ns",-0.01284,0.00284
"d8_10C_perc","rSurvival_fruit","thi",-0.002,0.006,"ns",-0.01376,0.00976
"Growth_rate","rSurvival_fruit","thi",-0.007,0.006,"ns",-0.01876,0.00476
"RGR","rSurvival_fruit","thi",0.005,0.004,"ns",-0.00284,0.01284
"ABA_96h_low_water_potential","rSurvival_fruit","thi",0.008,0.004,"*",0.00016,0.01584
"FT16","rSurvival_fruit","thp",-0.022,0.015,"ns",-0.0514,0.0074
"DSDS10","rSurvival_fruit","thp",0.039,0.014,"***",0.01156,0.06644
"Relative_root_growth_rate_day002.day003","rSurvival_fruit","thp",-0.021,0.016,"ns",-0.05236,0.01036
"Root_horizontal_index_day001","rSurvival_fruit","thp",-0.016,0.01,"ns",-0.0356,0.0036
"Delta_13C","rSurvival_fruit","thp",-0.017,0.009,"*",-0.03464,0.000639999999999998
"stomata_density","rSurvival_fruit","thp",-0.005,0.003,"ns",-0.01088,0.00088
"Stomatal_index_in_first_leaf","rSurvival_fruit","thp",-0.015,0.007,"*",-0.02872,-0.00128
"X72_Vern_Growth","rSurvival_fruit","thp",-0.015,0.009,"*",-0.03264,0.00264
"d8_10C_perc","rSurvival_fruit","thp",-0.019,0.012,"*",-0.04252,0.00452
"Growth_rate","rSurvival_fruit","thp",-0.032,0.014,"**",-0.05944,-0.00456
"RGR","rSurvival_fruit","thp",0.019,0.01,"*",-6e-04,0.0386
"ABA_96h_low_water_potential","rSurvival_fruit","thp",0.016,0.007,"*",0.00228,0.02972
"FT16","rSeeds","mli",0.057,0.053,"ns",-0.04688,0.16088
"DSDS10","rSeeds","mli",-0.069,0.029,"**",-0.12584,-0.01216
"Relative_root_growth_rate_day002.day003","rSeeds","mli",0.025,0.036,"ns",-0.04556,0.09556
"Root_horizontal_index_day001","rSeeds","mli",0.059,0.025,"**",0.01,0.108
"Delta_13C","rSeeds","mli",0.035,0.024,"ns",-0.01204,0.08204
"stomata_density","rSeeds","mli",0.01,0.008,"ns",-0.00568,0.02568
"Stomatal_index_in_first_leaf","rSeeds","mli",0.046,0.018,"***",0.01072,0.08128
"X72_Vern_Growth","rSeeds","mli",0.031,0.022,"ns",-0.01212,0.07412
"d8_10C_perc","rSeeds","mli",0.068,0.029,"**",0.01116,0.12484
"Growth_rate","rSeeds","mli",0.075,0.036,"*",0.00444,0.14556
"RGR","rSeeds","mli",-0.055,0.024,"**",-0.10204,-0.00796
"ABA_96h_low_water_potential","rSeeds","mli",-0.05,0.019,"***",-0.08724,-0.01276
"FT16","rSeeds","mlp",0.059,0.028,"*",0.00412,0.11388
"DSDS10","rSeeds","mlp",0.011,0.035,"ns",-0.0576,0.0796
"Relative_root_growth_rate_day002.day003","rSeeds","mlp",-0.008,0.031,"ns",-0.06876,0.05276
"Root_horizontal_index_day001","rSeeds","mlp",0.072,0.018,"***",0.03672,0.10728
"Delta_13C","rSeeds","mlp",0.033,0.018,"*",-0.00228,0.06828
"stomata_density","rSeeds","mlp",0.019,0.004,"***",0.01116,0.02684
"Stomatal_index_in_first_leaf","rSeeds","mlp",0.05,0.014,"**",0.02256,0.07744
"X72_Vern_Growth","rSeeds","mlp",0.025,0.017,"ns",-0.00832,0.05832
"d8_10C_perc","rSeeds","mlp",0.078,0.022,"***",0.03488,0.12112
"Growth_rate","rSeeds","mlp",0.048,0.026,"*",-0.00296,0.09896
"RGR","rSeeds","mlp",-0.06,0.018,"**",-0.09528,-0.02472
"ABA_96h_low_water_potential","rSeeds","mlp",-0.058,0.013,"***",-0.08348,-0.03252
"FT16","rSeeds","thi",-0.05,0.01,"***",-0.0696,-0.0304
"DSDS10","rSeeds","thi",0.032,0.01,"***",0.0124,0.0516
"Relative_root_growth_rate_day002.day003","rSeeds","thi",-0.041,0.012,"***",-0.06452,-0.01748
"Root_horizontal_index_day001","rSeeds","thi",-0.007,0.006,"ns",-0.01876,0.00476
"Delta_13C","rSeeds","thi",-0.034,0.007,"***",-0.04772,-0.02028
"stomata_density","rSeeds","thi",-0.011,0.002,"***",-0.01492,-0.00708
"Stomatal_index_in_first_leaf","rSeeds","thi",-0.036,0.005,"***",-0.0458,-0.0262
"X72_Vern_Growth","rSeeds","thi",-0.036,0.006,"***",-0.04776,-0.02424
"d8_10C_perc","rSeeds","thi",-0.005,0.007,"ns",-0.01872,0.00872
"Growth_rate","rSeeds","thi",-0.057,0.009,"***",-0.07464,-0.03936
"RGR","rSeeds","thi",0.045,0.007,"***",0.03128,0.05872
"ABA_96h_low_water_potential","rSeeds","thi",0.029,0.004,"***",0.02116,0.03684
"FT16","rSeeds","thp",-0.038,0.01,"***",-0.0576,-0.0184
"DSDS10","rSeeds","thp",0.027,0.012,"**",0.00348,0.05052
"Relative_root_growth_rate_day002.day003","rSeeds","thp",-0.031,0.01,"**",-0.0506,-0.0114
"Root_horizontal_index_day001","rSeeds","thp",-0.011,0.007,"ns",-0.02472,0.00272
"Delta_13C","rSeeds","thp",-0.033,0.006,"***",-0.04476,-0.02124
"stomata_density","rSeeds","thp",-0.009,0.002,"***",-0.01292,-0.00508
"Stomatal_index_in_first_leaf","rSeeds","thp",-0.035,0.005,"***",-0.0448,-0.0252
"X72_Vern_Growth","rSeeds","thp",-0.032,0.006,"***",-0.04376,-0.02024
"d8_10C_perc","rSeeds","thp",-0.011,0.008,"ns",-0.02668,0.00468
"Growth_rate","rSeeds","thp",-0.052,0.01,"***",-0.0716,-0.0324
"RGR","rSeeds","thp",0.042,0.007,"***",0.02828,0.05572
"ABA_96h_low_water_potential","rSeeds","thp",0.03,0.006,"***",0.01824,0.04176
