perc_miss	phenotype
0.5214391325776244	FT10
0.5032035485460818	FT16
0.08723509117792015	DSDS10
0.08723509117792015	DSDS50
0.08723509117792015	DSDS90
0.08674223755544604	FT
0.08723509117792015	GAS
0.08723509117792015	SS
0.08378511582060127	t10
0.08378511582060127	t50
0.08378511582060127	U8416
0.04583538689009364	HL23_mm_
0.04583538689009364	HL27_mm_
0.04583538689009364	SensHL
0.04583538689009364	VarTemp
0.2932479053721045	G2H3B
0.2932479053721045	G2H4P
0.2932479053721045	G2P
0.2932479053721045	G3B
0.2932479053721045	G3BOP
0.2932479053721045	G3HP
0.2932479053721045	G3MSP
0.2932479053721045	G3MTP
0.2932479053721045	G4BOB
0.2932479053721045	G4HB
0.2932479053721045	G4MSB
0.2932479053721045	G4MTB
0.2932479053721045	G4P
0.2932479053721045	G5MSP
0.2932479053721045	G5MTP
0.2932479053721045	G6MSH
0.2932479053721045	G6MTH
0.2932479053721045	G7MSH
0.2932479053721045	G7MTH
0.2932479053721045	G8MSO
0.2932479053721045	G8MTO
0.07097092163627403	X16S_OTU0_1
0.07097092163627403	X16S_OTU10_11
0.07097092163627403	X16S_OTU101_102
0.07097092163627403	X16S_OTU1026_1027
0.07097092163627403	X16S_OTU1037_1038
0.07097092163627403	X16S_OTU104_105
0.07097092163627403	X16S_OTU1076_1077
0.07097092163627403	X16S_OTU11_12
0.07097092163627403	X16S_OTU110_111
0.07097092163627403	X16S_OTU116_117
0.07097092163627403	X16S_OTU12_13
0.07097092163627403	X16S_OTU125_126
0.07097092163627403	X16S_OTU129_130
0.07097092163627403	X16S_OTU15_16
0.07097092163627403	X16S_OTU151_152
0.07097092163627403	X16S_OTU154_155
0.07097092163627403	X16S_OTU157_158
0.07097092163627403	X16S_OTU159_160
0.07097092163627403	X16S_OTU17_18
0.07097092163627403	X16S_OTU1782_1783
0.07097092163627403	X16S_OTU18_19
0.07097092163627403	X16S_OTU190_191
0.07097092163627403	X16S_OTU193_194
0.07097092163627403	X16S_OTU197_198
0.07097092163627403	X16S_OTU199_200
0.07097092163627403	X16S_OTU200_201
0.07097092163627403	X16S_OTU202_203
0.07097092163627403	X16S_OTU2052_2053
0.07097092163627403	X16S_OTU219_220
0.07097092163627403	X16S_OTU22_23
0.07097092163627403	X16S_OTU225_226
0.07097092163627403	X16S_OTU2284_2285
0.07097092163627403	X16S_OTU233_234
0.07097092163627403	X16S_OTU2331_2332
0.07097092163627403	X16S_OTU243_244
0.07097092163627403	X16S_OTU252_253
0.07097092163627403	X16S_OTU254_255
0.07097092163627403	X16S_OTU2561_2562
0.07097092163627403	X16S_OTU26_27
0.07097092163627403	X16S_OTU273_274
0.07097092163627403	X16S_OTU278_279
0.07097092163627403	X16S_OTU28_29
0.07097092163627403	X16S_OTU281_282
0.07097092163627403	X16S_OTU29_30
0.07097092163627403	X16S_OTU293_294
0.07097092163627403	X16S_OTU308_309
0.07097092163627403	X16S_OTU32_33
0.07097092163627403	X16S_OTU320_321
0.07097092163627403	X16S_OTU325_326
0.07097092163627403	X16S_OTU329_330
0.07097092163627403	X16S_OTU336_337
0.07097092163627403	X16S_OTU349_350
0.07097092163627403	X16S_OTU358_359
0.07097092163627403	X16S_OTU37_38
0.07097092163627403	X16S_OTU373_374
0.07097092163627403	X16S_OTU38_39
0.07097092163627403	X16S_OTU385_386
0.07097092163627403	X16S_OTU395_396
0.07097092163627403	X16S_OTU4_5
0.07097092163627403	X16S_OTU40_41
0.07097092163627403	X16S_OTU452_453
0.07097092163627403	X16S_OTU478_479
0.07097092163627403	X16S_OTU48_49
0.07097092163627403	X16S_OTU488_489
0.07097092163627403	X16S_OTU507_508
0.07097092163627403	X16S_OTU51_52
0.07097092163627403	X16S_OTU52_53
0.07097092163627403	X16S_OTU546_547
0.07097092163627403	X16S_OTU555_556
0.07097092163627403	X16S_OTU557_558
0.07097092163627403	X16S_OTU561_562
0.07097092163627403	X16S_OTU562_563
0.07097092163627403	X16S_OTU581_582
0.07097092163627403	X16S_OTU59_60
0.07097092163627403	X16S_OTU592_593
0.07097092163627403	X16S_OTU6_7
0.07097092163627403	X16S_OTU61_62
0.07097092163627403	X16S_OTU615_616
0.07097092163627403	X16S_OTU63_64
0.07097092163627403	X16S_OTU633_634
0.07097092163627403	X16S_OTU648_649
0.07097092163627403	X16S_OTU651_652
0.07097092163627403	X16S_OTU68_69
0.07097092163627403	X16S_OTU70_71
0.07097092163627403	X16S_OTU723_724
0.07097092163627403	X16S_OTU728_729
0.07097092163627403	X16S_OTU73_74
0.07097092163627403	X16S_OTU80_81
0.07097092163627403	X16S_OTU835_836
0.07097092163627403	X16S_OTU836_837
0.07097092163627403	X16S_OTU85_86
0.07097092163627403	X16S_OTU913_914
0.07097092163627403	X16S_OTU93_94
0.07097092163627403	X16S_OTU949_950
0.07146377525874816	ITS_OTU1000_1001
0.07146377525874816	ITS_OTU1051_1052
0.07146377525874816	ITS_OTU1054_1055
0.07146377525874816	ITS_OTU1084_1085
0.07146377525874816	ITS_OTU1088_1089
0.07146377525874816	ITS_OTU1091_1092
0.07146377525874816	ITS_OTU1107_1108
0.07146377525874816	ITS_OTU1136_1137
0.07146377525874816	ITS_OTU1145_1146
0.07146377525874816	ITS_OTU1152_1153
0.07146377525874816	ITS_OTU1189_1190
0.07146377525874816	ITS_OTU1197_1198
0.07146377525874816	ITS_OTU1198_1199
0.07146377525874816	ITS_OTU1202_1203
0.07146377525874816	ITS_OTU1290_1291
0.07146377525874816	ITS_OTU1386_1387
0.07146377525874816	ITS_OTU1404_1405
0.07146377525874816	ITS_OTU1425_1426
0.07146377525874816	ITS_OTU1481_1482
0.07146377525874816	ITS_OTU1492_1493
0.07146377525874816	ITS_OTU1502_1503
0.07146377525874816	ITS_OTU1537_1538
0.07146377525874816	ITS_OTU1549_1550
0.07146377525874816	ITS_OTU1576_1577
0.07146377525874816	ITS_OTU1584_1585
0.07146377525874816	ITS_OTU1614_1615
0.07146377525874816	ITS_OTU1631_1632
0.07146377525874816	ITS_OTU1644_1645
0.07146377525874816	ITS_OTU1650_1651
0.07146377525874816	ITS_OTU1660_1661
0.07146377525874816	ITS_OTU1666_1667
0.07146377525874816	ITS_OTU1671_1672
0.07146377525874816	ITS_OTU1676_1677
0.07146377525874816	ITS_OTU1713_1714
0.07146377525874816	ITS_OTU1738_1739
0.07146377525874816	ITS_OTU1762_1763
0.07146377525874816	ITS_OTU1772_1773
0.07146377525874816	ITS_OTU1786_1787
0.07146377525874816	ITS_OTU1800_1801
0.07146377525874816	ITS_OTU1805_1806
0.07146377525874816	ITS_OTU1808_1809
0.07146377525874816	ITS_OTU1822_1823
0.07146377525874816	ITS_OTU1827_1828
0.07146377525874816	ITS_OTU1845_1846
0.07146377525874816	ITS_OTU1890_1891
0.07146377525874816	ITS_OTU1941_1942
0.07146377525874816	ITS_OTU1953_1954
0.07146377525874816	ITS_OTU2043_2044
0.07146377525874816	ITS_OTU2054_2055
0.07146377525874816	ITS_OTU2081_2082
0.07146377525874816	ITS_OTU2082_2083
0.07146377525874816	ITS_OTU2103_2104
0.07146377525874816	ITS_OTU2109_2110
0.07146377525874816	ITS_OTU2128_2129
0.07146377525874816	ITS_OTU2129_2130
0.07146377525874816	ITS_OTU2154_2155
0.07146377525874816	ITS_OTU2179_2180
0.07146377525874816	ITS_OTU2243_2244
0.07146377525874816	ITS_OTU2349_2350
0.07146377525874816	ITS_OTU2419_2420
0.07146377525874816	ITS_OTU2460_2461
0.07146377525874816	ITS_OTU2678_2679
0.07146377525874816	ITS_OTU2761_2762
0.07146377525874816	ITS_OTU2877_2878
0.07146377525874816	ITS_OTU2911_2912
0.07146377525874816	ITS_OTU2934_2935
0.07146377525874816	ITS_OTU3025_3026
0.07146377525874816	ITS_OTU3029_3030
0.07146377525874816	ITS_OTU3043_3044
0.07146377525874816	ITS_OTU3185_3186
0.07146377525874816	ITS_OTU3313_3313
0.07146377525874816	ITS_OTU3327_3327
0.07146377525874816	ITS_OTU3376_3376
0.07146377525874816	ITS_OTU3421_3421
0.07146377525874816	ITS_OTU3455_3455
0.07146377525874816	ITS_OTU3467_3467
0.07146377525874816	ITS_OTU3507_3507
0.07146377525874816	ITS_OTU3573_3573
0.07146377525874816	ITS_OTU3751_3751
0.07146377525874816	ITS_OTU3804_3804
0.07146377525874816	ITS_OTU3820_3820
0.07146377525874816	ITS_OTU3874_3874
0.07146377525874816	ITS_OTU3962_3962
0.07146377525874816	ITS_OTU4268_4268
0.07146377525874816	ITS_OTU600_601
0.07146377525874816	ITS_OTU621_622
0.07146377525874816	ITS_OTU763_764
0.07146377525874816	ITS_OTU776_777
0.07146377525874816	ITS_OTU780_781
0.07146377525874816	ITS_OTU822_823
0.07146377525874816	ITS_OTU850_851
0.07146377525874816	ITS_OTU883_884
0.07146377525874816	ITS_OTU892_893
0.07146377525874816	ITS_OTU899_900
0.07146377525874816	ITS_OTU905_906
0.07146377525874816	ITS_OTU907_908
0.07146377525874816	ITS_OTU910_911
0.07146377525874816	ITS_OTU917_918
0.07146377525874816	ITS_OTU921_922
0.07146377525874816	ITS_OTU998_999
0.09167077378018729	elfDC
0.09167077378018729	elfPs
0.09167077378018729	elfPv
0.09167077378018729	flgPa
0.09167077378018729	flgPsHRm
0.09167077378018729	flgPsHRp
0.09167077378018729	flgPv
0.0744208969935929	day10_27C_cut
0.06949236076885165	day10_30C_cut
0.07787087235091178	day10_30C_uncut
0.0744208969935929	day11_27C_cut
0.07934943321833415	day11_27C_uncut
0.0744208969935929	day12_27C_cut
0.0744208969935929	day13_27C_cut
0.07934943321833415	day13_27C_uncut
0.0744208969935929	day3_27C_cut
0.08033514046328241	day3_27C_uncut
0.06949236076885165	day3_30C_cut
0.07787087235091178	day3_30C_uncut
0.07491375061606703	day4_27C_cut
0.08033514046328241	day4_27C_uncut
0.06949236076885165	day4_30C_cut
0.07787087235091178	day4_30C_uncut
0.0744208969935929	day5_27C_cut
0.08033514046328241	day5_27C_uncut
0.06949236076885165	day5_30C_cut
0.07787087235091178	day5_30C_uncut
0.0744208969935929	day6_27C_cut
0.08033514046328241	day6_27C_uncut
0.06949236076885165	day6_30C_cut
0.07787087235091178	day6_30C_uncut
0.0744208969935929	day7_27C_cut
0.08033514046328241	day7_27C_uncut
0.06949236076885165	day7_30C_cut
0.07787087235091178	day7_30C_uncut
0.08033514046328241	day8_27C_uncut
0.08033514046328241	day9_27C_uncut
0.040413997042878264	LB_vs_PR_DhighN_vs_lowN
0.040413997042878264	LB_vs_PR_highN
0.040413997042878264	LB_vs_PR_lowN
0.040413997042878264	LR_count_DhighN_vs_lowN
0.040413997042878264	LR_count_highN
0.040413997042878264	LR_count_lowN
0.040413997042878264	LRdensity_DhighN_vs_lowN
0.040413997042878264	LRdensity_highN
0.040413997042878264	LRdensity_lowN
0.040413997042878264	LRlengthave_DhighN_vs_lowN
0.040413997042878264	LRlengthave_highN
0.040413997042878264	LRlengthave_lowN
0.040413997042878264	LRtot_DhighN_vs_lowN
0.040413997042878264	LRtot_highN
0.040413997042878264	LRtot_lowN
0.040413997042878264	PR_DhighN_vs_lowN
0.040413997042878264	PR_highN
0.040413997042878264	PR_lowN
0.040413997042878264	PR_plus_LRtot_DhighN_vs_lowN
0.040413997042878264	PR_plus_LRtot_highN
0.040413997042878264	PR_plus_LRtot_lowN
0.040413997042878264	SA_DhighN_vs_lowN
0.040413997042878264	SA_highN
0.040413997042878264	SA_lowN
0.040413997042878264	SA_to_PR_DhighN_vs_lowN
0.040413997042878264	SA_to_PR_highN
0.040413997042878264	SA_to_PR_lowN
0.20798422868408084	DTF_Oct_2010
0.21044849679645145	DTF_Oct_2040
0.1784130113356333	DTF_Sep_2010
0.18087727944800394	DTF_Sep_2040
0.21931986200098572	X108_Area_sweden_2009_1st_experiment
0.2153770330211927	X109_SizePlantingSummer2009
0.20601281419418432	X110_Size_sweden_2009_2nd_experiment
0.20059142434696894	X111_SizePlantingSummerLocSweden2009
0.22769837358304584	X112_Area_sweden_2009_2nd_experiment
0.1739773287333662	X113_DTF_sweden_2008_1st_experiment
0.15919172005914242	X114_Yield_sweden_2009_2nd_experiment
0.2252341054706752	X115_SizeLocSweden2009
0.22966978807294233	X116_DTFplantingSummerLocSweden2009
0.17249876786594381	X117_DTFlocSweden2008
0.22868408082799407	X118_DTFlocSweden2009
0.2306554953178906	X119_DTF_spain_2009_1st_experiment
0.17299162148841793	X120_DTFplantingLoc2008
0.2306554953178906	X121_DTF_spain_2009_2nd_experiment
0.16609167077378018	X122_Yield_spain_2009_2nd_experiment
0.22572695909314933	X123_Size_sweden_2009_1st_experiment
0.18925579103006407	X124_Yield_spain_2009_1st_experiment
0.2306554953178906	X125_DTFmainEffect2009
0.17249876786594381	X126_DTFmainEffect2008
0.21291276490882208	X127_Size_spain_2009_2nd_experiment
0.22819122720551996	X128_Size_spain_2009_1st_experiment
0.22819122720551996	X129_DTFplantingSummer2009
0.17348447511089207	X130_DTFplantingSummer2008
0.22966978807294233	X131_SizeMainEffect2009
0.1739773287333662	X132_DTF_spain_2008_1st_experiment
0.18925579103006407	X133_YieldPlantingSummer2009
0.23016264169541645	X134_DTF_sweden_2009_1st_experiment
0.20798422868408084	X135_YieldLocSweden2009
0.17348447511089207	X136_DTF_spain_2008_2nd_experiment
0.22375554460325284	X137_YieldMainEffect2009
0.17496303597831445	X138_YieldPlantingSummerLocSweden2009
0.1917200591424347	X139_Yield_sweden_2009_1st_experiment
0.2306554953178906	X140_DTF_sweden_2009_2nd_experiment
0.1739773287333662	X141_DTF_sweden_2008_2nd_experiment
0.06554953178905865	D2_entrance_per
0.06554953178905865	GEMINATION_4D_per
0.06554953178905865	GERMINATION_1D_per
0.1256776737309019	Direction_index
0.1256776737309019	Root_angle
0.1483489403647117	NC_0557
0.1483489403647117	NC_0570
0.12715623459832429	NC_0596
0.1483489403647117	NC_0662
0.14687037949728932	NC_0674
0.1483489403647117	NC_0704
0.13159191720059144	NC_0705
0.1483489403647117	NC_0734
0.1483489403647117	NC_0790
0.12764908822079843	NC_0928
0.1483489403647117	NC_1008
0.12863479546574666	NC_1036
0.1409561360275998	NC_1057
0.1483489403647117	NC_1092
0.10251355347461803	NC_1111
0.14736323311976343	NC_1125
0.10202069985214392	NC_1142
0.13454903893543618	NC_1201
0.14785608674223755	NC_1213
0.13602759980285856	NC_1260
0.07392804337111877	NC_1295
0.14687037949728932	NC_1334
0.1483489403647117	NC_1379
0.1483489403647117	NC_1383
0.1483489403647117	NC_1393
0.1310990635781173	NC_1422
0.04879250862493839	NC_1427
0.1483489403647117	NC_1433
0.1483489403647117	NC_1474
0.04731394775751602	NC_1542
0.056678166584524396	NC_1548
0.08575653031049778	NC_1971
0.1448989650073928	NC_2426
0.1483489403647117	PC_0435
0.1483489403647117	PC_0441
0.1483489403647117	PC_0446
0.1483489403647117	PC_0448
0.1483489403647117	PC_0451
0.1483489403647117	PC_0454
0.08279940857565303	PC_0455
0.14637752587481517	PC_0490
0.1483489403647117	PC_0499
0.1483489403647117	PC_0500
0.1483489403647117	PC_0506
0.1483489403647117	PC_0512
0.14440611138491868	PC_0526
0.14785608674223755	PC_0544
0.1483489403647117	PC_0546
0.1483489403647117	PC_0552
0.1483489403647117	PC_0558
0.1483489403647117	PC_0570
0.1483489403647117	PC_0601
0.1483489403647117	PC_0615
0.1483489403647117	PC_0626
0.14539181862986694	PC_0631
0.1483489403647117	PC_0633
0.1483489403647117	PC_0635
0.14046328240512568	PC_0638
0.028092656481025137	PC_0642
0.1483489403647117	PC_0658
0.1483489403647117	PC_0673
0.1483489403647117	PC_0684
0.1483489403647117	PC_0688
0.1483489403647117	PC_0709
0.1483489403647117	PC_0712
0.1483489403647117	PC_0785
0.1483489403647117	PC_0846
0.1483489403647117	PC_0858
0.1429275505174963	PC_0866
0.1483489403647117	PC_0932
0.1483489403647117	PC_1145
0.14194184327254805	PC_1181
0.0941350418925579	PC_1237
0.1483489403647117	PC_1246
0.040413997042878264	PC_1248
0.1483489403647117	PC_1265
0.04484967964514539	PC_1274
0.1483489403647117	PC_1322
0.1483489403647117	PC_1401
0.1054706752094628	PC_1410
0.1483489403647117	PC_1435
0.13799901429275505	PC_1465
0.1483489403647117	PC_1490
0.14736323311976343	PC_1491
0.1350418925579103	PC_1493
0.1483489403647117	PC_1528
0.14736323311976343	PC_1533
0.1483489403647117	PC_1732
0.14687037949728932	PC_1734
0.1483489403647117	PC_1755
0.1483489403647117	PC_1782
0.1483489403647117	PC_1857
0.1483489403647117	PC_1976
0.1483489403647117	PC_1998
0.1483489403647117	PC_2045
0.14736323311976343	PC_2372
0.14785608674223755	PC_2395
0.14736323311976343	PC_2413
0.15426318383440119	met01
0.15426318383440119	met02
0.15426318383440119	met03
0.15426318383440119	met04
0.15426318383440119	met05
0.15426318383440119	met06
0.15426318383440119	met07
0.15426318383440119	met08
0.15426318383440119	met09
0.15426318383440119	met10
0.15426318383440119	met11
0.15426318383440119	met12
0.15426318383440119	met13
0.15426318383440119	met14
0.15426318383440119	met15
0.15426318383440119	met16
0.15426318383440119	met17
0.15426318383440119	met18
0.15426318383440119	met19
0.15426318383440119	met20
0.15426318383440119	met21
0.15426318383440119	met22
0.15426318383440119	met23
0.15426318383440119	met24
0.15426318383440119	met25
0.15426318383440119	met26
0.15426318383440119	met27
0.15426318383440119	met28
0.15426318383440119	met29
0.15426318383440119	met30
0.15426318383440119	met31
0.15426318383440119	met32
0.15426318383440119	met33
0.15426318383440119	met34
0.15426318383440119	met35
0.15426318383440119	met36
0.15426318383440119	met37
0.15426318383440119	met38
0.15426318383440119	met39
0.15426318383440119	met40
0.15426318383440119	met41
0.15426318383440119	met42
0.15426318383440119	met43
0.15426318383440119	met44
0.15426318383440119	met45
0.15426318383440119	met46
0.15426318383440119	met47
0.15426318383440119	met48
0.15426318383440119	met49
0.15426318383440119	met50
0.15426318383440119	met51
0.15426318383440119	met52
0.15426318383440119	met53
0.15426318383440119	met54
0.15426318383440119	met55
0.15426318383440119	met56
0.15426318383440119	met57
0.15426318383440119	met58
0.15426318383440119	met59
0.15426318383440119	met60
0.15426318383440119	met61
0.15426318383440119	met62
0.15426318383440119	met63
0.15426318383440119	met64
0.15426318383440119	met65
0.15426318383440119	met66
0.15426318383440119	met67
0.15426318383440119	met68
0.15426318383440119	met69
0.15426318383440119	met70
0.15426318383440119	met71
0.15426318383440119	met72
0.15426318383440119	met73
0.15426318383440119	met74
0.15426318383440119	met75
0.15426318383440119	met76
0.15426318383440119	met77
0.15426318383440119	met78
0.15426318383440119	met79
0.15426318383440119	met80
0.15426318383440119	met81
0.15426318383440119	met82
0.15426318383440119	met83
0.15426318383440119	met84
0.15426318383440119	met85
0.15426318383440119	met86
0.15426318383440119	met87
0.15426318383440119	met88
0.15426318383440119	met89
0.15426318383440119	met90
0.15426318383440119	met91
0.15426318383440119	met92
0.15426318383440119	met93
0.15426318383440119	met94
0.09906357811729916	X142_Mature_cell_length
0.09906357811729916	X143_Meristem_zone_length
0.0941350418925579	LR.no_ABA
0.09364218827008379	LR.no_C
0.09462789551503203	LR.no_CK
0.09364218827008379	LR.no_IAA
0.0941350418925579	LRD_P_ABA
0.09364218827008379	LRD_P_C
0.09462789551503203	LRD_P_CK
0.09364218827008379	LRD_P_IAA
0.0941350418925579	LRD_R_ABA
0.09364218827008379	LRD_R_C
0.09462789551503203	LRD_R_CK
0.09364218827008379	LRD_R_IAA
0.0941350418925579	LRL_ABA
0.09364218827008379	LRL_C
0.09462789551503203	LRL_CK
0.09364218827008379	LRL_IAA
0.0941350418925579	LRR_ABA
0.09364218827008379	LRR_C
0.09462789551503203	LRR_CK
0.09364218827008379	LRR_IAA
0.0941350418925579	P_ABA
0.09364218827008379	P_C
0.09462789551503203	P_CK
0.09364218827008379	P_IAA
0.0941350418925579	P2_ABA
0.09364218827008379	P2_C
0.09462789551503203	P2_CK
0.09364218827008379	P2_IAA
0.0941350418925579	R_ABA
0.09364218827008379	R_C
0.09462789551503203	R_CK
0.09364218827008379	R_IAA
0.0941350418925579	TLRL_ABA
0.09364218827008379	TLRL_C
0.09462789551503203	TLRL_CK
0.09364218827008379	TLRL_IAA
0.0941350418925579	TRL_ABA
0.09364218827008379	TRL_C
0.09462789551503203	TRL_CK
0.09364218827008379	TRL_IAA
0.06554953178905865	X289_Root_length_Day_1
0.06604238541153278	X290_Root_length_Day_2
0.06505667816658453	X291_Root_length_Day_3
0.062099556431739776	X292_Root_length_Day_4
0.0645638245441104	X293_Root_length_Day_5
0.08033514046328241	Average_root_width_avg
0.08033514046328241	Average_root_width_day001
0.08033514046328241	Average_root_width_day002
0.08033514046328241	Average_root_width_day003
0.08033514046328241	Average_root_width_day004
0.08033514046328241	Average_root_width_day005
0.08033514046328241	Euclidian_length_day001
0.08033514046328241	Euclidian_length_day002
0.08033514046328241	Euclidian_length_day003
0.08033514046328241	Euclidian_length_day004
0.08033514046328241	Euclidian_length_day005
0.08033514046328241	Relative_root_growth_rate_avg
0.07984228684080828	Relative_root_growth_rate_day001.day002
0.08033514046328241	Relative_root_growth_rate_day002.day003
0.08033514046328241	Relative_root_growth_rate_day003.day004
0.08033514046328241	Relative_root_growth_rate_day004.day005
0.08033514046328241	Root_angle_avg
0.08033514046328241	Root_angle_day001
0.08033514046328241	Root_angle_day002
0.08033514046328241	Root_angle_day003
0.08033514046328241	Root_angle_day004
0.08033514046328241	Root_angle_day005
0.08033514046328241	Root_directional_equivalent_avg
0.08033514046328241	Root_directional_equivalent_day001
0.08033514046328241	Root_directional_equivalent_day002
0.08033514046328241	Root_directional_equivalent_day003
0.08033514046328241	Root_directional_equivalent_day004
0.08033514046328241	Root_directional_equivalent_day005
0.08033514046328241	Root_growth_rate_avg
0.07984228684080828	Root_growth_rate_day001.day002
0.08033514046328241	Root_growth_rate_day002.day003
0.08033514046328241	Root_growth_rate_day003.day004
0.08033514046328241	Root_growth_rate_day004.day005
0.08033514046328241	Root_horizontal_index_avg
0.08033514046328241	Root_horizontal_index_day001
0.08033514046328241	Root_horizontal_index_day002
0.08033514046328241	Root_horizontal_index_day003
0.08033514046328241	Root_horizontal_index_day004
0.08033514046328241	Root_horizontal_index_day005
0.08033514046328241	Root_linearity_avg
0.08033514046328241	Root_linearity_day001
0.08033514046328241	Root_linearity_day002
0.08033514046328241	Root_linearity_day003
0.08033514046328241	Root_linearity_day004
0.08033514046328241	Root_linearity_day005
0.08033514046328241	Root_tortuosity_avg
0.08033514046328241	Root_tortuosity_day001
0.08033514046328241	Root_tortuosity_day002
0.08033514046328241	Root_tortuosity_day003
0.08033514046328241	Root_tortuosity_day004
0.08033514046328241	Root_tortuosity_day005
0.08033514046328241	Root_vertical_index_avg
0.08033514046328241	Root_vertical_index_day001
0.08033514046328241	Root_vertical_index_day002
0.08033514046328241	Root_vertical_index_day003
0.08033514046328241	Root_vertical_index_day004
0.08033514046328241	Root_vertical_index_day005
0.08033514046328241	Root_width_100_avg
0.08033514046328241	Root_width_100_day001
0.08033514046328241	Root_width_100_day002
0.08033514046328241	Root_width_100_day003
0.08033514046328241	Root_width_100_day004
0.08033514046328241	Root_width_100_day005
0.08033514046328241	Root_width_20_avg
0.08033514046328241	Root_width_20_day001
0.08033514046328241	Root_width_20_day002
0.08033514046328241	Root_width_20_day003
0.08033514046328241	Root_width_20_day004
0.08033514046328241	Root_width_20_day005
0.08033514046328241	Root_width_40_avg
0.08033514046328241	Root_width_40_day001
0.08033514046328241	Root_width_40_day002
0.08033514046328241	Root_width_40_day003
0.08033514046328241	Root_width_40_day004
0.08033514046328241	Root_width_40_day005
0.08033514046328241	Root_width_60_avg
0.08033514046328241	Root_width_60_day001
0.08033514046328241	Root_width_60_day002
0.08033514046328241	Root_width_60_day003
0.08033514046328241	Root_width_60_day004
0.08033514046328241	Root_width_60_day005
0.08033514046328241	Root_width_80_avg
0.08033514046328241	Root_width_80_day001
0.08033514046328241	Root_width_80_day002
0.08033514046328241	Root_width_80_day003
0.08033514046328241	Root_width_80_day004
0.08033514046328241	Root_width_80_day005
0.08033514046328241	Total_length_day001
0.08033514046328241	Total_length_day002
0.08033514046328241	Total_length_day003
0.08033514046328241	Total_length_day004
0.08033514046328241	Total_length_day005
0.17003449975357318	X286_Mo98
0.17003449975357318	X282_Zn66
0.04583538689009364	Xyloside_percentage
0.03400689995071464	PC1
0.03400689995071464	PC2
0.02661409561360276	LD12_peak
0.02661409561360276	LD12_period
0.02661409561360276	LD14_peak
0.02661409561360276	LD14_period
0.02661409561360276	LD16_peak
0.02661409561360276	LD16_period
0.02661409561360276	SD10_peak
0.02661409561360276	SD10_period
0.02661409561360276	SD8_peak
0.02661409561360276	SD8_period
0.001971414489896501	Agro_PPV_infection
0.06604238541153278	Mechnical_PPV_infection_Hampes_Rosettes
0.15426318383440119	ile_ileleuval
0.15377033021192707	ile_t
0.15377033021192707	ile
0.15426318383440119	leu_ileleuval
0.15377033021192707	leu_t
0.15377033021192707	leu
0.15426318383440119	val_ileleuval
0.15377033021192707	val_t
0.15377033021192707	val
0.15524889107934944	beta_carotene
0.08920650566781665	Seed_size
0.14440611138491868	Aphid_reproduction
0.1488417939871858	Thrips
0.1646131099063578	Botrytis_and_Pieris
0.1646131099063578	Drought_and_Pieris
0.1646131099063578	Drought
0.1646131099063578	P_rapae
0.15327747658945293	P_xyllostella
0.2523410547067521	FT_mhi
0.2528339083292262	FT_mhp
0.24001971414489898	FT_mli
0.1582060128141942	FT_mlp
0.2528339083292262	FT_thi
0.2523410547067521	FT_thp
0.24889107934943322	FT_tli
0.19024149827501233	FT_tlp
0.2523410547067521	rFitness_mhi
0.2523410547067521	rFitness_mhp
0.2523410547067521	rFitness_mli
0.2523410547067521	rFitness_mlp
0.2523410547067521	rFitness_thi
0.2523410547067521	rFitness_thp
0.2523410547067521	rFitness_tli
0.2523410547067521	rFitness_tlp
0.25184820108427797	rSeeds_mhi
0.2523410547067521	rSeeds_mhp
0.20847708230655496	rSeeds_mli
0.09364218827008379	rSeeds_mlp
0.2523410547067521	rSeeds_thi
0.25184820108427797	rSeeds_thp
0.24593395761458847	rSeeds_tli
0.2074913750616067	rSeeds_tlp
0.2523410547067521	rSurvival_fruit_mhi
0.2523410547067521	rSurvival_fruit_mhp
0.2523410547067521	rSurvival_fruit_mli
0.2523410547067521	rSurvival_fruit_mlp
0.2523410547067521	rSurvival_fruit_thi
0.2523410547067521	rSurvival_fruit_thp
0.2523410547067521	rSurvival_fruit_tli
0.2523410547067521	rSurvival_fruit_tlp
0.025628388368654508	Flavonol.glycoside01
0.025628388368654508	Flavonol.glycoside02
0.025628388368654508	GLS.1
0.025628388368654508	GLS.2
0.025628388368654508	I3M
0.025628388368654508	Is3A7R
0.025628388368654508	Is3G
0.025628388368654508	Is3G7R
0.025628388368654508	Is3R7R
0.025628388368654508	K3A7R
0.025628388368654508	K3G
0.025628388368654508	K3G7G
0.025628388368654508	K3G7R
0.025628388368654508	K3GG7R
0.025628388368654508	K3GH
0.025628388368654508	K3GR7R
0.025628388368654508	K3R
0.025628388368654508	K3R7R
0.025628388368654508	Polyamine01
0.025628388368654508	Polyamine02
0.025628388368654508	Polyamine03
0.025628388368654508	Polyamine04
0.025628388368654508	Polyamine05
0.025628388368654508	Polyamine06
0.025628388368654508	Polyamine07
0.025628388368654508	putative.HDX
0.025628388368654508	Q3A7R
0.025628388368654508	Q3G
0.025628388368654508	Q3G7G
0.025628388368654508	Q3G7R
0.025628388368654508	Q3GG7R
0.025628388368654508	Q3GH
0.025628388368654508	Q3GR7R
0.025628388368654508	Q3R
0.025628388368654508	Q3R7R
0.025628388368654508	saiginol.A
0.025628388368654508	saiginol.B
0.025628388368654508	saiginol.C
0.025628388368654508	saiginol.D
0.025628388368654508	saiginol.E
0.025628388368654508	saiginol.F
0.025628388368654508	saiginol.G
0.025628388368654508	saiginol.H
0.025628388368654508	saiginol.I
0.025628388368654508	saiginol.J
0.025628388368654508	saiginol.K
0.025628388368654508	saiginol.L
0.025628388368654508	saiginol.M
0.025628388368654508	saiginol.N
0.025628388368654508	saiginol.O
0.025628388368654508	saiginol.P
0.025628388368654508	saiginol.Q
0.025628388368654508	saiginol.R
0.025628388368654508	SinG1
0.025628388368654508	sinigrin
0.025628388368654508	SinM
0.025628388368654508	X1MOI3M
0.025628388368654508	X3MSOP
0.025628388368654508	X4MOI3M
0.025628388368654508	X4MSOB
0.025628388368654508	X4MTB
0.025628388368654508	X5MSOP
0.025628388368654508	X6MSOH
0.025628388368654508	X6MTH
0.025628388368654508	X7MSOH
0.025628388368654508	X7MTH
0.025628388368654508	X8MSOO
0.025628388368654508	X8MTO
0.029078363725973385	Fitness_Finland
0.07737801872843765	Fitness_Germany
0.07737801872843765	Fitness_Spain
0.07737801872843765	Fitness_UnitedKingdom
0.029078363725973385	Seeds_Finland
0.07737801872843765	Seeds_Germany
0.07737801872843765	Seeds_Spain
0.07737801872843765	Seeds_UnitedKingdom
0.029078363725973385	Survival_Finland
0.07737801872843765	Survival_Germany
0.07737801872843765	Survival_Spain
0.07737801872843765	Survival_UnitedKingdom
0.046328240512567766	HopAM1.cell_death
0.031049778215869888	HopAM1.rosette_chlorosisis
0.040413997042878264	Pollen_Tube_OG_S
0.0724494825036964	AZL
0.0724494825036964	BsZL
0.0724494825036964	BZL
0.0724494825036964	LRA
0.0724494825036964	LRD.BZ
0.0724494825036964	LRD.MR
0.0724494825036964	LRL_0_25
0.0724494825036964	LRL
0.0724494825036964	LRN
0.0724494825036964	LRS_0_25
0.0724494825036964	LRS
0.0724494825036964	MRA
0.0724494825036964	MRL
0.0724494825036964	MRV
0.0724494825036964	OAD
0.0724494825036964	TRS
0.0724494825036964	alpha_bacterial_richness_1_tn2_ranef
0.0724494825036964	alpha_fungal_richness_1_tn2_ranef
0.0724494825036964	alpha_slant_1_tn2_ranef_diff_exps
0.0724494825036964	alpha_total_1_tn2_ranef_glmer
0.0724494825036964	beta_root_1_combined_pca_tn2_bac_n100_glmer_fun_n100_glmerPC1
0.0724494825036964	beta_root_1_combined_pca_tn2_bac_n100_glmer_fun_n100_glmerPC2
0.0724494825036964	beta_root_1_combined_pca_tn2_bac_n100_glmer_fun_n100_glmerPC3
0.0724494825036964	beta_root_16S_1_raw_tn2_glmer_pca_n100_PC1
0.0724494825036964	beta_root_16S_1_raw_tn2_glmer_pca_n100_PC2
0.0724494825036964	beta_root_16S_1_raw_tn2_glmer_pca_n100_PC3
0.0724494825036964	beta_root_ITS_1_raw_tn2_glmer_pca_n100_PC1
0.0724494825036964	beta_root_ITS_1_raw_tn2_glmer_pca_n100_PC2
0.0724494825036964	beta_root_ITS_1_raw_tn2_glmer_pca_n100_PC3
0.12962050271069492	Relative_leaf_temperature
0.04583538689009364	LeafAreaMaturity_mild_drought
0.04583538689009364	LeafAreaMaturity_well_watered
0.04484967964514539	LeafAreaMaturityCell_mild_drought
0.045342533267619514	LeafAreaMaturityCell_well_watered
0.03548546081813701	LeafAreaProliferation_mild_drought
0.03449975357318876	LeafAreaProliferation_well_watered
0.04484967964514539	PavementCellArea_mild_drought
0.045342533267619514	PavementCellArea_well_watered
0.04484967964514539	PavementCellNumber_mild_drought
0.045342533267619514	PavementCellNumber_well_watered
0.04583538689009364	RosetteArea_mild_drought
0.04583538689009364	RosetteArea_well_watered
0.04484967964514539	StomatalIndex_mild_drought
0.045342533267619514	StomatalIndex_well_watered
0.04484967964514539	Emco5
0.03696402168555939	Emoy2
0.04287826515524889	Emwa1
0.04189255791030064	Hiks1
0.04337111877772302	Noco2
0.16116313454903894	aphids_making_long_probes
0.16362740266140957	time_aphids_spent
0.03696402168555939	Normalized_disease_index
0.15672745194677182	A0_Expo2
0.15722030556924593	FW_rosette
0.15722030556924593	PLA11
0.15722030556924593	PLA14
0.15722030556924593	PLA16
0.15722030556924593	PLA18
0.15722030556924593	PLA20
0.15722030556924593	PLA22
0.15722030556924593	PLA24
0.15722030556924593	PLA25
0.15722030556924593	PLA26
0.15722030556924593	PLA27
0.15672745194677182	PLA28
0.15672745194677182	PLA8
0.15672745194677182	r_Expo2
0.15722030556924593	WC
0.1355347461803844	control_aantalSkld5m10t20_c
0.1355347461803844	control_avgSL0t10_c
0.13454903893543618	control_avgSL10t20_c
0.12272055199605716	control_avgSL20t30_c
0.1355347461803844	control_avgSLm10t0_c
0.12272055199605716	control_avgSLm10t20
0.1350418925579103	treatment_aantalSkld5m10t20_t
0.1350418925579103	treatment_avgSL0t10_t
0.1350418925579103	treatment_avgSL10t20_t
0.13208477082306555	treatment_avgSL20t30_t
0.1350418925579103	treatment_avgSLm10t0_t
0.10793494332183341	treatment_avgSLm10t20
0.16954164613109907	Redness_control
0.16954164613109907	Redness_PEG
0.16067028092656482	AA_1
0.1720059142434697	AA_2
0.16067028092656482	AGP_1
0.16954164613109907	AGP_2
0.1586988664366683	aINV_1
0.16954164613109907	aINV_2
0.16067028092656482	ChlA_1
0.1720059142434697	ChlA_2
0.16067028092656482	ChlB_1
0.1720059142434697	ChlB_2
0.16067028092656482	cPGI_1
0.17052735337604732	cPGI_2
0.15968457368161657	FBP_1
0.14194184327254805	FBP_2
0.16067028092656482	FK_1
0.1582060128141942	FK_2
0.16067028092656482	Fru_1
0.1720059142434697	Fru_2
0.16067028092656482	Fum_1
0.1720059142434697	Fum_2
0.16017742730409068	FUMARASE_1
0.16362740266140957	FUMARASE_2
0.16165598817151305	FW_1
0.16067028092656482	G6P_1
0.1720059142434697	G6P_2
0.16067028092656482	G6PDH_1
0.12419911286347955	G6PDH_2
0.17052735337604732	GDH_2
0.1582060128141942	GK_1
0.1680630852636767	GK_2
0.16067028092656482	Glc_1
0.1720059142434697	Glc_2
0.15968457368161657	iRub_1
0.1720059142434697	iRub_2
0.16067028092656482	Mal_1
0.1720059142434697	Mal_2
0.17052735337604732	MDH_2
0.16067028092656482	mRub_1
0.1720059142434697	mRub_2
0.16017742730409068	nINV_1
0.13947757516017742	nINV_2
0.16067028092656482	NO3_1
0.1720059142434697	NO3_2
0.16067028092656482	NRVm_1
0.16954164613109907	NRVm_2
0.16067028092656482	NRVs_1
0.16954164613109907	NRVs_2
0.16954164613109907	PEPC_2
0.16067028092656482	PGM_1
0.16954164613109907	PGM_2
0.1582060128141942	pPGI_1
0.17052735337604732	pPGI_2
0.16067028092656482	Prot_1
0.1720059142434697	Prot_2
0.17052735337604732	SKDH_2
0.1074420896993593	SPS_1
0.17052735337604732	SPS_2
0.16067028092656482	starch_1
0.1720059142434697	starch_2
0.16067028092656482	Suc_1
0.1720059142434697	Suc_2
0.16954164613109907	TK_2
0.16067028092656482	tPGI_1
0.17052735337604732	tPGI_2
0.16954164613109907	TPI_2
0.16067028092656482	UGP_1
0.16954164613109907	UGP_2
0.16609167077378018	FT.1
0.16559881715130606	LL
0.16559881715130606	MSB
0.16510596352883194	PH1S
0.16559881715130606	PL_div_LL
0.16559881715130606	PL
0.1646131099063578	RB
0.16559881715130606	RGRav
0.16609167077378018	RGRbv
0.1641202562838837	TPH
0.12764908822079843	days_after_dark_treatment_2
0.12764908822079843	days_after_dark_treatment_3
0.12764908822079843	days_after_dark_treatment_4
0.12764908822079843	days_after_dark_treatment_5
0.12764908822079843	days_after_dark_treatment_6
0.12764908822079843	days_after_dark_treatment_7
0.04435682602267127	Alllyl_2008
0.04435682602267127	But_3_enyl_2008
0.04435682602267127	Indol_3_ylmethyl_2008
0.04435682602267127	N_methoxy_indol_3_ylmethyl_2008
0.04435682602267127	Pent_4_enyl_2008
0.04435682602267127	Ratio_of_C3_methylthio_to_total_C3_2008
0.04435682602267127	Ratio_of_C3_to_SC_Aliphatic_2008
0.04435682602267127	Ratio_of_C4_methylthio_to_total_C4_2008
0.04435682602267127	Ratio_of_C7_methylthio_to_total_C7_2008
0.04435682602267127	Ratio_of_C7_to_LC_Aliphatic_2008
0.04435682602267127	Ratio_of_C8_methylthio_to_total_C8_2008
0.04435682602267127	Ratio_of_NMOI3M_to_TIND_2008
0.04435682602267127	Ratio_of_TOH4_to_TIND_2008
0.04435682602267127	Total_Alkenyl_Aliphatic_2008
0.04435682602267127	Total_C3_Aliphatic_2008
0.04435682602267127	Total_C3_and_C4_Aliphatic_2008
0.04435682602267127	Total_C4_Aliphatic_2008
0.04435682602267127	Total_C5_Aliphatic_2008
0.04435682602267127	Total_C7_Aliphatic_2008
0.04435682602267127	Total_C7_and_C8_Aliphatic_2008
0.04435682602267127	Total_C8_Aliphatic_2008
0.04435682602267127	Total_Hydroxyalkenyl_Aliphatic_2008
0.04435682602267127	Total_Hydroxyalkyl_Aliphatic_2008
0.04435682602267127	Total_Indolic_Glucosinolate_2008
0.04435682602267127	Total_Indolic_Glucosinolate_with_4_hydroxylation_2008
0.04435682602267127	Total_Methylsulfinyl_Aliphatic_2008
0.04435682602267127	Unknown_Alkenyl_2008
0.04435682602267127	X_R_2_hydroxy_but_3_enyl_2008
0.04435682602267127	X_S_2_hydroxy_but_3_enyl_2008
0.04435682602267127	X3_hydroxypropyl_2008
0.04435682602267127	X3_methylsulfinylpropyl_2008
0.04435682602267127	X3_methylthiopropyl_2008
0.04435682602267127	X4_hydroxy_indol_3_ylmethyl_2008
0.04435682602267127	X4_methoxy_indol_3_ylmethyl_2008
0.04435682602267127	X4_methylsulfinylbutyl_2008
0.04435682602267127	X4_methylthiobutyl_2008
0.04435682602267127	X5_methylsulfinylpentyl_2008
0.04435682602267127	X7_methylsulfinylheptyl_2008
0.04435682602267127	X7_methylthioheptyl_2008
0.04435682602267127	X8_methylsulfinyloctyl_2008
0.04435682602267127	X8_methylthiooctyl_2008
0.04484967964514539	AgNO3_Camalexin_1
0.04484967964514539	AgNO3_Camalexin
0.04435682602267127	Alllyl_1
0.045342533267619514	Alllyl
0.045342533267619514	Benzyl
0.04435682602267127	But_3_enyl_1
0.045342533267619514	But_3_enyl
0.045342533267619514	Control_Camalexin_1
0.045342533267619514	Control_Camalexin
0.04484967964514539	Fresh_Weight
0.04435682602267127	Indol_3_ylmethyl
0.04484967964514539	Leaf_Area
0.04435682602267127	N_methoxy_indol_3_ylmethyl
0.04435682602267127	Pent_4_enyl
0.04435682602267127	R_2_hydroxy_but_3_enyl_1
0.045342533267619514	R_2_hydroxy_but_3_enyl
0.04435682602267127	S_2_hydroxy_but_3_enyl_1
0.045342533267619514	S_2_hydroxy_but_3_enyl
0.04337111877772302	Unknown_Alkenyl_1
0.045342533267619514	Unknown_Alkenyl
0.045342533267619514	Unknown_Glucosinolate_Like_1
0.045342533267619514	Unknown_Glucosinolate_Like_2
0.045342533267619514	X3_benzoyloxypropyl
0.04435682602267127	X3_hydroxypropyl_1
0.045342533267619514	X3_hydroxypropyl
0.04435682602267127	X3_methylsulfinylpropyl_1
0.045342533267619514	X3_methylsulfinylpropyl
0.04435682602267127	X3_methylthiopropyl_1
0.045342533267619514	X3_methylthiopropyl
0.045342533267619514	X4_benzoyloxybutyl_plus_2_benzoyloxy_but_3_enyl
0.04435682602267127	X4_hydroxy_indol_3_ylmethyl
0.045342533267619514	X4_hydroxybutyl
0.04435682602267127	X4_methoxy_indol_3_ylmethyl
0.04435682602267127	X4_methylsulfinylbutyl_1
0.045342533267619514	X4_methylsulfinylbutyl
0.04435682602267127	X4_methylthiobutyl
0.04435682602267127	X5_methylsulfinylpentyl_1
0.045342533267619514	X5_methylsulfinylpentyl
0.045342533267619514	X5_methylthiolpentyl
0.045342533267619514	X7_methylsulfinylheptyl
0.04435682602267127	X7_methylthioheptyl
0.04435682602267127	X8_methylsulfinyloctyl
0.04435682602267127	X8_methylthiooctyl
0.045342533267619514	aconitic_acid_exp2
0.045342533267619514	adipic_acid_exp2
0.045342533267619514	alanine_exp1
0.045342533267619514	alanine_exp2
0.045342533267619514	alpha_ketoglutaric_acid_exp2
0.045342533267619514	arabinose_exp1
0.045342533267619514	arabinose_exp2
0.045342533267619514	arachidic_acid_exp1
0.045342533267619514	arachidic_acid_exp2
0.045342533267619514	ascorbic_acid_exp2
0.045342533267619514	asparagine_exp1
0.045342533267619514	asparagine_exp2
0.045342533267619514	aspartic_acid_exp1
0.045342533267619514	aspartic_acid_exp2
0.045342533267619514	behenic_acid_exp1
0.045342533267619514	benzoic_acid_exp1
0.045342533267619514	benzoic_acid_exp2
0.045342533267619514	beta_alanine_exp1
0.045342533267619514	beta_alanine_exp2
0.045342533267619514	beta_sitosterol_exp1
0.045342533267619514	beta_sitosterol_exp2
0.045342533267619514	caffeic_acid_exp2
0.045342533267619514	capric_acid_exp1
0.045342533267619514	capric_acid_exp2
0.045342533267619514	cellobiose_exp2
0.045342533267619514	cellobiotol_exp1
0.045342533267619514	cellobiotol_exp2
0.045342533267619514	cerotic_acid_exp1
0.045342533267619514	cholesterol_exp1
0.045342533267619514	cholesterol_exp2
0.045342533267619514	cis_sinapinic_acid_exp1
0.045342533267619514	cis_sinapinic_acid_exp2
0.045342533267619514	citramalate_exp2
0.045342533267619514	citric_acid_exp1
0.045342533267619514	citric_acid_exp2
0.045342533267619514	citrulline_exp1
0.045342533267619514	coniferin__ref_Tree_Physiol__exp1
0.045342533267619514	coniferin__ref_Tree_Physiol__exp2
0.045342533267619514	dehydroascorbate_1_exp1
0.045342533267619514	dehydroascorbate_1_exp2
0.045342533267619514	epsilon_caprolactam_2_exp2
0.045342533267619514	erythritol_exp1
0.045342533267619514	erythronic_acid_exp2
0.045342533267619514	erythronic_acid_lactone_exp1
0.045342533267619514	erythronic_acid_lactone_exp2
0.045342533267619514	ethanolamine_exp1
0.045342533267619514	ethanolamine_exp2
0.045342533267619514	fructose_1_exp2
0.045342533267619514	fucose_1___rhamnose_2_exp1
0.045342533267619514	fucose_1___rhamnose_2_exp2
0.045342533267619514	fumaric_acid_exp2
0.045342533267619514	GABA_exp1
0.045342533267619514	GABA_exp2
0.045342533267619514	galactinol_major_2_exp1
0.045342533267619514	galactinol_major_2_exp2
0.045342533267619514	galactose_exp1
0.045342533267619514	galactose_exp2
0.045342533267619514	glucose_1_phosphate_exp1
0.045342533267619514	glucose_1_phosphate_exp2
0.045342533267619514	glucose_2_exp1
0.045342533267619514	glucose_2_exp2
0.045342533267619514	glucuronic_acid_exp2
0.045342533267619514	glutamic_acid_exp1
0.045342533267619514	glutamic_acid_exp2
0.045342533267619514	glutamine_exp2
0.045342533267619514	glyceric_acid_exp1
0.045342533267619514	glyceric_acid_exp2
0.045342533267619514	glycerol_alpha_phosphate_exp2
0.045342533267619514	glycerol_exp2
0.045342533267619514	glycine_exp1
0.045342533267619514	glycine_exp2
0.045342533267619514	glycolic_acid_exp1
0.045342533267619514	heptadecanoic_acid_exp1
0.045342533267619514	hexonic_acid_exp2
0.045342533267619514	hydroxylamine_exp1
0.045342533267619514	hydroxylamine_exp2
0.045342533267619514	inositol_myo__exp2
0.045342533267619514	inulobiose_2_exp2
0.045342533267619514	isoleucine_exp1
0.045342533267619514	isoleucine_exp2
0.045342533267619514	lactic_acid_exp1
0.045342533267619514	lactic_acid_exp2
0.045342533267619514	lactobionic_acid_exp1
0.045342533267619514	lactobionic_acid_exp2
0.045342533267619514	lauric_acid_exp1
0.045342533267619514	leucine_1_exp2
0.045342533267619514	leucine_exp1
0.045342533267619514	leucine_exp2
0.045342533267619514	leucrose_exp1
0.045342533267619514	leucrose_exp2
0.045342533267619514	levoglucosan_exp1
0.045342533267619514	lignoceric_acid_exp1
0.045342533267619514	lignoceric_acid_exp2
0.045342533267619514	lyxitol_exp1
0.045342533267619514	malate_exp1
0.045342533267619514	malate_exp2
0.045342533267619514	maleic_acid_exp1
0.045342533267619514	maleic_acid_exp2
0.045342533267619514	maltose_1_exp1
0.045342533267619514	maltose_1_exp2
0.045342533267619514	mannitol_exp1
0.045342533267619514	mannitol_exp2
0.045342533267619514	monopalmitin_1_glyceride_exp1
0.045342533267619514	monopalmitin_1_glyceride_exp2
0.045342533267619514	myristic_acid_exp1
0.045342533267619514	myristic_acid_exp2
0.045342533267619514	N_acetyl_D_hexosamine_exp2
0.045342533267619514	N_acetyl_D_mannosamine_exp2
0.045342533267619514	oleic_acid_exp1
0.045342533267619514	oleic_acid_exp2
0.045342533267619514	ornithine_4TMS_exp2
0.045342533267619514	oxoproline_1_exp2
0.045342533267619514	oxoproline_exp1
0.045342533267619514	oxoproline_exp2
0.045342533267619514	palatinose_exp2
0.045342533267619514	palmitic_acid_exp2
0.045342533267619514	pelargonic_acid_exp1
0.045342533267619514	pelargonic_acid_exp2
0.045342533267619514	pentadecanoic_acid_exp1
0.045342533267619514	phenylalanine_exp2
0.045342533267619514	phosphoric_acid_exp1
0.045342533267619514	phosphoric_acid_exp2
0.045342533267619514	phytol_exp1
0.045342533267619514	phytol_exp2
0.045342533267619514	pipecolic_acid_exp2
0.045342533267619514	proline_exp1
0.045342533267619514	proline_exp2
0.045342533267619514	putrescine_exp1
0.045342533267619514	putrescine_exp2
0.045342533267619514	pyrrole_2_carboxylic_acid_exp1
0.045342533267619514	rhamnose_1_exp1
0.045342533267619514	rhamnose_1_exp2
0.045342533267619514	ribitol_1_exp2
0.045342533267619514	ribitol_exp2
0.045342533267619514	ribose_exp1
0.045342533267619514	ribose_exp2
0.045342533267619514	serine_1_exp1
0.045342533267619514	serine_1_exp2
0.045342533267619514	serine_exp1
0.045342533267619514	serine_exp2
0.045342533267619514	shikimic_acid_exp2
0.045342533267619514	stearic_acid_exp1
0.045342533267619514	succinic_acid_exp1
0.045342533267619514	succinic_acid_exp2
0.045342533267619514	talose_exp1
0.045342533267619514	talose_exp2
0.045342533267619514	threitol_exp1
0.045342533267619514	threitol_exp2
0.045342533267619514	threonic_acid_exp1
0.045342533267619514	threonic_acid_exp2
0.045342533267619514	threonine_exp1
0.045342533267619514	threonine_exp2
0.045342533267619514	tocopherol_exp2
0.045342533267619514	trans_sinapinic_acid_exp1
0.045342533267619514	trans_sinapinic_acid_exp2
0.045342533267619514	trehalose_exp2
0.045342533267619514	tyrosine_exp1
0.045342533267619514	tyrosine_exp2
0.045342533267619514	urea_exp1
0.045342533267619514	urea_exp2
0.045342533267619514	valine_exp1
0.045342533267619514	valine_exp2
0.045342533267619514	X1_2_4_benzenetriol_exp1
0.045342533267619514	X1_2_4_benzenetriol_exp2
0.045342533267619514	X1_hexadecanol_exp1
0.045342533267619514	X1_monostearin_exp2
0.045342533267619514	X2_palmitoleic_acid_exp1
0.045342533267619514	X2_palmitoleic_acid_exp2
0.045342533267619514	X4_hydroxybenzoate_exp2
0.045342533267619514	X4_hydroxyproline_exp1
0.045342533267619514	X4_hydroxyproline_exp2
0.045342533267619514	X5_aminovaleric_acid_exp1
0.045342533267619514	xylonic_acid_exp2
0.045342533267619514	xylose_1_exp1
0.045342533267619514	xylose_1_exp2
0.045342533267619514	Lesion_0_m_cx_Apple517
0.045342533267619514	Lesion_0_m_cy_Apple517
0.045342533267619514	Lesion_0_m_eccentricity_Apple517
0.045342533267619514	Lesion_0_m_eccentricity_B05_10
0.045342533267619514	Lesion_0_m_eccentricity_Ctrl
0.045342533267619514	Lesion_0_m_eccentricity_Supersteak
0.045342533267619514	Lesion_0_m_eccentricity_UKRazz
0.045342533267619514	Lesion_0_m_theta_Apple517
0.045342533267619514	Lesion_0_m_theta_B05_10
0.045342533267619514	Lesion_0_m_theta_Ctrl
0.045342533267619514	Lesion_0_m_theta_Supersteak
0.045342533267619514	Lesion_0_m_theta_UKRazz
0.045342533267619514	Lesion_Bblu_m_eccentricity_Apple517
0.045342533267619514	Lesion_Bblu_m_eccentricity_B05_10
0.045342533267619514	Lesion_Bblu_m_eccentricity_Ctrl
0.045342533267619514	Lesion_Bblu_m_eccentricity_Supersteak
0.045342533267619514	Lesion_Bblu_m_eccentricity_UKRazz
0.045342533267619514	Lesion_Bblu_m_majoraxis_Ctrl
0.045342533267619514	Lesion_Bblu_m_theta_B05_10
0.045342533267619514	Lesion_Bblu_m_theta_Ctrl
0.045342533267619514	Lesion_Bblu_m_theta_Supersteak
0.045342533267619514	Lesion_Bblu_m_theta_UKRazz
0.045342533267619514	Lesion_Bgrn_m_eccentricity_Ctrl
0.045342533267619514	Lesion_Bgrn_m_theta_B05_10
0.045342533267619514	Lesion_Bgrn_m_theta_Ctrl
0.045342533267619514	Lesion_Bgrn_m_theta_UKRazz
0.045342533267619514	Lesion_Bgrnblu_m_eccentricity_Ctrl
0.045342533267619514	Lesion_Bgrnblu_m_eccentricity_UKRazz
0.045342533267619514	Lesion_Bgrnblu_m_majoraxis_Apple517
0.045342533267619514	Lesion_Bgrnblu_m_majoraxis_B05_10
0.045342533267619514	Lesion_Bgrnblu_m_majoraxis_Ctrl
0.045342533267619514	Lesion_Bgrnblu_m_majoraxis_Supersteak
0.045342533267619514	Lesion_Bgrnblu_m_majoraxis_UKRazz
0.045342533267619514	Lesion_Bgrnblu_m_theta_Ctrl
0.045342533267619514	Lesion_Bgrnblu_m_theta_UKRazz
0.045342533267619514	Lesion_blu_m_eccentricity_Ctrl
0.045342533267619514	Lesion_blu_m_majoraxis_Ctrl
0.045342533267619514	Lesion_blu_m_theta_Apple517
0.045342533267619514	Lesion_blu_m_theta_B05_10
0.045342533267619514	Lesion_blu_m_theta_Ctrl
0.045342533267619514	Lesion_blu_m_theta_Supersteak
0.045342533267619514	Lesion_blu_m_theta_UKRazz
0.045342533267619514	Lesion_Bred_m_eccentricity_Ctrl
0.045342533267619514	Lesion_Bred_m_majoraxis_Ctrl
0.045342533267619514	Lesion_Bred_m_theta_Ctrl
0.045342533267619514	Lesion_Bred_m_theta_Supersteak
0.045342533267619514	Lesion_Bredblu_m_eccentricity_Apple517
0.045342533267619514	Lesion_Bredblu_m_eccentricity_B05_10
0.045342533267619514	Lesion_Bredblu_m_eccentricity_Ctrl
0.045342533267619514	Lesion_Bredblu_m_eccentricity_Supersteak
0.045342533267619514	Lesion_Bredblu_m_eccentricity_UKRazz
0.045342533267619514	Lesion_Bredblu_m_majoraxis_Apple517
0.045342533267619514	Lesion_Bredblu_m_majoraxis_B05_10
0.045342533267619514	Lesion_Bredblu_m_majoraxis_Ctrl
0.045342533267619514	Lesion_Bredblu_m_majoraxis_Supersteak
0.045342533267619514	Lesion_Bredblu_m_majoraxis_UKRazz
0.045342533267619514	Lesion_Bredblu_m_theta_Apple517
0.045342533267619514	Lesion_Bredblu_m_theta_B05_10
0.045342533267619514	Lesion_Bredblu_m_theta_Ctrl
0.045342533267619514	Lesion_Bredblu_m_theta_Supersteak
0.045342533267619514	Lesion_Bredblu_m_theta_UKRazz
0.045342533267619514	Lesion_Bredgrn_m_eccentricity_Apple517
0.045342533267619514	Lesion_Bredgrn_m_eccentricity_B05_10
0.045342533267619514	Lesion_Bredgrn_m_eccentricity_Ctrl
0.045342533267619514	Lesion_Bredgrn_m_eccentricity_Supersteak
0.045342533267619514	Lesion_Bredgrn_m_eccentricity_UKRazz
0.045342533267619514	Lesion_Bredgrn_m_majoraxis_B05_10
0.045342533267619514	Lesion_Bredgrn_m_majoraxis_Ctrl
0.045342533267619514	Lesion_Bredgrn_m_majoraxis_Supersteak
0.045342533267619514	Lesion_Bredgrn_m_majoraxis_UKRazz
0.045342533267619514	Lesion_Bredgrn_m_theta_Apple517
0.045342533267619514	Lesion_Bredgrn_m_theta_B05_10
0.045342533267619514	Lesion_Bredgrn_m_theta_Ctrl
0.045342533267619514	Lesion_Bredgrn_m_theta_Supersteak
0.045342533267619514	Lesion_Bredgrn_m_theta_UKRazz
0.045342533267619514	Lesion_Grn_Apple517
0.045342533267619514	Lesion_Grn_B05_10
0.045342533267619514	Lesion_Grn_Ctrl
0.045342533267619514	Lesion_Grn_Supersteak
0.045342533267619514	Lesion_Grn_UKRazz
0.045342533267619514	Lesion_grnblu_m_eccentricity_Ctrl
0.045342533267619514	Lesion_grnblu_m_majoraxis_Apple517
0.045342533267619514	Lesion_grnblu_m_majoraxis_B05_10
0.045342533267619514	Lesion_grnblu_m_majoraxis_Ctrl
0.045342533267619514	Lesion_grnblu_m_majoraxis_Supersteak
0.045342533267619514	Lesion_grnblu_m_majoraxis_UKRazz
0.045342533267619514	Lesion_grnblu_m_theta_Ctrl
0.045342533267619514	Lesion_Prop_Apple517
0.045342533267619514	Lesion_Prop_UKRazz
0.045342533267619514	Lesion_redblu_m_eccentricity_Apple517
0.045342533267619514	Lesion_redblu_m_eccentricity_B05_10
0.045342533267619514	Lesion_redblu_m_eccentricity_Ctrl
0.045342533267619514	Lesion_redblu_m_eccentricity_Supersteak
0.045342533267619514	Lesion_redblu_m_eccentricity_UKRazz
0.045342533267619514	Lesion_redblu_m_majoraxis_Apple517
0.045342533267619514	Lesion_redblu_m_majoraxis_B05_10
0.045342533267619514	Lesion_redblu_m_majoraxis_Ctrl
0.045342533267619514	Lesion_redblu_m_majoraxis_Supersteak
0.045342533267619514	Lesion_redblu_m_majoraxis_UKRazz
0.045342533267619514	Lesion_redblu_m_theta_Apple517
0.045342533267619514	Lesion_redblu_m_theta_B05_10
0.045342533267619514	Lesion_redblu_m_theta_Ctrl
0.045342533267619514	Lesion_redblu_m_theta_Supersteak
0.045342533267619514	Lesion_redblu_m_theta_UKRazz
0.045342533267619514	Lesion_redgrn_m_eccentricity_B05_10
0.045342533267619514	Lesion_redgrn_m_eccentricity_Ctrl
0.045342533267619514	Lesion_redgrn_m_eccentricity_UKRazz
0.045342533267619514	Lesion_redgrn_m_majoraxis_Ctrl
0.045342533267619514	Lesion_redgrn_m_theta_Ctrl
0.045342533267619514	Lesion_redgrn_m_theta_Supersteak
0.045342533267619514	Lesion_redgrn_m_theta_UKRazz
0.045342533267619514	Lesion_Size_Apple517
0.045342533267619514	Lesion_Size_B05_10
0.045342533267619514	Lesion_Size_Ctrl
0.045342533267619514	Lesion_Size_Supersteak
0.045342533267619514	Lesion_Size_UKRazz
0.045342533267619514	Lesion_Ylw_B05_10
0.045342533267619514	Lesion_Ylw_Ctrl
0.045342533267619514	Lesion_Ylw_Supersteak
0.045342533267619514	Remaining_Leaf_Apple517
0.045342533267619514	Ylw_Lesion_Proportion_Apple517
0.045342533267619514	Ylw_Lesion_Proportion_Ctrl
0.045342533267619514	Ylw_Lesion_Proportion_Supersteak
0.045342533267619514	Allyl_MS_and_allyl
0.045342533267619514	Allyl_MS
0.045342533267619514	I3M_MS_and_allyl
0.045342533267619514	I3M_MS
0.045342533267619514	Long_chain_GLS_MS_and_allyl
0.045342533267619514	Long_chain_GLS_MS
0.045342533267619514	NMOI3M_MS_and_allyl
0.045342533267619514	NMOI3M_MS
0.045342533267619514	Short_chain_GLS_MS_and_allyl
0.045342533267619514	Short_chain_GLS_MS
0.045342533267619514	total_Aliphatics_MS_and_allyl
0.045342533267619514	total_Aliphatics_MS
0.045342533267619514	total_alkyl_MS_and_allyl
0.045342533267619514	total_alkyl_MS
0.045342533267619514	total_C3_GLS_MS_and_allyl
0.045342533267619514	total_C3_GLS_MS
0.045342533267619514	total_C4_GLS_MS_and_allyl
0.045342533267619514	total_C4_GLS_MS
0.045342533267619514	total_C7_GLS_MS_and_allyl
0.045342533267619514	total_C7_GLS_MS
0.045342533267619514	Total_C8_GLS_MS_and_allyl
0.045342533267619514	Total_C8_GLS_MS
0.045342533267619514	total_GLS_MS_and_allyl
0.045342533267619514	total_GLS_MS
0.045342533267619514	total_Indolics_MS_and_allyl
0.045342533267619514	total_Indolics_MS
0.045342533267619514	total_methylsulphinyl_MS_and_allyl
0.045342533267619514	total_methylsulphinyl_MS
0.045342533267619514	Weight_MS_and_allyl
0.045342533267619514	Weight_MS
0.045342533267619514	X2OH_Butenyl_MS_and_allyl
0.045342533267619514	X2OH_Butenyl_MS
0.045342533267619514	X3_butenyl_MS_and_allyl
0.045342533267619514	X3_butenyl_MS
0.045342533267619514	X3MSP_MS_and_allyl
0.045342533267619514	X3MSP_MS
0.045342533267619514	X3MTP_MS_and_allyl
0.045342533267619514	X3MTP_MS
0.045342533267619514	X3OHP_MS_and_allyl
0.045342533267619514	X3OHP_MS
0.045342533267619514	X4MOI3M_MS_and_allyl
0.045342533267619514	X4MOI3M_MS
0.045342533267619514	X4MSB_MS_and_allyl
0.045342533267619514	X4MSB_MS
0.045342533267619514	X4MTB_MS_and_allyl
0.045342533267619514	X4MTB_MS
0.045342533267619514	X4OHB_MS_and_allyl
0.045342533267619514	X4OHB_MS
0.045342533267619514	X5MSP_MS_and_allyl
0.045342533267619514	X5MSP_MS
0.045342533267619514	X7MSH_MS_and_allyl
0.045342533267619514	X7MSH_MS
0.045342533267619514	X7MTH_MS_and_allyl
0.045342533267619514	X7MTH_MS
0.045342533267619514	X8MSO_MS_and_allyl
0.045342533267619514	X8MSO_MS
0.045342533267619514	X8MTO_MS_and_allyl
0.045342533267619514	X8MTO_MS
0.036471168063085264	ozone_sensetivity
0.04780680137999014	Relative_NIP1_expression
0.06505667816658453	Relative_root_length
0.045342533267619514	Average_leaf_surface_area_eaten_cm2
0.045342533267619514	Average_weight_gain_by_larvae_mg
0.06554953178905865	Proline_mmol_g
0.032528339083292265	As_V_tolerance
0.1996057171020207	X144_M216T665
0.1996057171020207	X145_M130T666
0.1996057171020207	X146_M172T666
0.19270576638738296	BC160
0.19270576638738296	BC180
0.19270576638738296	BC181
0.19270576638738296	BC182
0.19270576638738296	BC183
0.19270576638738296	BC200
0.19270576638738296	BC201
0.19270576638738296	BC202
0.19270576638738296	BC221
0.19270576638738296	BCpl
0.19270576638738296	BCpufa
0.19270576638738296	BCsat
0.19270576638738296	BCvlcfa
0.19270576638738296	MPboxcox
0.046821094135041895	k_light_0_nutrient_0
0.04780680137999014	k_light_0_nutrient_1
0.04780680137999014	k_light_1_nutrient_0
0.04780680137999014	k_light_1_nutrient_1
0.046821094135041895	tmax_light_0_nutrient_0
0.04780680137999014	tmax_light_0_nutrient_1
0.04780680137999014	tmax_light_1_nutrient_0
0.04780680137999014	tmax_light_1_nutrient_1
0.03449975357318876	Fe_minus
0.037456875308033516	Fe_plus
0.032035485460818136	Fe_response
0.03499260719566289	Mn_minus
0.03696402168555939	Mn_plus
0.031542631838344014	Mn_response
0.03449975357318876	Zn_minus
0.037456875308033516	Zn_plus
0.031542631838344014	Zn_response
0.06850665352390341	density_deficiency
0.06850665352390341	denstiy_control
0.06850665352390341	length_control
0.06850665352390341	length_deficiency
0.08674223755544604	high_RFR
0.08674223755544604	low_RFR_response
0.08674223755544604	low_RFR
0.08674223755544604	resid
0.08674223755544604	slope
0.019221291276490884	AA_NH4_fed
0.019221291276490884	AA_NO3_fed
0.019221291276490884	GDH_animating_NH4_fed
0.019221291276490884	GDH_animating_NO3_fed
0.019221291276490884	GDH_deaminating_NH4_fed
0.019221291276490884	GDH_deaminating_NO3_fed
0.019221291276490884	GS_activity_NH4_fed
0.019221291276490884	GS_activity_NO3_fed
0.019221291276490884	NH4_content_NH4_fed
0.019221291276490884	NH4_content_NO3_fed
0.019221291276490884	NR_activity_NH4_fed
0.019221291276490884	NR_activity_NO3_fed
0.08329226219812716	root_hydraulic_conductivity
0.12863479546574666	Delta_13C
0.1626416954164613	leafsize
0.1626416954164613	stomata_density
0.1626416954164613	stomatasize
0.019714144898965006	Cotyledon_area
0.019714144898965006	First_leaf_area
0.019714144898965006	LA_vs_CA
0.027106949236076885	Pavement_cell_density_in_cotyledon
0.027106949236076885	Pavement_cell_density_in_first_leaf
0.027106949236076885	PDL_vs_PDC
0.027106949236076885	SDL_vs_SDC
0.027106949236076885	SIL_vs_SIC
0.027106949236076885	Stomatal_density_in_cotyledon
0.027106949236076885	Stomatal_density_in_first_leaf
0.027106949236076885	Stomatal_index_in_cotyledon
0.027106949236076885	Stomatal_index_in_first_leaf
0.041399704287826515	avrB
0.04337111877772302	avrPph3
0.040413997042878264	avrRpm1
0.04287826515524889	avrRpt2
0.045342533267619514	FT.2
0.08871365204534254	X1_FT_Diameter_Field
0.08624938393297191	X10_Bs
0.0586495810744209	X100_4W
0.04583538689009364	X101_Li7
0.09512074913750616	X102_FT22
0.08624938393297191	X103_As2
0.07836372597338591	X104_SDV
0.04583538689009364	X105_Mg25
0.04583538689009364	X106_Secondary_Dormancy
0.08624938393297191	X107_As
0.07491375061606703	X11_2W
0.08674223755544604	X12_Rosette_Erect_22
0.04583538689009364	X13_Cd114
0.08624938393297191	X14_Width_16
0.05421389847215377	X15_Storage_28_days
0.046821094135041895	X16_LY
0.041399704287826515	X17_avrRpm1
0.08674223755544604	X18_Width_10
0.08674223755544604	X19_Chlorosis_22
0.08624938393297191	X2_At2_CFU2
0.05421389847215377	X20_Storage_7_days
0.08624938393297191	X21_As2_CFU2
0.04583538689009364	X22_Co59
0.046821094135041895	X23_FW
0.04583538689009364	X24_Cu65
0.046821094135041895	X25_Bacterial_titer
0.08624938393297191	X26_Width_22
0.05421389847215377	X27_Storage_56_days
0.046821094135041895	X28_YEL
0.0823065549531789	X29_FLC
0.08674223755544604	X3_Leaf_serr_16
0.09512074913750616	X30_FT16
0.09561360275998028	X31_FT10
0.0724494825036964	X32_FT_Duration_GH
0.04583538689009364	X33_Se82
0.08279940857565303	X34_LDV
0.04287826515524889	X35_Noco2
0.08033514046328241	X36_8W_GH_LN
0.06752094627895515	X37_0W
0.0724494825036964	X38_MT_GH
0.05421389847215377	X39_After_Vern_Growth
0.05421389847215377	X4_Seed_bank_133_91
0.046328240512567766	X40_Aphid_number
0.08674223755544604	X41_LN22
0.08624938393297191	X42_Bs_CFU2
0.04386397240019714	X43_avrRpt2
0.04386397240019714	X44_Hypocotyl_length
0.08723509117792015	X45_Germ_22
0.08674223755544604	X46_Leaf_roll_22
0.07984228684080828	X47_SD
0.0763923114834894	X48_8W
0.08181370133070479	X49_FT_GH
0.04583538689009364	X5_Na23
0.05372104484967965	X50_DSDS50
0.04583538689009364	X51_Ca43
0.0724494825036964	X52_LC_Duration_GH
0.07540660423854115	X53_0W_GH_FT
0.04583538689009364	X54_B11
0.08723509117792015	X55_Chlorosis_10
0.0724494825036964	X56_RP_GH
0.08674223755544604	X57_Chlorosis_16
0.07294233612617053	X58_LFS_GH
0.08723509117792015	X59_Germ_10
0.08575653031049778	X6_Leaf_serr_10
0.08674223755544604	X60_Germ_16
0.08674223755544604	X61_Anthocyanin_16
0.08723509117792015	X62_Anthocyanin_10
0.08624938393297191	X63_At1_CFU2
0.04583538689009364	X64_Ni60
0.04583538689009364	X65_P31
0.04189255791030064	X66_Emwa1
0.04583538689009364	X67_As75
0.04583538689009364	X68_Germ_in_dark
0.08082799408575653	X69_FRI
0.04238541153277477	X7_Emco5
0.08624938393297191	X70_As_CFU2
0.046328240512567766	X71_Trichome_avg_C
0.05421389847215377	X72_Vern_Growth
0.04583538689009364	X73_Mo98
0.041399704287826515	X74_Hiks1
0.08723509117792015	X75_Anthocyanin_22
0.04583538689009364	X76_Zn66
0.046328240512567766	X77_Trichome_avg_JA
0.046821094135041895	X78_LES
0.046821094135041895	X79_Silique_16
0.08674223755544604	X8_Leaf_roll_16
0.037456875308033516	X80_Emoy
0.04583538689009364	X81_K39
0.0665352390340069	X82_0W_GH_LN
0.08624938393297191	X83_At2
0.08624938393297191	X84_At1
0.08723509117792015	X85_LN10
0.08871365204534254	X86_FT_Field
0.08674223755544604	X87_LN16
0.04287826515524889	X88_avrB
0.0823065549531789	X89_LD
0.08723509117792015	X9_Leaf_roll_10
0.04928536224741252	X90_Seedling_Growth
0.04583538689009364	X91_S34
0.08674223755544604	X92_Leaf_serr_22
0.046821094135041895	X93_DW
0.04090685066535239	X94_Seed_Dormancy
0.04583538689009364	X95_Mn55
0.046821094135041895	X96_Silique_22
0.04435682602267127	X97_avrPphB
0.04583538689009364	X98_Fe56
0.07984228684080828	X99_8W_GH_FT
0.23164120256283885	freezing_survival
0.07934943321833415	X294_Germination_rate_21C
0.045342533267619514	X315_GR21_warm
0.045342533267619514	X316_GR21_cold
0.045342533267619514	X320_GR63_warm
0.045342533267619514	X325_GR105_cold
0.045342533267619514	X326_GR63_cold
0.06357811729916214	DNA_content_mean
0.1646131099063578	BiomassUV
0.1646131099063578	LeafareaUV
0.1646131099063578	LeaflengthUV
0.08082799408575653	Fitness
0.08082799408575653	Flowering_time
0.08082799408575653	Fruit_production
0.08082799408575653	Germination_10C
0.08082799408575653	Germination_22C
0.08082799408575653	Germination_30C
0.08082799408575653	Number_of_adults
0.08082799408575653	Number_of_rosettes
0.08082799408575653	Seed_Weight
0.1646131099063578	Bc
0.1646131099063578	Dr_plus_Bc_residuals
0.1646131099063578	Dr_plus_Bc
0.1646131099063578	Pr_plus_Bc_residuals
0.1646131099063578	Pr_plus_Bc
0.16609167077378018	log2_PDF1_2_MeJA_and_ABA_vs_PDF1_2_MeJA
0.16658452439625432	log2_PDF1_2_MeJA_and_SA_vs_PDF1_2_MeJA
0.16707737801872843	log2_PDF1_2_vs_PPA2_MeJA_and_ABA
0.14342040413997043	delta_Lateral_root_formation
0.13701330704780681	delta_Primary_root_length
0.13652045342533267	delta_Shoot_fresh_weight
0.04928536224741252	post_S_sclerotiorum_infection
0.11039921143420404	Telomere_Terminal_restriction_fragments
0.18728437654016758	Xcc12824
0.0842779694430754	Xcc6943
0.1877772301626417	Xanthomonas_campestris_10dpi
0.1877772301626417	Xanthomonas_campestris_5dpi
0.1877772301626417	Xanthomonas_campestris_7dpi
0.09364218827008379	grown_on_zinc_deficiency_mean_Total_length_day001
0.11335633316904879	grown_on_zinc_deficiency_mean_Total_length_day002
0.11335633316904879	grown_on_zinc_deficiency_mean_Total_length_day003
0.11384918679152292	grown_on_zinc_deficiency_mean_Total_length_day004
0.11286347954657466	grown_on_zinc_deficiency_mean_Total_length_day005
0.11384918679152292	grown_on_zinc_deficiency_mean_Total_length_day006
0.11384918679152292	grown_on_zinc_deficiency_mean_Total_length_day007
0.11335633316904879	mean_Total_length_day001
0.11335633316904879	mean_Total_length_day002
0.11384918679152292	mean_Total_length_day003
0.11384918679152292	mean_Total_length_day004
0.11384918679152292	mean_Total_length_day005
0.11384918679152292	mean_Total_length_day006
0.11384918679152292	mean_Total_length_day007
0.17003449975357318	X271_Na23
0.17003449975357318	X269_Li7
0.17003449975357318	X270_B11
0.17003449975357318	X272_Mg25
0.17003449975357318	X273_P31
0.17003449975357318	X274_S34
0.17003449975357318	X276_Ca43
0.17003449975357318	X277_Mn55
0.17003449975357318	X278_Fe57
0.17003449975357318	X279_Co59
0.17003449975357318	X280_Ni60
0.17003449975357318	X281_Cu65
0.17003449975357318	X284_Se82
0.17003449975357318	X285_Rb85
0.4696895022178413	Sodium
0.17003449975357318	X283_As75
0.17003449975357318	X287_Cd111
0.17003449975357318	X275_K39
0.03992114342040414	Weib_all_LT50control
0.03992114342040414	Weib_all_LT50submerged
0.2449482503696402	base_perc
0.2449482503696402	d11_10C_perc
0.2449482503696402	d11_4C_perc
0.2449482503696402	d15_10C_perc
0.2449482503696402	d15_4C_perc
0.2449482503696402	d22_10C_perc
0.2449482503696402	d22_4C_perc
0.2449482503696402	d32_10C_perc
0.2449482503696402	d32_4C_perc
0.2449482503696402	d4_10C_perc
0.2449482503696402	d4_4C_perc
0.2449482503696402	d8_10C_perc
0.2449482503696402	d8_4C_perc
0.24346968950221784	DSDS50.1
0.2449482503696402	DTbolt
0.2449482503696402	DTflower
0.2449482503696402	DTfruit
0.2449482503696402	DTgerm
0.2449482503696402	DTharvest
0.05717102020699852	germination_3days
0.05717102020699852	germination_7days
0.06505667816658453	sex_ratio
0.16165598817151305	number_of_egg_masses
0.03449975357318876	Cala2_cotyledons
0.03400689995071464	Cala2_true_leaves
0.03893543617545589	Emco5_cotyledons
0.03400689995071464	Emco5_true_leaves
0.03893543617545589	Emoy2_cotyledons
0.03449975357318876	Emoy2_true_leaves
0.03893543617545589	Emwa1_cotyledons
0.03844258255298177	Emwa1_true_leaves
0.03696402168555939	Maks9_cotyledons
0.032035485460818136	Maks9_true_leaves
0.03794972893050764	F3GG7R
0.10694923607688517	salt_survival_days
0.0724494825036964	ANGc_2013
0.0724494825036964	ANGLEr_2013
0.0724494825036964	ANGs_2013
0.0724494825036964	AREAc_2013
0.0724494825036964	AREAr_2013
0.0724494825036964	AREAs_2013
0.0704780680137999	CHLc_2013
0.0704780680137999	CHLr_2013
0.07097092163627403	CHLs_2013
0.07688516510596353	Dry0_2012
0.07688516510596353	Dry500_2012
0.07688516510596353	Dry500p0_2012
0.0724494825036964	DWc_2013
0.0724494825036964	DWr_2013
0.0724494825036964	DWs_2013
0.05470675209462789	Elc_2013
0.05470675209462789	Elr_2013
0.05470675209462789	Els_2013
0.07688516510596353	Fresh_min_Dry0_2012
0.07688516510596353	Fresh_min_Dry500_2012
0.07688516510596353	Fresh_per_Dry0_2012
0.0763923114834894	Fresh_per_dry500_2012
0.07688516510596353	Fresh0_2012
0.07688516510596353	Fresh500_2012
0.07688516510596353	Fresh500p0_2012
0.0724494825036964	FWc_2013
0.0724494825036964	FWr_2013
0.0724494825036964	FWs_2013
0.07688516510596353	Surf0_2012
0.07688516510596353	Surf500_2012
0.07688516510596353	Surf500p0_2012
0.07688516510596353	WC500p0_2012
0.0724494825036964	WCc_2013
0.0724494825036964	WCr_2013
0.0724494825036964	WCs_2013
0.16559881715130606	salt_0_mM_NaCl_aLRL_vs_MRL
0.16559881715130606	salt_0_mM_NaCl_Apical
0.16559881715130606	salt_0_mM_NaCl_Basal
0.16559881715130606	salt_0_mM_NaCl_Branched
0.16559881715130606	salt_0_mM_NaCl_Depth
0.16559881715130606	salt_0_mM_NaCl_LRD_vs_BZ
0.16559881715130606	salt_0_mM_NaCl_LRD_vs_MR
0.16559881715130606	salt_0_mM_NaCl_LRL_vs_MRL
0.16559881715130606	salt_0_mM_NaCl_LRL_vs_noLR
0.16559881715130606	salt_0_mM_NaCl_LRL
0.16559881715130606	salt_0_mM_NaCl_MRL_vs_TRS
0.16559881715130606	salt_0_mM_NaCl_MRL
0.16559881715130606	salt_0_mM_NaCl_MRVA
0.16559881715130606	salt_0_mM_NaCl_MRVL
0.16559881715130606	salt_0_mM_NaCl_noLRpMR
0.1641202562838837	salt_0_mM_NaCl_PC1
0.1641202562838837	salt_0_mM_NaCl_PC2
0.1641202562838837	salt_0_mM_NaCl_PC3
0.16559881715130606	salt_0_mM_NaCl_Straightness
0.16559881715130606	salt_0_mM_NaCl_TRS
0.16559881715130606	salt_125_mM_NaCl_aLRL_vs_MRL
0.16559881715130606	salt_125_mM_NaCl_Apical
0.16559881715130606	salt_125_mM_NaCl_Basal
0.16559881715130606	salt_125_mM_NaCl_Branched
0.16559881715130606	salt_125_mM_NaCl_Depth
0.16559881715130606	salt_125_mM_NaCl_LRD_vs_BZ
0.16559881715130606	salt_125_mM_NaCl_LRD_vs_MR
0.16559881715130606	salt_125_mM_NaCl_LRL_vs_MRL
0.16559881715130606	salt_125_mM_NaCl_LRL_vs_noLR
0.16559881715130606	salt_125_mM_NaCl_LRL
0.16559881715130606	salt_125_mM_NaCl_MRL_vs_TRS
0.16559881715130606	salt_125_mM_NaCl_MRL
0.16559881715130606	salt_125_mM_NaCl_MRVA
0.16559881715130606	salt_125_mM_NaCl_MRVL
0.16559881715130606	salt_125_mM_NaCl_noLRpMR
0.1641202562838837	salt_125_mM_NaCl_PC1
0.1641202562838837	salt_125_mM_NaCl_PC2
0.1641202562838837	salt_125_mM_NaCl_PC3
0.16559881715130606	salt_125_mM_NaCl_Straightness
0.16559881715130606	salt_125_mM_NaCl_TRS
0.16559881715130606	salt_75_mM_NaCl_aLRL_vs_MRL
0.16559881715130606	salt_75_mM_NaCl_Apical
0.16559881715130606	salt_75_mM_NaCl_Basal
0.16559881715130606	salt_75_mM_NaCl_Branched
0.16559881715130606	salt_75_mM_NaCl_Depth
0.16559881715130606	salt_75_mM_NaCl_LRD_vs_BZ
0.16559881715130606	salt_75_mM_NaCl_LRD_vs_MR
0.16559881715130606	salt_75_mM_NaCl_LRL_vs_MRL
0.16559881715130606	salt_75_mM_NaCl_LRL_vs_noLR
0.16559881715130606	salt_75_mM_NaCl_LRL
0.16559881715130606	salt_75_mM_NaCl_MRL_vs_TRS
0.16559881715130606	salt_75_mM_NaCl_MRL
0.16559881715130606	salt_75_mM_NaCl_MRVA
0.16559881715130606	salt_75_mM_NaCl_MRVL
0.16559881715130606	salt_75_mM_NaCl_noLRpMR
0.1641202562838837	salt_75_mM_NaCl_PC1
0.1641202562838837	salt_75_mM_NaCl_PC2
0.1641202562838837	salt_75_mM_NaCl_PC3
0.16559881715130606	salt_75_mM_NaCl_Straightness
0.16559881715130606	salt_75_mM_NaCl_TRS
0.08624938393297191	RR_stained_mucilage_area
0.2015771315919172	Fruit_number
0.20699852143913258	Growth_rate
0.20453425332676195	RGR
0.20699852143913258	rosette_DM
0.13257762444553967	ABA_96h_low_water_potential
0.16757023164120255	Oviposition_rate_eggs_female
0.16757023164120255	Survival
0.15672745194677182	A0
0.15771315919172005	drought_A0
0.15771315919172005	drought_Fresh_Weight_28
0.15771315919172005	drought_projected_leaf_area_day_11
0.15771315919172005	drought_projected_leaf_area_day_14
0.15771315919172005	drought_projected_leaf_area_day_16
0.15771315919172005	drought_projected_leaf_area_day_18
0.15771315919172005	drought_projected_leaf_area_day_20
0.15771315919172005	drought_projected_leaf_area_day_22
0.15771315919172005	drought_projected_leaf_area_day_24
0.15771315919172005	drought_projected_leaf_area_day_25
0.15771315919172005	drought_projected_leaf_area_day_26
0.15771315919172005	drought_projected_leaf_area_day_27
0.15771315919172005	drought_projected_leaf_area_day_28
0.15771315919172005	drought_projected_leaf_area_day_8
0.15771315919172005	drought_r
0.15771315919172005	drought_Relative_Water_Content_24
0.15771315919172005	drought_Water_Content_24
0.15722030556924593	Fresh_Weight_28
0.15722030556924593	projected_leaf_area_day_11
0.15722030556924593	projected_leaf_area_day_14
0.15722030556924593	projected_leaf_area_day_16
0.15722030556924593	projected_leaf_area_day_18
0.15722030556924593	projected_leaf_area_day_20
0.15722030556924593	projected_leaf_area_day_22
0.15722030556924593	projected_leaf_area_day_24
0.15722030556924593	projected_leaf_area_day_25
0.15722030556924593	projected_leaf_area_day_26
0.15722030556924593	projected_leaf_area_day_27
0.15672745194677182	projected_leaf_area_day_28
0.15672745194677182	projected_leaf_area_day_8
0.15672745194677182	r
0.15722030556924593	Relative_Water_Content_24
0.15722030556924593	Water_Content_24
0.10399211434204042	drought_index
0.10349926071956629	Survival_insitu_Madrid
0.10349926071956629	Survival_insitu_Tubingen
0.07885657959586002	Pi_uptake_under_Pi_deficient_conditions
0.07885657959586002	Pi_uptake_under_Pi_sufficient_conditions
