acc_pearson	phenotype
1	FT10
0.9999999999999998	FT16
0.9999999999999999	DSDS10
0.9999999999999999	DSDS50
1	DSDS90
0.9999999999999999	FT
1	GAS
1	SS
1	t10
0.9999999999999999	t50
1	U8416
1	HL23_mm_
1	HL27_mm_
1	SensHL
1	VarTemp
1	G2H3B
1	G2H4P
1	G2P
0.9999999999999999	G3B
1	G3BOP
1	G3HP
1	G3MSP
1	G3MTP
1	G4BOB
1	G4HB
0.9999999999999998	G4MSB
1	G4MTB
1	G4P
1	G5MSP
0.9999999999999998	G5MTP
0.9999999999999998	G6MSH
1	G6MTH
1	G7MSH
1	G7MTH
1	G8MSO
0.9999999999999999	G8MTO
0.9999999999999999	X16S_OTU0_1
1	X16S_OTU10_11
1	X16S_OTU101_102
0.9999999999999999	X16S_OTU1026_1027
0.9999999999999999	X16S_OTU1037_1038
1	X16S_OTU104_105
1	X16S_OTU1076_1077
1	X16S_OTU11_12
0.9999999999999999	X16S_OTU110_111
1	X16S_OTU116_117
1	X16S_OTU12_13
1	X16S_OTU125_126
1	X16S_OTU129_130
1	X16S_OTU15_16
1	X16S_OTU151_152
1	X16S_OTU154_155
1	X16S_OTU157_158
0.9999999999999999	X16S_OTU159_160
1	X16S_OTU17_18
0.9999999999999999	X16S_OTU1782_1783
1	X16S_OTU18_19
1	X16S_OTU190_191
1	X16S_OTU193_194
1	X16S_OTU197_198
1	X16S_OTU199_200
0.9999999999999998	X16S_OTU200_201
0.9999999999999999	X16S_OTU202_203
0.9999999999999999	X16S_OTU2052_2053
0.9999999999999998	X16S_OTU219_220
1	X16S_OTU22_23
1	X16S_OTU225_226
1	X16S_OTU2284_2285
0.9999999999999999	X16S_OTU233_234
1	X16S_OTU2331_2332
0.9999999999999999	X16S_OTU243_244
0.9999999999999999	X16S_OTU252_253
1	X16S_OTU254_255
0.9999999999999999	X16S_OTU2561_2562
1	X16S_OTU26_27
1	X16S_OTU273_274
1	X16S_OTU278_279
0.9999999999999999	X16S_OTU28_29
0.9999999999999998	X16S_OTU281_282
0.9999999999999999	X16S_OTU29_30
0.9999999999999999	X16S_OTU293_294
0.9999999999999999	X16S_OTU308_309
1	X16S_OTU32_33
1	X16S_OTU320_321
0.9999999999999999	X16S_OTU325_326
1	X16S_OTU329_330
1	X16S_OTU336_337
1	X16S_OTU349_350
1	X16S_OTU358_359
1	X16S_OTU37_38
1	X16S_OTU373_374
1	X16S_OTU38_39
1	X16S_OTU385_386
1	X16S_OTU395_396
1	X16S_OTU4_5
1	X16S_OTU40_41
1	X16S_OTU452_453
1	X16S_OTU478_479
0.9999999999999999	X16S_OTU48_49
1	X16S_OTU488_489
1	X16S_OTU507_508
1	X16S_OTU51_52
1	X16S_OTU52_53
1	X16S_OTU546_547
1	X16S_OTU555_556
1	X16S_OTU557_558
1	X16S_OTU561_562
0.9999999999999998	X16S_OTU562_563
1	X16S_OTU581_582
1	X16S_OTU59_60
0.9999999999999999	X16S_OTU592_593
1	X16S_OTU6_7
1	X16S_OTU61_62
1	X16S_OTU615_616
0.9999999999999999	X16S_OTU63_64
1	X16S_OTU633_634
1	X16S_OTU648_649
1	X16S_OTU651_652
1	X16S_OTU68_69
0.9999999999999998	X16S_OTU70_71
1	X16S_OTU723_724
1	X16S_OTU728_729
1	X16S_OTU73_74
1	X16S_OTU80_81
0.9999999999999998	X16S_OTU835_836
1	X16S_OTU836_837
0.9999999999999998	X16S_OTU85_86
0.9999999999999999	X16S_OTU913_914
1	X16S_OTU93_94
1	X16S_OTU949_950
0.9999999999999999	ITS_OTU1000_1001
1	ITS_OTU1051_1052
1	ITS_OTU1054_1055
1	ITS_OTU1084_1085
1	ITS_OTU1088_1089
1	ITS_OTU1091_1092
1	ITS_OTU1107_1108
0.9999999999999999	ITS_OTU1136_1137
1	ITS_OTU1145_1146
1	ITS_OTU1152_1153
1	ITS_OTU1189_1190
1	ITS_OTU1197_1198
1	ITS_OTU1198_1199
0.9999999999999998	ITS_OTU1202_1203
1	ITS_OTU1290_1291
1	ITS_OTU1386_1387
1	ITS_OTU1404_1405
1	ITS_OTU1425_1426
1	ITS_OTU1481_1482
1	ITS_OTU1492_1493
1	ITS_OTU1502_1503
1	ITS_OTU1537_1538
1	ITS_OTU1549_1550
1	ITS_OTU1576_1577
0.9999999999999999	ITS_OTU1584_1585
1	ITS_OTU1614_1615
1	ITS_OTU1631_1632
1	ITS_OTU1644_1645
0.9999999999999999	ITS_OTU1650_1651
1	ITS_OTU1660_1661
1	ITS_OTU1666_1667
1	ITS_OTU1671_1672
1	ITS_OTU1676_1677
1	ITS_OTU1713_1714
1	ITS_OTU1738_1739
0.9999999999999999	ITS_OTU1762_1763
1	ITS_OTU1772_1773
1	ITS_OTU1786_1787
1	ITS_OTU1800_1801
1	ITS_OTU1805_1806
1	ITS_OTU1808_1809
1	ITS_OTU1822_1823
1	ITS_OTU1827_1828
1	ITS_OTU1845_1846
1	ITS_OTU1890_1891
1	ITS_OTU1941_1942
0.9999999999999999	ITS_OTU1953_1954
1	ITS_OTU2043_2044
1	ITS_OTU2054_2055
1	ITS_OTU2081_2082
1	ITS_OTU2082_2083
1	ITS_OTU2103_2104
1	ITS_OTU2109_2110
1	ITS_OTU2128_2129
1	ITS_OTU2129_2130
1	ITS_OTU2154_2155
1	ITS_OTU2179_2180
1	ITS_OTU2243_2244
1	ITS_OTU2349_2350
1	ITS_OTU2419_2420
0.9999999999999999	ITS_OTU2460_2461
0.9999999999999999	ITS_OTU2678_2679
1	ITS_OTU2761_2762
1	ITS_OTU2877_2878
1	ITS_OTU2911_2912
1	ITS_OTU2934_2935
1	ITS_OTU3025_3026
1	ITS_OTU3029_3030
0.9999999999999999	ITS_OTU3043_3044
1	ITS_OTU3185_3186
1	ITS_OTU3313_3313
1	ITS_OTU3327_3327
1	ITS_OTU3376_3376
1	ITS_OTU3421_3421
1	ITS_OTU3455_3455
1	ITS_OTU3467_3467
1	ITS_OTU3507_3507
1	ITS_OTU3573_3573
1	ITS_OTU3751_3751
0.9999999999999998	ITS_OTU3804_3804
1	ITS_OTU3820_3820
1	ITS_OTU3874_3874
1	ITS_OTU3962_3962
1	ITS_OTU4268_4268
1	ITS_OTU600_601
0.9999999999999999	ITS_OTU621_622
1	ITS_OTU763_764
0.9999999999999999	ITS_OTU776_777
0.9999999999999999	ITS_OTU780_781
1	ITS_OTU822_823
1	ITS_OTU850_851
1	ITS_OTU883_884
0.9999999999999998	ITS_OTU892_893
1	ITS_OTU899_900
1	ITS_OTU905_906
0.9999999999999999	ITS_OTU907_908
0.9999999999999999	ITS_OTU910_911
1	ITS_OTU917_918
1	ITS_OTU921_922
0.9999999999999999	ITS_OTU998_999
1	elfDC
1	elfPs
1	elfPv
1	flgPa
1	flgPsHRm
1	flgPsHRp
0.9999999999999998	flgPv
1	day10_27C_cut
1	day10_30C_cut
1	day10_30C_uncut
1	day11_27C_cut
0.9999999999999998	day11_27C_uncut
0.9999999999999999	day12_27C_cut
0.9999999999999999	day13_27C_cut
1	day13_27C_uncut
1	day3_27C_cut
1	day3_27C_uncut
1	day3_30C_cut
1	day3_30C_uncut
1	day4_27C_cut
0.9999999999999999	day4_27C_uncut
1	day4_30C_cut
0.9999999999999999	day4_30C_uncut
1	day5_27C_cut
1	day5_27C_uncut
1	day5_30C_cut
0.9999999999999999	day5_30C_uncut
1	day6_27C_cut
0.9999999999999999	day6_27C_uncut
0.9999999999999998	day6_30C_cut
1	day6_30C_uncut
1	day7_27C_cut
1	day7_27C_uncut
1	day7_30C_cut
1	day7_30C_uncut
0.9999999999999998	day8_27C_uncut
1	day9_27C_uncut
1	LB_vs_PR_DhighN_vs_lowN
1	LB_vs_PR_highN
1	LB_vs_PR_lowN
1	LR_count_DhighN_vs_lowN
1	LR_count_highN
1	LR_count_lowN
1	LRdensity_DhighN_vs_lowN
1	LRdensity_highN
1	LRdensity_lowN
1	LRlengthave_DhighN_vs_lowN
1	LRlengthave_highN
1	LRlengthave_lowN
1	LRtot_DhighN_vs_lowN
1	LRtot_highN
1	LRtot_lowN
1	PR_DhighN_vs_lowN
1	PR_highN
1	PR_lowN
1	PR_plus_LRtot_DhighN_vs_lowN
1	PR_plus_LRtot_highN
1	PR_plus_LRtot_lowN
1	SA_DhighN_vs_lowN
1	SA_highN
1	SA_lowN
0.9999999999999999	SA_to_PR_DhighN_vs_lowN
1	SA_to_PR_highN
0.9999999999999998	SA_to_PR_lowN
0.9999999999999998	DTF_Oct_2010
1	DTF_Oct_2040
1	DTF_Sep_2010
1	DTF_Sep_2040
1	X108_Area_sweden_2009_1st_experiment
1	X109_SizePlantingSummer2009
1	X110_Size_sweden_2009_2nd_experiment
1	X111_SizePlantingSummerLocSweden2009
0.9999999999999999	X112_Area_sweden_2009_2nd_experiment
0.9999999999999998	X113_DTF_sweden_2008_1st_experiment
0.9999999999999999	X114_Yield_sweden_2009_2nd_experiment
1	X115_SizeLocSweden2009
1	X116_DTFplantingSummerLocSweden2009
0.9999166374721816	X117_DTFlocSweden2008
0.9999350117450388	X118_DTFlocSweden2009
1	X119_DTF_spain_2009_1st_experiment
1	X120_DTFplantingLoc2008
1	X121_DTF_spain_2009_2nd_experiment
1	X122_Yield_spain_2009_2nd_experiment
1	X123_Size_sweden_2009_1st_experiment
1	X124_Yield_spain_2009_1st_experiment
1	X125_DTFmainEffect2009
0.9994485745874416	X126_DTFmainEffect2008
0.9999999999999999	X127_Size_spain_2009_2nd_experiment
1	X128_Size_spain_2009_1st_experiment
0.9999548852590571	X129_DTFplantingSummer2009
0.9999999999999999	X130_DTFplantingSummer2008
0.9999999999999999	X131_SizeMainEffect2009
1	X132_DTF_spain_2008_1st_experiment
0.9999999999999999	X133_YieldPlantingSummer2009
1	X134_DTF_sweden_2009_1st_experiment
1	X135_YieldLocSweden2009
1	X136_DTF_spain_2008_2nd_experiment
1	X137_YieldMainEffect2009
1	X138_YieldPlantingSummerLocSweden2009
1	X139_Yield_sweden_2009_1st_experiment
1	X140_DTF_sweden_2009_2nd_experiment
1	X141_DTF_sweden_2008_2nd_experiment
1	D2_entrance_per
1	GEMINATION_4D_per
0.9999999999999999	GERMINATION_1D_per
1	Direction_index
0.9999999999999998	Root_angle
1	NC_0557
1	NC_0570
0.18878253356116262	NC_0596
0.9999999999999998	NC_0662
0.4039320619521311	NC_0674
1	NC_0704
0.40095073924421554	NC_0705
0.9999999999999997	NC_0734
0.9999999999999999	NC_0790
0.13966964681179492	NC_0928
1	NC_1008
0.15650662230708764	NC_1036
0.3637157000985111	NC_1057
0.9999999999999999	NC_1092
0.5934821678726543	NC_1111
0.5893349842411195	NC_1125
0.16084236008968344	NC_1142
0.49327401287658146	NC_1201
0.6918107356904012	NC_1213
0.5496434232791634	NC_1260
0.1672910848519098	NC_1295
0.7239237741523648	NC_1334
0.9999999999999998	NC_1379
0.9999999999999999	NC_1383
1	NC_1393
0.16120711252994854	NC_1422
0.04772987970402841	NC_1427
1	NC_1433
1	NC_1474
0.5727041258255009	NC_1542
0.2648452683347907	NC_1548
0.5010872044615376	NC_1971
0.2797782464945895	NC_2426
1	PC_0435
1	PC_0441
1	PC_0446
0.9999999999999999	PC_0448
0.9999999999999998	PC_0451
1	PC_0454
0.246227476238003	PC_0455
0.5102986763859225	PC_0490
1	PC_0499
1	PC_0500
1	PC_0506
0.9999999999999998	PC_0512
0.323504500003066	PC_0526
0.5527486199190367	PC_0544
1	PC_0546
0.9999999999999999	PC_0552
1	PC_0558
1	PC_0570
1	PC_0601
1	PC_0615
1	PC_0626
0.3584681214787249	PC_0631
1	PC_0633
1	PC_0635
0.19085334370879126	PC_0638
0.2882634210328305	PC_0642
1	PC_0658
0.9999999999999998	PC_0673
1	PC_0684
0.9999999999999999	PC_0688
1	PC_0709
1	PC_0712
1	PC_0785
1	PC_0846
1	PC_0858
0.42181479898868673	PC_0866
1	PC_0932
1	PC_1145
0.6248587084470221	PC_1181
0.513728017678204	PC_1237
1	PC_1246
0.22237283193275165	PC_1248
1	PC_1265
0.663959132245569	PC_1274
0.9999999999999999	PC_1322
0.9999999999999999	PC_1401
0.28196116053025444	PC_1410
1	PC_1435
0.42146642910634596	PC_1465
1	PC_1490
0.5318904199812492	PC_1491
0.39967317857957374	PC_1493
0.9999999999999999	PC_1528
0.5187945854350869	PC_1533
1	PC_1732
0.32200864502144555	PC_1734
0.9999999999999999	PC_1755
0.9999999999999999	PC_1782
1	PC_1857
1	PC_1976
0.9999999999999998	PC_1998
0.9999999999999999	PC_2045
0.6438406332882927	PC_2372
0.6659701341307785	PC_2395
0.4287699143775157	PC_2413
1	met01
1	met02
1	met03
1	met04
1	met05
1	met06
1	met07
0.9999999999999999	met08
1	met09
0.9999999999999998	met10
0.9999999999999999	met11
1	met12
0.9999999999999999	met13
1	met14
1	met15
1	met16
1	met17
1	met18
1	met19
1	met20
1	met21
0.9999999999999999	met22
1	met23
1	met24
1	met25
1	met26
1	met27
1	met28
1	met29
1	met30
1	met31
1	met32
1	met33
0.9999999999999998	met34
1	met35
1	met36
1	met37
0.9999999999999998	met38
1	met39
0.9999999999999998	met40
0.9999999999999998	met41
0.9999999999999998	met42
1	met43
1	met44
1	met45
1	met46
1	met47
1	met48
0.9999999999999998	met49
1	met50
0.9999999999999998	met51
1	met52
1	met53
0.9999999999999999	met54
1	met55
1	met56
1	met57
1	met58
1	met59
1	met60
1	met61
0.9999999999999998	met62
0.9999999999999999	met63
1	met64
1	met65
1	met66
1	met67
0.9999999999999999	met68
1	met69
1	met70
1	met71
1	met72
1	met73
0.9999999999999998	met74
1	met75
1	met76
1	met77
1	met78
0.9999999999999998	met79
1	met80
1	met81
0.9999999999999998	met82
1	met83
1	met84
1	met85
1	met86
0.9999999999999998	met87
0.9999999999999998	met88
0.9999999999999998	met89
0.9999999999999998	met90
1	met91
1	met92
1	met93
1	met94
1	X142_Mature_cell_length
1	X143_Meristem_zone_length
0.9999999999999998	LR.no_ABA
0.9999999999999998	LR.no_C
0.9999999999999998	LR.no_CK
1	LR.no_IAA
1	LRD_P_ABA
1	LRD_P_C
1	LRD_P_CK
1	LRD_P_IAA
0.9999999999999998	LRD_R_ABA
1	LRD_R_C
1	LRD_R_CK
1	LRD_R_IAA
1	LRL_ABA
1	LRL_C
1	LRL_CK
0.9999999999999999	LRL_IAA
1	LRR_ABA
1	LRR_C
0.9999999999999999	LRR_CK
1	LRR_IAA
1	P_ABA
1	P_C
1	P_CK
1	P_IAA
1	P2_ABA
1	P2_C
1	P2_CK
1	P2_IAA
1	R_ABA
1	R_C
0.9999999999999999	R_CK
1	R_IAA
1	TLRL_ABA
0.9999999999999998	TLRL_C
1	TLRL_CK
1	TLRL_IAA
0.9999999999999999	TRL_ABA
1	TRL_C
1	TRL_CK
1	TRL_IAA
1	X289_Root_length_Day_1
1	X290_Root_length_Day_2
1	X291_Root_length_Day_3
1	X292_Root_length_Day_4
0.9999999999999998	X293_Root_length_Day_5
1	Average_root_width_avg
0.9999999999999999	Average_root_width_day001
1	Average_root_width_day002
1	Average_root_width_day003
1	Average_root_width_day004
1	Average_root_width_day005
1	Euclidian_length_day001
0.9999999999999999	Euclidian_length_day002
1	Euclidian_length_day003
0.9999999999999999	Euclidian_length_day004
0.9999999999999998	Euclidian_length_day005
1	Relative_root_growth_rate_avg
1	Relative_root_growth_rate_day001.day002
1	Relative_root_growth_rate_day002.day003
1	Relative_root_growth_rate_day003.day004
1	Relative_root_growth_rate_day004.day005
1	Root_angle_avg
1	Root_angle_day001
1	Root_angle_day002
1	Root_angle_day003
0.9999999999999998	Root_angle_day004
0.9999999999999998	Root_angle_day005
1	Root_directional_equivalent_avg
1	Root_directional_equivalent_day001
0.9999999999999998	Root_directional_equivalent_day002
1	Root_directional_equivalent_day003
0.9999999999999998	Root_directional_equivalent_day004
0.9999999999999998	Root_directional_equivalent_day005
1	Root_growth_rate_avg
1	Root_growth_rate_day001.day002
1	Root_growth_rate_day002.day003
1	Root_growth_rate_day003.day004
1	Root_growth_rate_day004.day005
1	Root_horizontal_index_avg
0.9999999999999998	Root_horizontal_index_day001
1	Root_horizontal_index_day002
0.9999999999999998	Root_horizontal_index_day003
0.9999999999999998	Root_horizontal_index_day004
1	Root_horizontal_index_day005
1	Root_linearity_avg
1	Root_linearity_day001
1	Root_linearity_day002
1	Root_linearity_day003
1	Root_linearity_day004
0.9999999999999998	Root_linearity_day005
1	Root_tortuosity_avg
0.9999999999999998	Root_tortuosity_day001
0.9999999999999999	Root_tortuosity_day002
0.9999999999999999	Root_tortuosity_day003
1	Root_tortuosity_day004
0.9999999999999999	Root_tortuosity_day005
0.9999999999999998	Root_vertical_index_avg
1	Root_vertical_index_day001
0.9999999999999999	Root_vertical_index_day002
1	Root_vertical_index_day003
1	Root_vertical_index_day004
1	Root_vertical_index_day005
1	Root_width_100_avg
1	Root_width_100_day001
1	Root_width_100_day002
1	Root_width_100_day003
1	Root_width_100_day004
1	Root_width_100_day005
0.9999999999999999	Root_width_20_avg
1	Root_width_20_day001
1	Root_width_20_day002
0.9999999999999999	Root_width_20_day003
1	Root_width_20_day004
1	Root_width_20_day005
1	Root_width_40_avg
1	Root_width_40_day001
1	Root_width_40_day002
1	Root_width_40_day003
1	Root_width_40_day004
1	Root_width_40_day005
1	Root_width_60_avg
1	Root_width_60_day001
1	Root_width_60_day002
1	Root_width_60_day003
1	Root_width_60_day004
1	Root_width_60_day005
0.9999999999999999	Root_width_80_avg
1	Root_width_80_day001
0.9999999999999998	Root_width_80_day002
1	Root_width_80_day003
1	Root_width_80_day004
1	Root_width_80_day005
1	Total_length_day001
1	Total_length_day002
1	Total_length_day003
1	Total_length_day004
1	Total_length_day005
1	X286_Mo98
1	X282_Zn66
1	Xyloside_percentage
0.9999999999999998	PC1
1	PC2
1	LD12_peak
1	LD12_period
1	LD14_peak
1	LD14_period
1	LD16_peak
1	LD16_period
1	SD10_peak
1	SD10_period
1	SD8_peak
1	SD8_period
1	Agro_PPV_infection
1	Mechnical_PPV_infection_Hampes_Rosettes
0.9999999999999999	ile_ileleuval
0.9999999999999999	ile_t
1	ile
1	leu_ileleuval
1	leu_t
0.9999999999999999	leu
1	val_ileleuval
1	val_t
1	val
0.9999999999999999	beta_carotene
1	Seed_size
1	Aphid_reproduction
1	Thrips
1	Botrytis_and_Pieris
1	Drought_and_Pieris
1	Drought
1	P_rapae
1	P_xyllostella
0.7401759042770021	FT_mhi
0.8411747157867465	FT_mhp
0.2746370650118522	FT_mli
0.09806950121711723	FT_mlp
0.6201624497945446	FT_thi
0.6892132012812578	FT_thp
0.24325482895531433	FT_tli
-0.0911140783036715	FT_tlp
0.2873090772180646	rFitness_mhi
0.34105536146370447	rFitness_mhp
0.7726785156999394	rFitness_mli
0.8901884927022299	rFitness_mlp
0.2833527920789125	rFitness_thi
0.4038389317294643	rFitness_thp
0.5333989181669264	rFitness_tli
0.7319034259447215	rFitness_tlp
0.19400466554344536	rSeeds_mhi
0.24371136142351574	rSeeds_mhp
0.13474830396385737	rSeeds_mli
0.07596525390575064	rSeeds_mlp
0.236654077573663	rSeeds_thi
0.21321372125352975	rSeeds_thp
0.17401068544369072	rSeeds_tli
0.10130519392426159	rSeeds_tlp
0.1930065705904264	rSurvival_fruit_mhi
0.2688663012400527	rSurvival_fruit_mhp
0.6838073198450669	rSurvival_fruit_mli
0.8648686916053797	rSurvival_fruit_mlp
0.19111824655144544	rSurvival_fruit_thi
0.33255364058652037	rSurvival_fruit_thp
0.47792863009851827	rSurvival_fruit_tli
0.6770994124991532	rSurvival_fruit_tlp
0.9999999999999999	Flavonol.glycoside01
1	Flavonol.glycoside02
1	GLS.1
1	GLS.2
1	I3M
1	Is3A7R
1	Is3G
1	Is3G7R
1	Is3R7R
0.9999999999999999	K3A7R
1	K3G
0.9999999999999998	K3G7G
0.9999999999999998	K3G7R
0.9999999999999998	K3GG7R
1	K3GH
0.9999999999999999	K3GR7R
1	K3R
0.9999999999999998	K3R7R
1	Polyamine01
1	Polyamine02
1	Polyamine03
1	Polyamine04
1	Polyamine05
1	Polyamine06
1	Polyamine07
0.9999999999999999	putative.HDX
1	Q3A7R
0.9999999999999998	Q3G
1	Q3G7G
0.9999999999999998	Q3G7R
0.9999999999999999	Q3GG7R
1	Q3GH
1	Q3GR7R
1	Q3R
1	Q3R7R
1	saiginol.A
1	saiginol.B
0.9999999999999999	saiginol.C
0.9999999999999999	saiginol.D
0.9999999999999998	saiginol.E
0.9999999999999998	saiginol.F
1	saiginol.G
1	saiginol.H
1	saiginol.I
1	saiginol.J
0.9999999999999999	saiginol.K
0.9999999999999998	saiginol.L
1	saiginol.M
1	saiginol.N
0.9999999999999999	saiginol.O
0.9999999999999999	saiginol.P
1	saiginol.Q
1	saiginol.R
1	SinG1
1	sinigrin
0.9999999999999998	SinM
1	X1MOI3M
1	X3MSOP
1	X4MOI3M
1	X4MSOB
0.9999999999999998	X4MTB
1	X5MSOP
0.9999999999999999	X6MSOH
1	X6MTH
0.9999999999999999	X7MSOH
1	X7MTH
1	X8MSOO
1	X8MTO
1	Fitness_Finland
1	Fitness_Germany
1	Fitness_Spain
0.9999999999999999	Fitness_UnitedKingdom
0.9999999999999999	Seeds_Finland
0.9999999999999999	Seeds_Germany
1	Seeds_Spain
1	Seeds_UnitedKingdom
1	Survival_Finland
1	Survival_Germany
1	Survival_Spain
1	Survival_UnitedKingdom
1	HopAM1.cell_death
1	HopAM1.rosette_chlorosisis
1	Pollen_Tube_OG_S
1	AZL
1	BsZL
1	BZL
1	LRA
1	LRD.BZ
1	LRD.MR
1	LRL_0_25
0.9999999999999999	LRL
1	LRN
1	LRS_0_25
1	LRS
1	MRA
1	MRL
1	MRV
0.9999999999999998	OAD
0.9999999999999998	TRS
0.9999999999999999	alpha_bacterial_richness_1_tn2_ranef
1	alpha_fungal_richness_1_tn2_ranef
1	alpha_slant_1_tn2_ranef_diff_exps
0.9999999999999998	alpha_total_1_tn2_ranef_glmer
1	beta_root_1_combined_pca_tn2_bac_n100_glmer_fun_n100_glmerPC1
1	beta_root_1_combined_pca_tn2_bac_n100_glmer_fun_n100_glmerPC2
1	beta_root_1_combined_pca_tn2_bac_n100_glmer_fun_n100_glmerPC3
1	beta_root_16S_1_raw_tn2_glmer_pca_n100_PC1
1	beta_root_16S_1_raw_tn2_glmer_pca_n100_PC2
1	beta_root_16S_1_raw_tn2_glmer_pca_n100_PC3
1	beta_root_ITS_1_raw_tn2_glmer_pca_n100_PC1
1	beta_root_ITS_1_raw_tn2_glmer_pca_n100_PC2
1	beta_root_ITS_1_raw_tn2_glmer_pca_n100_PC3
0.9999999999999998	Relative_leaf_temperature
1	LeafAreaMaturity_mild_drought
1	LeafAreaMaturity_well_watered
1	LeafAreaMaturityCell_mild_drought
1	LeafAreaMaturityCell_well_watered
1	LeafAreaProliferation_mild_drought
1	LeafAreaProliferation_well_watered
1	PavementCellArea_mild_drought
1	PavementCellArea_well_watered
1	PavementCellNumber_mild_drought
0.9999999999999998	PavementCellNumber_well_watered
0.9999999999999999	RosetteArea_mild_drought
1	RosetteArea_well_watered
0.9999999999999999	StomatalIndex_mild_drought
0.9999999999999999	StomatalIndex_well_watered
0.9999999999999998	Emco5
1	Emoy2
1	Emwa1
0.9999999999999999	Hiks1
1	Noco2
1	aphids_making_long_probes
1	time_aphids_spent
1	Normalized_disease_index
1	A0_Expo2
1	FW_rosette
1	PLA11
1	PLA14
1	PLA16
1	PLA18
0.9999999999999998	PLA20
1	PLA22
1	PLA24
1	PLA25
1	PLA26
1	PLA27
1	PLA28
1	PLA8
0.9999999999999998	r_Expo2
0.9999999999999999	WC
1	control_aantalSkld5m10t20_c
1	control_avgSL0t10_c
1	control_avgSL10t20_c
1	control_avgSL20t30_c
0.9999999999999998	control_avgSLm10t0_c
1	control_avgSLm10t20
1	treatment_aantalSkld5m10t20_t
1	treatment_avgSL0t10_t
1	treatment_avgSL10t20_t
1	treatment_avgSL20t30_t
1	treatment_avgSLm10t0_t
1	treatment_avgSLm10t20
0.9999999999999999	Redness_control
1	Redness_PEG
1	AA_1
1	AA_2
0.9999999999999998	AGP_1
1	AGP_2
1	aINV_1
1	aINV_2
1	ChlA_1
1	ChlA_2
0.9999999999999998	ChlB_1
1	ChlB_2
1	cPGI_1
1	cPGI_2
0.9999999999999998	FBP_1
1	FBP_2
1	FK_1
1	FK_2
1	Fru_1
1	Fru_2
0.9999999999999998	Fum_1
1	Fum_2
0.9999999999999999	FUMARASE_1
1	FUMARASE_2
0.9999999999999998	FW_1
1	G6P_1
1	G6P_2
1	G6PDH_1
1	G6PDH_2
0.9999999999999999	GDH_2
1	GK_1
0.9999999999999999	GK_2
0.9999999999999999	Glc_1
1	Glc_2
1	iRub_1
0.9999999999999999	iRub_2
0.9999999999999999	Mal_1
1	Mal_2
0.9999999999999998	MDH_2
1	mRub_1
1	mRub_2
1	nINV_1
1	nINV_2
1	NO3_1
1	NO3_2
1	NRVm_1
1	NRVm_2
1	NRVs_1
1	NRVs_2
0.9999999999999998	PEPC_2
0.9999999999999999	PGM_1
0.9999999999999999	PGM_2
0.9999999999999999	pPGI_1
1	pPGI_2
1	Prot_1
1	Prot_2
0.9999999999999999	SKDH_2
1	SPS_1
1	SPS_2
0.9999999999999999	starch_1
1	starch_2
0.9999999999999998	Suc_1
1	Suc_2
1	TK_2
0.9999999999999999	tPGI_1
1	tPGI_2
1	TPI_2
0.9999999999999999	UGP_1
1	UGP_2
1	FT.1
1	LL
1	MSB
1	PH1S
1	PL_div_LL
0.9999999999999998	PL
0.9999999999999998	RB
1	RGRav
1	RGRbv
1	TPH
1	days_after_dark_treatment_2
1	days_after_dark_treatment_3
1	days_after_dark_treatment_4
1	days_after_dark_treatment_5
0.9999999999999999	days_after_dark_treatment_6
0.9999999999999998	days_after_dark_treatment_7
1	Alllyl_2008
0.9999999999999998	But_3_enyl_2008
0.9999999999999999	Indol_3_ylmethyl_2008
1	N_methoxy_indol_3_ylmethyl_2008
1	Pent_4_enyl_2008
1	Ratio_of_C3_methylthio_to_total_C3_2008
1	Ratio_of_C3_to_SC_Aliphatic_2008
0.9999999999999999	Ratio_of_C4_methylthio_to_total_C4_2008
1	Ratio_of_C7_methylthio_to_total_C7_2008
1	Ratio_of_C7_to_LC_Aliphatic_2008
1	Ratio_of_C8_methylthio_to_total_C8_2008
1	Ratio_of_NMOI3M_to_TIND_2008
1	Ratio_of_TOH4_to_TIND_2008
1	Total_Alkenyl_Aliphatic_2008
1	Total_C3_Aliphatic_2008
1	Total_C3_and_C4_Aliphatic_2008
1	Total_C4_Aliphatic_2008
1	Total_C5_Aliphatic_2008
1	Total_C7_Aliphatic_2008
0.9999999999999999	Total_C7_and_C8_Aliphatic_2008
1	Total_C8_Aliphatic_2008
1	Total_Hydroxyalkenyl_Aliphatic_2008
1	Total_Hydroxyalkyl_Aliphatic_2008
1	Total_Indolic_Glucosinolate_2008
0.9999999999999999	Total_Indolic_Glucosinolate_with_4_hydroxylation_2008
1	Total_Methylsulfinyl_Aliphatic_2008
1	Unknown_Alkenyl_2008
1	X_R_2_hydroxy_but_3_enyl_2008
0.9999999999999999	X_S_2_hydroxy_but_3_enyl_2008
1	X3_hydroxypropyl_2008
1	X3_methylsulfinylpropyl_2008
1	X3_methylthiopropyl_2008
0.9999999999999998	X4_hydroxy_indol_3_ylmethyl_2008
1	X4_methoxy_indol_3_ylmethyl_2008
1	X4_methylsulfinylbutyl_2008
0.9999999999999999	X4_methylthiobutyl_2008
1	X5_methylsulfinylpentyl_2008
1	X7_methylsulfinylheptyl_2008
0.9999999999999999	X7_methylthioheptyl_2008
0.9999999999999999	X8_methylsulfinyloctyl_2008
1	X8_methylthiooctyl_2008
1	AgNO3_Camalexin_1
1	AgNO3_Camalexin
0.9999999999999999	Alllyl_1
1	Alllyl
1	Benzyl
1	But_3_enyl_1
0.9999999999999998	But_3_enyl
1	Control_Camalexin_1
1	Control_Camalexin
1	Fresh_Weight
1	Indol_3_ylmethyl
1	Leaf_Area
1	N_methoxy_indol_3_ylmethyl
1	Pent_4_enyl
0.9999999999999999	R_2_hydroxy_but_3_enyl_1
1	R_2_hydroxy_but_3_enyl
1	S_2_hydroxy_but_3_enyl_1
1	S_2_hydroxy_but_3_enyl
1	Unknown_Alkenyl_1
NA	Unknown_Alkenyl
1	Unknown_Glucosinolate_Like_1
1	Unknown_Glucosinolate_Like_2
1	X3_benzoyloxypropyl
1	X3_hydroxypropyl_1
1	X3_hydroxypropyl
1	X3_methylsulfinylpropyl_1
0.9999999999999999	X3_methylsulfinylpropyl
1	X3_methylthiopropyl_1
0.9999999999999999	X3_methylthiopropyl
0.9999999999999998	X4_benzoyloxybutyl_plus_2_benzoyloxy_but_3_enyl
1	X4_hydroxy_indol_3_ylmethyl
1	X4_hydroxybutyl
1	X4_methoxy_indol_3_ylmethyl
1	X4_methylsulfinylbutyl_1
0.9999999999999999	X4_methylsulfinylbutyl
1	X4_methylthiobutyl
1	X5_methylsulfinylpentyl_1
0.9999999999999999	X5_methylsulfinylpentyl
1	X5_methylthiolpentyl
0.9999999999999999	X7_methylsulfinylheptyl
1	X7_methylthioheptyl
1	X8_methylsulfinyloctyl
0.9999999999999999	X8_methylthiooctyl
1	aconitic_acid_exp2
1	adipic_acid_exp2
0.9999999999999999	alanine_exp1
1	alanine_exp2
0.9999999999999999	alpha_ketoglutaric_acid_exp2
0.9999999999999999	arabinose_exp1
1	arabinose_exp2
1	arachidic_acid_exp1
1	arachidic_acid_exp2
1	ascorbic_acid_exp2
0.9999999999999999	asparagine_exp1
0.9999999999999999	asparagine_exp2
1	aspartic_acid_exp1
1	aspartic_acid_exp2
1	behenic_acid_exp1
0.9999999999999999	benzoic_acid_exp1
1	benzoic_acid_exp2
1	beta_alanine_exp1
0.9999999999999999	beta_alanine_exp2
1	beta_sitosterol_exp1
1	beta_sitosterol_exp2
0.9999999999999999	caffeic_acid_exp2
1	capric_acid_exp1
1	capric_acid_exp2
1	cellobiose_exp2
1	cellobiotol_exp1
1	cellobiotol_exp2
1	cerotic_acid_exp1
1	cholesterol_exp1
0.9999999999999999	cholesterol_exp2
0.9999999999999998	cis_sinapinic_acid_exp1
1	cis_sinapinic_acid_exp2
0.9999999999999999	citramalate_exp2
0.9999999999999999	citric_acid_exp1
1	citric_acid_exp2
1	citrulline_exp1
1	coniferin__ref_Tree_Physiol__exp1
0.9999999999999999	coniferin__ref_Tree_Physiol__exp2
1	dehydroascorbate_1_exp1
0.9999999999999999	dehydroascorbate_1_exp2
1	epsilon_caprolactam_2_exp2
1	erythritol_exp1
1	erythronic_acid_exp2
1	erythronic_acid_lactone_exp1
0.9999999999999997	erythronic_acid_lactone_exp2
0.9999999999999999	ethanolamine_exp1
1	ethanolamine_exp2
1	fructose_1_exp2
1	fucose_1___rhamnose_2_exp1
1	fucose_1___rhamnose_2_exp2
1	fumaric_acid_exp2
1	GABA_exp1
1	GABA_exp2
1	galactinol_major_2_exp1
0.9999999999999999	galactinol_major_2_exp2
1	galactose_exp1
1	galactose_exp2
1	glucose_1_phosphate_exp1
1	glucose_1_phosphate_exp2
1	glucose_2_exp1
1	glucose_2_exp2
0.9999999999999998	glucuronic_acid_exp2
1	glutamic_acid_exp1
1	glutamic_acid_exp2
0.9999999999999998	glutamine_exp2
0.9999999999999998	glyceric_acid_exp1
1	glyceric_acid_exp2
0.9999999999999998	glycerol_alpha_phosphate_exp2
1	glycerol_exp2
1	glycine_exp1
1	glycine_exp2
1	glycolic_acid_exp1
1	heptadecanoic_acid_exp1
1	hexonic_acid_exp2
1	hydroxylamine_exp1
1	hydroxylamine_exp2
0.9999999999999998	inositol_myo__exp2
1	inulobiose_2_exp2
1	isoleucine_exp1
1	isoleucine_exp2
0.9999999999999998	lactic_acid_exp1
1	lactic_acid_exp2
1	lactobionic_acid_exp1
1	lactobionic_acid_exp2
1	lauric_acid_exp1
1	leucine_1_exp2
0.9999999999999999	leucine_exp1
1	leucine_exp2
1	leucrose_exp1
1	leucrose_exp2
1	levoglucosan_exp1
1	lignoceric_acid_exp1
0.9999999999999999	lignoceric_acid_exp2
0.9999999999999999	lyxitol_exp1
1	malate_exp1
1	malate_exp2
1	maleic_acid_exp1
0.9999999999999999	maleic_acid_exp2
1	maltose_1_exp1
1	maltose_1_exp2
1	mannitol_exp1
1	mannitol_exp2
1	monopalmitin_1_glyceride_exp1
1	monopalmitin_1_glyceride_exp2
1	myristic_acid_exp1
1	myristic_acid_exp2
0.9999999999999998	N_acetyl_D_hexosamine_exp2
1	N_acetyl_D_mannosamine_exp2
0.9999999999999999	oleic_acid_exp1
1	oleic_acid_exp2
1	ornithine_4TMS_exp2
1	oxoproline_1_exp2
0.9999999999999998	oxoproline_exp1
1	oxoproline_exp2
1	palatinose_exp2
1	palmitic_acid_exp2
1	pelargonic_acid_exp1
0.9999999999999999	pelargonic_acid_exp2
1	pentadecanoic_acid_exp1
0.9999999999999999	phenylalanine_exp2
1	phosphoric_acid_exp1
1	phosphoric_acid_exp2
1	phytol_exp1
0.9999999999999998	phytol_exp2
1	pipecolic_acid_exp2
1	proline_exp1
1	proline_exp2
1	putrescine_exp1
1	putrescine_exp2
1	pyrrole_2_carboxylic_acid_exp1
1	rhamnose_1_exp1
0.9999999999999999	rhamnose_1_exp2
0.9999999999999998	ribitol_1_exp2
1	ribitol_exp2
0.9999999999999998	ribose_exp1
1	ribose_exp2
1	serine_1_exp1
1	serine_1_exp2
1	serine_exp1
1	serine_exp2
0.9999999999999999	shikimic_acid_exp2
1	stearic_acid_exp1
0.9999999999999998	succinic_acid_exp1
1	succinic_acid_exp2
1	talose_exp1
1	talose_exp2
1	threitol_exp1
1	threitol_exp2
0.9999999999999998	threonic_acid_exp1
1	threonic_acid_exp2
1	threonine_exp1
1	threonine_exp2
1	tocopherol_exp2
0.9999999999999999	trans_sinapinic_acid_exp1
1	trans_sinapinic_acid_exp2
1	trehalose_exp2
0.9999999999999999	tyrosine_exp1
1	tyrosine_exp2
1	urea_exp1
1	urea_exp2
0.9999999999999999	valine_exp1
1	valine_exp2
1	X1_2_4_benzenetriol_exp1
1	X1_2_4_benzenetriol_exp2
1	X1_hexadecanol_exp1
1	X1_monostearin_exp2
1	X2_palmitoleic_acid_exp1
1	X2_palmitoleic_acid_exp2
0.9999999999999998	X4_hydroxybenzoate_exp2
1	X4_hydroxyproline_exp1
1	X4_hydroxyproline_exp2
1	X5_aminovaleric_acid_exp1
1	xylonic_acid_exp2
0.9999999999999999	xylose_1_exp1
1	xylose_1_exp2
1	Lesion_0_m_cx_Apple517
0.9999999999999999	Lesion_0_m_cy_Apple517
1	Lesion_0_m_eccentricity_Apple517
1	Lesion_0_m_eccentricity_B05_10
1	Lesion_0_m_eccentricity_Ctrl
1	Lesion_0_m_eccentricity_Supersteak
1	Lesion_0_m_eccentricity_UKRazz
0.9999999999999999	Lesion_0_m_theta_Apple517
1	Lesion_0_m_theta_B05_10
1	Lesion_0_m_theta_Ctrl
1	Lesion_0_m_theta_Supersteak
1	Lesion_0_m_theta_UKRazz
0.9999999999999999	Lesion_Bblu_m_eccentricity_Apple517
0.9999999999999998	Lesion_Bblu_m_eccentricity_B05_10
0.9999999999999999	Lesion_Bblu_m_eccentricity_Ctrl
1	Lesion_Bblu_m_eccentricity_Supersteak
1	Lesion_Bblu_m_eccentricity_UKRazz
0.9999999999999999	Lesion_Bblu_m_majoraxis_Ctrl
0.9999999999999998	Lesion_Bblu_m_theta_B05_10
1	Lesion_Bblu_m_theta_Ctrl
1	Lesion_Bblu_m_theta_Supersteak
1	Lesion_Bblu_m_theta_UKRazz
1	Lesion_Bgrn_m_eccentricity_Ctrl
1	Lesion_Bgrn_m_theta_B05_10
0.9999999999999998	Lesion_Bgrn_m_theta_Ctrl
1	Lesion_Bgrn_m_theta_UKRazz
1	Lesion_Bgrnblu_m_eccentricity_Ctrl
0.9999999999999998	Lesion_Bgrnblu_m_eccentricity_UKRazz
0.9999999999999999	Lesion_Bgrnblu_m_majoraxis_Apple517
1	Lesion_Bgrnblu_m_majoraxis_B05_10
0.9999999999999999	Lesion_Bgrnblu_m_majoraxis_Ctrl
1	Lesion_Bgrnblu_m_majoraxis_Supersteak
0.9999999999999999	Lesion_Bgrnblu_m_majoraxis_UKRazz
1	Lesion_Bgrnblu_m_theta_Ctrl
1	Lesion_Bgrnblu_m_theta_UKRazz
1	Lesion_blu_m_eccentricity_Ctrl
0.9999999999999998	Lesion_blu_m_majoraxis_Ctrl
1	Lesion_blu_m_theta_Apple517
1	Lesion_blu_m_theta_B05_10
1	Lesion_blu_m_theta_Ctrl
1	Lesion_blu_m_theta_Supersteak
0.9999999999999999	Lesion_blu_m_theta_UKRazz
1	Lesion_Bred_m_eccentricity_Ctrl
1	Lesion_Bred_m_majoraxis_Ctrl
0.9999999999999999	Lesion_Bred_m_theta_Ctrl
0.9999999999999999	Lesion_Bred_m_theta_Supersteak
0.9999999999999999	Lesion_Bredblu_m_eccentricity_Apple517
0.9999999999999999	Lesion_Bredblu_m_eccentricity_B05_10
0.9999999999999998	Lesion_Bredblu_m_eccentricity_Ctrl
0.9999999999999999	Lesion_Bredblu_m_eccentricity_Supersteak
1	Lesion_Bredblu_m_eccentricity_UKRazz
0.9999999999999998	Lesion_Bredblu_m_majoraxis_Apple517
1	Lesion_Bredblu_m_majoraxis_B05_10
1	Lesion_Bredblu_m_majoraxis_Ctrl
1	Lesion_Bredblu_m_majoraxis_Supersteak
1	Lesion_Bredblu_m_majoraxis_UKRazz
1	Lesion_Bredblu_m_theta_Apple517
1	Lesion_Bredblu_m_theta_B05_10
1	Lesion_Bredblu_m_theta_Ctrl
0.9999999999999999	Lesion_Bredblu_m_theta_Supersteak
1	Lesion_Bredblu_m_theta_UKRazz
1	Lesion_Bredgrn_m_eccentricity_Apple517
1	Lesion_Bredgrn_m_eccentricity_B05_10
0.9999999999999998	Lesion_Bredgrn_m_eccentricity_Ctrl
1	Lesion_Bredgrn_m_eccentricity_Supersteak
1	Lesion_Bredgrn_m_eccentricity_UKRazz
1	Lesion_Bredgrn_m_majoraxis_B05_10
1	Lesion_Bredgrn_m_majoraxis_Ctrl
1	Lesion_Bredgrn_m_majoraxis_Supersteak
0.9999999999999998	Lesion_Bredgrn_m_majoraxis_UKRazz
1	Lesion_Bredgrn_m_theta_Apple517
1	Lesion_Bredgrn_m_theta_B05_10
0.9999999999999999	Lesion_Bredgrn_m_theta_Ctrl
1	Lesion_Bredgrn_m_theta_Supersteak
0.9999999999999999	Lesion_Bredgrn_m_theta_UKRazz
1	Lesion_Grn_Apple517
1	Lesion_Grn_B05_10
1	Lesion_Grn_Ctrl
1	Lesion_Grn_Supersteak
1	Lesion_Grn_UKRazz
1	Lesion_grnblu_m_eccentricity_Ctrl
0.9999999999999999	Lesion_grnblu_m_majoraxis_Apple517
0.9999999999999998	Lesion_grnblu_m_majoraxis_B05_10
1	Lesion_grnblu_m_majoraxis_Ctrl
1	Lesion_grnblu_m_majoraxis_Supersteak
1	Lesion_grnblu_m_majoraxis_UKRazz
1	Lesion_grnblu_m_theta_Ctrl
1	Lesion_Prop_Apple517
1	Lesion_Prop_UKRazz
1	Lesion_redblu_m_eccentricity_Apple517
1	Lesion_redblu_m_eccentricity_B05_10
1	Lesion_redblu_m_eccentricity_Ctrl
1	Lesion_redblu_m_eccentricity_Supersteak
1	Lesion_redblu_m_eccentricity_UKRazz
1	Lesion_redblu_m_majoraxis_Apple517
1	Lesion_redblu_m_majoraxis_B05_10
1	Lesion_redblu_m_majoraxis_Ctrl
1	Lesion_redblu_m_majoraxis_Supersteak
1	Lesion_redblu_m_majoraxis_UKRazz
1	Lesion_redblu_m_theta_Apple517
1	Lesion_redblu_m_theta_B05_10
1	Lesion_redblu_m_theta_Ctrl
0.9999999999999999	Lesion_redblu_m_theta_Supersteak
0.9999999999999998	Lesion_redblu_m_theta_UKRazz
1	Lesion_redgrn_m_eccentricity_B05_10
0.9999999999999999	Lesion_redgrn_m_eccentricity_Ctrl
0.9999999999999999	Lesion_redgrn_m_eccentricity_UKRazz
1	Lesion_redgrn_m_majoraxis_Ctrl
1	Lesion_redgrn_m_theta_Ctrl
1	Lesion_redgrn_m_theta_Supersteak
1	Lesion_redgrn_m_theta_UKRazz
1	Lesion_Size_Apple517
1	Lesion_Size_B05_10
1	Lesion_Size_Ctrl
1	Lesion_Size_Supersteak
1	Lesion_Size_UKRazz
1	Lesion_Ylw_B05_10
1	Lesion_Ylw_Ctrl
0.9999999999999998	Lesion_Ylw_Supersteak
1	Remaining_Leaf_Apple517
0.9999999999999999	Ylw_Lesion_Proportion_Apple517
1	Ylw_Lesion_Proportion_Ctrl
1	Ylw_Lesion_Proportion_Supersteak
1	Allyl_MS_and_allyl
1	Allyl_MS
1	I3M_MS_and_allyl
1	I3M_MS
0.9999999999999999	Long_chain_GLS_MS_and_allyl
1	Long_chain_GLS_MS
0.9999999999999999	NMOI3M_MS_and_allyl
1	NMOI3M_MS
1	Short_chain_GLS_MS_and_allyl
1	Short_chain_GLS_MS
1	total_Aliphatics_MS_and_allyl
1	total_Aliphatics_MS
1	total_alkyl_MS_and_allyl
1	total_alkyl_MS
1	total_C3_GLS_MS_and_allyl
1	total_C3_GLS_MS
1	total_C4_GLS_MS_and_allyl
1	total_C4_GLS_MS
0.9999999999999999	total_C7_GLS_MS_and_allyl
1	total_C7_GLS_MS
0.9999999999999999	Total_C8_GLS_MS_and_allyl
1	Total_C8_GLS_MS
1	total_GLS_MS_and_allyl
1	total_GLS_MS
1	total_Indolics_MS_and_allyl
0.9999999999999999	total_Indolics_MS
1	total_methylsulphinyl_MS_and_allyl
1	total_methylsulphinyl_MS
0.9999999999999999	Weight_MS_and_allyl
1	Weight_MS
1	X2OH_Butenyl_MS_and_allyl
1	X2OH_Butenyl_MS
1	X3_butenyl_MS_and_allyl
0.9999999999999998	X3_butenyl_MS
1	X3MSP_MS_and_allyl
1	X3MSP_MS
0.9999999999999998	X3MTP_MS_and_allyl
0.9999999999999998	X3MTP_MS
1	X3OHP_MS_and_allyl
1	X3OHP_MS
1	X4MOI3M_MS_and_allyl
1	X4MOI3M_MS
1	X4MSB_MS_and_allyl
0.9999999999999999	X4MSB_MS
1	X4MTB_MS_and_allyl
1	X4MTB_MS
1	X4OHB_MS_and_allyl
0.9999999999999998	X4OHB_MS
1	X5MSP_MS_and_allyl
1	X5MSP_MS
1	X7MSH_MS_and_allyl
1	X7MSH_MS
1	X7MTH_MS_and_allyl
1	X7MTH_MS
0.9999999999999998	X8MSO_MS_and_allyl
1	X8MSO_MS
1	X8MTO_MS_and_allyl
0.9999999999999999	X8MTO_MS
0.9999999999999999	ozone_sensetivity
1	Relative_NIP1_expression
0.9999999999999998	Relative_root_length
1	Average_leaf_surface_area_eaten_cm2
0.9999999999999999	Average_weight_gain_by_larvae_mg
0.9999999999999999	Proline_mmol_g
0.9999999999999998	As_V_tolerance
0.9999999999999998	X144_M216T665
1	X145_M130T666
1	X146_M172T666
1	BC160
1	BC180
1	BC181
1	BC182
1	BC183
1	BC200
0.9999999999999998	BC201
1	BC202
1	BC221
1	BCpl
1	BCpufa
1	BCsat
1	BCvlcfa
1	MPboxcox
1	k_light_0_nutrient_0
1	k_light_0_nutrient_1
1	k_light_1_nutrient_0
1	k_light_1_nutrient_1
1	tmax_light_0_nutrient_0
0.9999999999999999	tmax_light_0_nutrient_1
0.9999999999999998	tmax_light_1_nutrient_0
1	tmax_light_1_nutrient_1
1	Fe_minus
1	Fe_plus
1	Fe_response
1	Mn_minus
1	Mn_plus
0.9999999999999998	Mn_response
0.9999999999999998	Zn_minus
1	Zn_plus
1	Zn_response
1	density_deficiency
1	denstiy_control
1	length_control
0.9999999999999998	length_deficiency
0.9999999999999999	high_RFR
1	low_RFR_response
0.9999999999999998	low_RFR
0.9999999999999998	resid
0.9999999999999999	slope
0.9999999999999998	AA_NH4_fed
1	AA_NO3_fed
1	GDH_animating_NH4_fed
1	GDH_animating_NO3_fed
0.9999999999999999	GDH_deaminating_NH4_fed
0.9999999999999998	GDH_deaminating_NO3_fed
1	GS_activity_NH4_fed
1	GS_activity_NO3_fed
0.9999999999999999	NH4_content_NH4_fed
1	NH4_content_NO3_fed
1	NR_activity_NH4_fed
1	NR_activity_NO3_fed
0.9999999999999998	root_hydraulic_conductivity
0.9999999999999999	Delta_13C
1	leafsize
1	stomata_density
0.9999999999999998	stomatasize
0.9999999999999999	Cotyledon_area
1	First_leaf_area
0.9999999999999999	LA_vs_CA
1	Pavement_cell_density_in_cotyledon
1	Pavement_cell_density_in_first_leaf
1	PDL_vs_PDC
1	SDL_vs_SDC
0.9999999999999998	SIL_vs_SIC
0.9999999999999999	Stomatal_density_in_cotyledon
1	Stomatal_density_in_first_leaf
1	Stomatal_index_in_cotyledon
1	Stomatal_index_in_first_leaf
1	avrB
1	avrPph3
0.9999999999999999	avrRpm1
1	avrRpt2
1	FT.2
1	X1_FT_Diameter_Field
1	X10_Bs
0.9999999999999999	X100_4W
0.9999999999999998	X101_Li7
1	X102_FT22
1	X103_As2
1	X104_SDV
1	X105_Mg25
1	X106_Secondary_Dormancy
1	X107_As
1	X11_2W
0.9999999999999999	X12_Rosette_Erect_22
1	X13_Cd114
1	X14_Width_16
1	X15_Storage_28_days
1	X16_LY
1	X17_avrRpm1
1	X18_Width_10
1	X19_Chlorosis_22
0.9999999999999998	X2_At2_CFU2
1	X20_Storage_7_days
1	X21_As2_CFU2
1	X22_Co59
1	X23_FW
1	X24_Cu65
1	X25_Bacterial_titer
1	X26_Width_22
1	X27_Storage_56_days
1	X28_YEL
1	X29_FLC
0.9999999999999998	X3_Leaf_serr_16
1	X30_FT16
0.9999999999999998	X31_FT10
0.9999999999999999	X32_FT_Duration_GH
1	X33_Se82
1	X34_LDV
1	X35_Noco2
1	X36_8W_GH_LN
1	X37_0W
0.9999999999999998	X38_MT_GH
1	X39_After_Vern_Growth
1	X4_Seed_bank_133_91
0.9999999999999998	X40_Aphid_number
1	X41_LN22
0.9999999999999999	X42_Bs_CFU2
1	X43_avrRpt2
1	X44_Hypocotyl_length
0.9999999999999998	X45_Germ_22
1	X46_Leaf_roll_22
1	X47_SD
0.9999999999999998	X48_8W
0.9999999999999999	X49_FT_GH
1	X5_Na23
1	X50_DSDS50
1	X51_Ca43
1	X52_LC_Duration_GH
0.9999999999999999	X53_0W_GH_FT
0.9999999999999998	X54_B11
1	X55_Chlorosis_10
1	X56_RP_GH
1	X57_Chlorosis_16
0.9999999999999999	X58_LFS_GH
0.9999999999999999	X59_Germ_10
1	X6_Leaf_serr_10
1	X60_Germ_16
1	X61_Anthocyanin_16
1	X62_Anthocyanin_10
1	X63_At1_CFU2
1	X64_Ni60
0.9999999999999999	X65_P31
0.9999999999999999	X66_Emwa1
1	X67_As75
1	X68_Germ_in_dark
0.9999999999999999	X69_FRI
1	X7_Emco5
1	X70_As_CFU2
0.9999999999999999	X71_Trichome_avg_C
0.9999999999999998	X72_Vern_Growth
1	X73_Mo98
0.9999999999999999	X74_Hiks1
1	X75_Anthocyanin_22
1	X76_Zn66
0.9999999999999999	X77_Trichome_avg_JA
0.9999999999999999	X78_LES
1	X79_Silique_16
1	X8_Leaf_roll_16
1	X80_Emoy
1	X81_K39
1	X82_0W_GH_LN
1	X83_At2
0.9999999999999999	X84_At1
1	X85_LN10
0.9999999999999999	X86_FT_Field
1	X87_LN16
1	X88_avrB
1	X89_LD
1	X9_Leaf_roll_10
1	X90_Seedling_Growth
1	X91_S34
1	X92_Leaf_serr_22
1	X93_DW
1	X94_Seed_Dormancy
0.9999999999999997	X95_Mn55
0.9999999999999998	X96_Silique_22
1	X97_avrPphB
0.9999999999999998	X98_Fe56
1	X99_8W_GH_FT
0.9999999999999999	freezing_survival
0.9999999999999999	X294_Germination_rate_21C
1	X315_GR21_warm
0.9999999999999999	X316_GR21_cold
0.9999999999999999	X320_GR63_warm
1	X325_GR105_cold
0.9999999999999998	X326_GR63_cold
0.9999999999999999	DNA_content_mean
1	BiomassUV
1	LeafareaUV
1	LeaflengthUV
1	Fitness
0.9999999999999999	Flowering_time
1	Fruit_production
1	Germination_10C
0.9999999999999999	Germination_22C
1	Germination_30C
0.9999999999999999	Number_of_adults
1	Number_of_rosettes
0.9999999999999998	Seed_Weight
0.9999999999999999	Bc
0.9999999999999999	Dr_plus_Bc_residuals
1	Dr_plus_Bc
1	Pr_plus_Bc_residuals
1	Pr_plus_Bc
0.9955746626008672	log2_PDF1_2_MeJA_and_ABA_vs_PDF1_2_MeJA
0.9866089550826288	log2_PDF1_2_MeJA_and_SA_vs_PDF1_2_MeJA
1	log2_PDF1_2_vs_PPA2_MeJA_and_ABA
0.9999999999999999	delta_Lateral_root_formation
0.9999999999999999	delta_Primary_root_length
1	delta_Shoot_fresh_weight
0.9999999999999999	post_S_sclerotiorum_infection
1	Telomere_Terminal_restriction_fragments
0.9999999999999999	Xcc12824
1	Xcc6943
0.9999999999999999	Xanthomonas_campestris_10dpi
0.9999999999999999	Xanthomonas_campestris_5dpi
1	Xanthomonas_campestris_7dpi
0.9999999999999999	grown_on_zinc_deficiency_mean_Total_length_day001
1	grown_on_zinc_deficiency_mean_Total_length_day002
0.9999999999999999	grown_on_zinc_deficiency_mean_Total_length_day003
0.9999999999999999	grown_on_zinc_deficiency_mean_Total_length_day004
1	grown_on_zinc_deficiency_mean_Total_length_day005
1	grown_on_zinc_deficiency_mean_Total_length_day006
1	grown_on_zinc_deficiency_mean_Total_length_day007
0.9999999999999998	mean_Total_length_day001
0.9999999999999998	mean_Total_length_day002
1	mean_Total_length_day003
1	mean_Total_length_day004
1	mean_Total_length_day005
1	mean_Total_length_day006
1	mean_Total_length_day007
1	X271_Na23
0.9999999999999999	X269_Li7
1	X270_B11
0.9999999999999999	X272_Mg25
1	X273_P31
1	X274_S34
1	X276_Ca43
0.9999999999999998	X277_Mn55
0.9999999999999999	X278_Fe57
0.9999999999999999	X279_Co59
1	X280_Ni60
1	X281_Cu65
1	X284_Se82
1	X285_Rb85
1	Sodium
1	X283_As75
0.9999999999999999	X287_Cd111
0.9999999999999998	X275_K39
1	Weib_all_LT50control
0.9999999999999999	Weib_all_LT50submerged
1	base_perc
1	d11_10C_perc
1	d11_4C_perc
1	d15_10C_perc
0.9999999999999998	d15_4C_perc
1	d22_10C_perc
1	d22_4C_perc
1	d32_10C_perc
1	d32_4C_perc
0.9999999999999998	d4_10C_perc
1	d4_4C_perc
1	d8_10C_perc
0.9999999999999998	d8_4C_perc
1	DSDS50.1
1	DTbolt
1	DTflower
1	DTfruit
1	DTgerm
1	DTharvest
1	germination_3days
1	germination_7days
1	sex_ratio
1	number_of_egg_masses
1	Cala2_cotyledons
1	Cala2_true_leaves
1	Emco5_cotyledons
1	Emco5_true_leaves
0.9999999999999998	Emoy2_cotyledons
1	Emoy2_true_leaves
0.9999999999999998	Emwa1_cotyledons
1	Emwa1_true_leaves
1	Maks9_cotyledons
1	Maks9_true_leaves
1	F3GG7R
1	salt_survival_days
1	ANGc_2013
1	ANGLEr_2013
1	ANGs_2013
1	AREAc_2013
0.9999999999999999	AREAr_2013
1	AREAs_2013
1	CHLc_2013
1	CHLr_2013
1	CHLs_2013
1	Dry0_2012
1	Dry500_2012
0.9999999999999998	Dry500p0_2012
1	DWc_2013
0.9999999999999999	DWr_2013
1	DWs_2013
1	Elc_2013
1	Elr_2013
1	Els_2013
1	Fresh_min_Dry0_2012
1	Fresh_min_Dry500_2012
0.9999999999999999	Fresh_per_Dry0_2012
1	Fresh_per_dry500_2012
1	Fresh0_2012
1	Fresh500_2012
1	Fresh500p0_2012
1	FWc_2013
1	FWr_2013
1	FWs_2013
1	Surf0_2012
1	Surf500_2012
0.9999999999999999	Surf500p0_2012
1	WC500p0_2012
0.9999999999999998	WCc_2013
1	WCr_2013
1	WCs_2013
1	salt_0_mM_NaCl_aLRL_vs_MRL
1	salt_0_mM_NaCl_Apical
1	salt_0_mM_NaCl_Basal
1	salt_0_mM_NaCl_Branched
0.9999999999999999	salt_0_mM_NaCl_Depth
1	salt_0_mM_NaCl_LRD_vs_BZ
0.9999999999999998	salt_0_mM_NaCl_LRD_vs_MR
0.9999999999999998	salt_0_mM_NaCl_LRL_vs_MRL
0.9999999999999999	salt_0_mM_NaCl_LRL_vs_noLR
0.9999999999999998	salt_0_mM_NaCl_LRL
0.9999999999999999	salt_0_mM_NaCl_MRL_vs_TRS
1	salt_0_mM_NaCl_MRL
1	salt_0_mM_NaCl_MRVA
1	salt_0_mM_NaCl_MRVL
1	salt_0_mM_NaCl_noLRpMR
1	salt_0_mM_NaCl_PC1
0.9999999999999998	salt_0_mM_NaCl_PC2
1	salt_0_mM_NaCl_PC3
1	salt_0_mM_NaCl_Straightness
1	salt_0_mM_NaCl_TRS
1	salt_125_mM_NaCl_aLRL_vs_MRL
1	salt_125_mM_NaCl_Apical
0.9999999999999999	salt_125_mM_NaCl_Basal
1	salt_125_mM_NaCl_Branched
0.9999999999999999	salt_125_mM_NaCl_Depth
0.9999999999999999	salt_125_mM_NaCl_LRD_vs_BZ
1	salt_125_mM_NaCl_LRD_vs_MR
1	salt_125_mM_NaCl_LRL_vs_MRL
1	salt_125_mM_NaCl_LRL_vs_noLR
1	salt_125_mM_NaCl_LRL
1	salt_125_mM_NaCl_MRL_vs_TRS
0.9999999999999999	salt_125_mM_NaCl_MRL
1	salt_125_mM_NaCl_MRVA
1	salt_125_mM_NaCl_MRVL
1	salt_125_mM_NaCl_noLRpMR
1	salt_125_mM_NaCl_PC1
1	salt_125_mM_NaCl_PC2
0.9999999999999999	salt_125_mM_NaCl_PC3
1	salt_125_mM_NaCl_Straightness
1	salt_125_mM_NaCl_TRS
0.9999999999999998	salt_75_mM_NaCl_aLRL_vs_MRL
1	salt_75_mM_NaCl_Apical
1	salt_75_mM_NaCl_Basal
1	salt_75_mM_NaCl_Branched
1	salt_75_mM_NaCl_Depth
1	salt_75_mM_NaCl_LRD_vs_BZ
1	salt_75_mM_NaCl_LRD_vs_MR
1	salt_75_mM_NaCl_LRL_vs_MRL
1	salt_75_mM_NaCl_LRL_vs_noLR
1	salt_75_mM_NaCl_LRL
0.9999999999999999	salt_75_mM_NaCl_MRL_vs_TRS
1	salt_75_mM_NaCl_MRL
0.9999999999999998	salt_75_mM_NaCl_MRVA
1	salt_75_mM_NaCl_MRVL
1	salt_75_mM_NaCl_noLRpMR
0.9999999999999998	salt_75_mM_NaCl_PC1
0.9999999999999999	salt_75_mM_NaCl_PC2
1	salt_75_mM_NaCl_PC3
1	salt_75_mM_NaCl_Straightness
0.9999999999999999	salt_75_mM_NaCl_TRS
0.9999999999999998	RR_stained_mucilage_area
0.9384693823434442	Fruit_number
1	Growth_rate
0.7964649153749992	RGR
1	rosette_DM
0.9999999999999998	ABA_96h_low_water_potential
1	Oviposition_rate_eggs_female
0.9999999999999999	Survival
1	A0
1	drought_A0
1	drought_Fresh_Weight_28
1	drought_projected_leaf_area_day_11
1	drought_projected_leaf_area_day_14
0.9999999999999999	drought_projected_leaf_area_day_16
1	drought_projected_leaf_area_day_18
1	drought_projected_leaf_area_day_20
0.9999999999999999	drought_projected_leaf_area_day_22
1	drought_projected_leaf_area_day_24
1	drought_projected_leaf_area_day_25
0.9999999999999999	drought_projected_leaf_area_day_26
0.9999999999999998	drought_projected_leaf_area_day_27
0.9999999999999999	drought_projected_leaf_area_day_28
1	drought_projected_leaf_area_day_8
1	drought_r
1	drought_Relative_Water_Content_24
1	drought_Water_Content_24
1	Fresh_Weight_28
1	projected_leaf_area_day_11
1	projected_leaf_area_day_14
1	projected_leaf_area_day_16
1	projected_leaf_area_day_18
0.9999999999999998	projected_leaf_area_day_20
1	projected_leaf_area_day_22
1	projected_leaf_area_day_24
1	projected_leaf_area_day_25
1	projected_leaf_area_day_26
1	projected_leaf_area_day_27
1	projected_leaf_area_day_28
1	projected_leaf_area_day_8
0.9999999999999998	r
0.9999999999999998	Relative_Water_Content_24
0.9999999999999999	Water_Content_24
1	drought_index
0.9999999999999998	Survival_insitu_Madrid
1	Survival_insitu_Tubingen
1	Pi_uptake_under_Pi_deficient_conditions
0.9999999999999999	Pi_uptake_under_Pi_sufficient_conditions
