pheno	MSE	NRMSE
FT10	95.2001886405635	0.0918311378917834
FT16	204.343362998077	0.126503291262082
DSDS10	8148.55230487074	0.172820500504461
DSDS50	11641.7528587538	0.215277244247547
DSDS90	12219.0829956469	0.228861203064922
FT	953.452527375414	0.158313555963191
GAS	0.0478235997666253	0.218686075840748
SS	0.000876965844251781	0.174197700620432
t10	11.974575413399	0.116434385811627
t50	15.6025578535035	0.120574094115431
U8416	17.0128165812565	0.209906339519562
HL23_mm_	4.71735970237312	0.192207819955243
HL27_mm_	7.79891844889308	0.202366258937137
SensHL	0.313698541855841	0.237325413936103
VarTemp	463.159141475671	0.227255886372062
G2H3B	0.470563241542033	0.171158350420451
G2H4P	0.0882555914939512	0.119799433374186
G2P	0.637434690341433	0.206772611293867
G3B	0.349453072448896	0.157531024266068
G3BOP	0.0057853859647259	0.170100844600764
G3HP	0.204399200183255	0.168832431416346
G3MSP	0.0682746086402713	0.15088615065262
G3MTP	0.0445614437904009	0.217142372088581
G4BOB	0.00453039298014396	0.132954491301818
G4HB	0.00428265172701198	0.151191035694101
G4MSB	0.219207767423115	0.167417921405277
G4MTB	0.0570070850496387	0.140753322220693
G4P	0.103289395540233	0.14904254184103
G5MSP	0.0477066013225895	0.147944884289033
G5MTP	0.0010060628495243	0.150987892913099
G6MSH	0.00655909208505207	0.186281926574166
G6MTH	1.2927094954697e-25	0.169302956730264
G7MSH	0.00177365243916609	0.135542074296277
G7MTH	0.00261736881560244	0.160813382406715
G8MSO	0.00231275444448072	0.104841634392576
G8MTO	0.000654272123291527	0.177370860830224
X16S_OTU0_1	0.0938569838678627	0.287605536631887
X16S_OTU10_11	0.0322663558068159	0.166789119728741
X16S_OTU101_102	0.0793524632761121	0.266241679306245
X16S_OTU1026_1027	0.0894638432077544	0.274973116624728
X16S_OTU1037_1038	0.0913993698278488	0.284063449264099
X16S_OTU104_105	0.0613739277359631	0.237080061081572
X16S_OTU1076_1077	0.0348504096666826	0.175933708928678
X16S_OTU11_12	0.0822950816784796	0.244992812593257
X16S_OTU110_111	0.0782459766208111	0.251729981900806
X16S_OTU116_117	0.057986989232138	0.216459004181278
X16S_OTU12_13	0.0317339651389098	0.157518458842865
X16S_OTU125_126	0.0973607700040597	0.300644647542159
X16S_OTU129_130	0.0836915201339467	0.26933528690486
X16S_OTU15_16	0.0309859905530306	0.157605182327947
X16S_OTU151_152	0.0508367822610093	0.207827602725831
X16S_OTU154_155	0.0989135538085884	0.300598819471317
X16S_OTU157_158	0.0582899915492228	0.22294766240199
X16S_OTU159_160	0.023840033925432	0.139672147112927
X16S_OTU17_18	0.0275125623657268	0.156715602043884
X16S_OTU1782_1783	0.0881123066846315	0.276610886409716
X16S_OTU18_19	0.0464732018161797	0.202211633025001
X16S_OTU190_191	0.0232152322779541	0.13902883717846
X16S_OTU193_194	0.0954201617708561	0.27113204942887
X16S_OTU197_198	0.112466221381847	0.314669918059769
X16S_OTU199_200	0.0621738839283856	0.239318927734524
X16S_OTU200_201	0.0338189679598827	0.172336442379896
X16S_OTU202_203	0.123540113095814	0.326389941610196
X16S_OTU2052_2053	0.0399623023248037	0.187394597960876
X16S_OTU219_220	0.0788974417450642	0.272204886396827
X16S_OTU22_23	0.0197089245701087	0.137951027017974
X16S_OTU225_226	0.0212687546076171	0.136726539642818
X16S_OTU2284_2285	0.0955256168952005	0.295030382657338
X16S_OTU233_234	0.0356237209148679	0.184240735176962
X16S_OTU2331_2332	0.113590323771316	0.297234173941311
X16S_OTU243_244	0.125278121700267	0.346465398733492
X16S_OTU252_253	0.116464873891372	0.31918336992056
X16S_OTU254_255	0.0506705756536073	0.205765538934216
X16S_OTU2561_2562	0.100541768134956	0.299581870647878
X16S_OTU26_27	0.11170807840123	0.326372392945225
X16S_OTU273_274	0.0617622811377743	0.241310878152998
X16S_OTU278_279	0.0805003867990336	0.260347140872054
X16S_OTU28_29	0.104567506688527	0.301329589148349
X16S_OTU281_282	0.0593383173510093	0.227840769653624
X16S_OTU29_30	0.0921903223302886	0.289585570026813
X16S_OTU293_294	0.111732782047663	0.309351259762106
X16S_OTU308_309	0.0933491049593963	0.293889725345224
X16S_OTU32_33	0.0503813891877452	0.208356890360027
X16S_OTU320_321	0.081481169485667	0.264824238477403
X16S_OTU325_326	0.0459261546157689	0.191062589769159
X16S_OTU329_330	0.129915038719452	0.34164849039479
X16S_OTU336_337	0.0453666384233122	0.183834165193961
X16S_OTU349_350	0.110676712189308	0.317525339840515
X16S_OTU358_359	0.110525803596647	0.318106351119577
X16S_OTU37_38	0.0267810309154136	0.154064599455663
X16S_OTU373_374	0.132440499499137	0.331486716351077
X16S_OTU38_39	0.0924652296634514	0.288621899023901
X16S_OTU385_386	0.0229142822855108	0.198666951713544
X16S_OTU395_396	0.0638373779580114	0.242721689283985
X16S_OTU4_5	0.0648684238968559	0.2230928274417
X16S_OTU40_41	0.0267676491176799	0.157378548579979
X16S_OTU452_453	0.0296135121382862	0.156642793381562
X16S_OTU478_479	0.0900267881316779	0.276420596239201
X16S_OTU48_49	0.101789844083221	0.298970742980151
X16S_OTU488_489	0.104346779728494	0.309032527161216
X16S_OTU507_508	0.0700073119253763	0.254800611463638
X16S_OTU51_52	0.0407947290332873	0.184466927953316
X16S_OTU52_53	0.0389695860602924	0.186102246231586
X16S_OTU546_547	0.0339900584475092	0.174269898778635
X16S_OTU555_556	0.133180167046465	0.339225169202507
X16S_OTU557_558	0.0767361877594894	0.250791359597195
X16S_OTU561_562	0.0932041673743748	0.282557110805909
X16S_OTU562_563	0.0763129146813183	0.260520287435191
X16S_OTU581_582	0.0744606025621061	0.255070548584702
X16S_OTU59_60	0.0354009242812051	0.184952932975547
X16S_OTU592_593	0.0582282631902673	0.223328032671928
X16S_OTU6_7	0.0299170886682402	0.233694726168266
X16S_OTU61_62	0.0711741315529952	0.243360486606356
X16S_OTU615_616	0.0881346662227999	0.259855792779129
X16S_OTU63_64	0.0489426800407782	0.211764389611833
X16S_OTU633_634	0.0320125587035882	0.167538056793888
X16S_OTU648_649	0.0366003211781416	0.174552529802057
X16S_OTU651_652	0.105570885547696	0.296904225076067
X16S_OTU68_69	0.0908458729197863	0.283531302160422
X16S_OTU70_71	0.0299201439004537	0.159888840454013
X16S_OTU723_724	0.0593801785315062	0.225428701404803
X16S_OTU728_729	0.0845637304783637	0.283061233363483
X16S_OTU73_74	0.0752728684695621	0.262149256641149
X16S_OTU80_81	0.0314110534268658	0.311509185902852
X16S_OTU835_836	0.0811524052021237	0.277606884195197
X16S_OTU836_837	0.108194007532036	0.283320569181569
X16S_OTU85_86	0.0431873327285889	0.194742114537411
X16S_OTU913_914	0.0964493673418602	0.290327554090774
X16S_OTU93_94	0.0388700255701959	0.184576701825907
X16S_OTU949_950	0.0944493330333218	0.29914506195402
ITS_OTU1000_1001	0.231136516314529	0.480766592344486
ITS_OTU1051_1052	0.045867208589877	0.214166310585669
ITS_OTU1054_1055	0.201033258514294	0.448367325431162
ITS_OTU1084_1085	0.130488850678182	0.361232405354478
ITS_OTU1088_1089	0.0812037091778526	0.28496264523241
ITS_OTU1091_1092	0.112482180672048	0.335383632087269
ITS_OTU1107_1108	0.104053742865385	0.322573623945581
ITS_OTU1136_1137	0.201634435031592	0.449037231230988
ITS_OTU1145_1146	0.188700814966282	0.434397070623504
ITS_OTU1152_1153	0.198336774050845	0.445350170147992
ITS_OTU1189_1190	0.0982636840927401	0.313470387904089
ITS_OTU1197_1198	0.152172609682426	0.39009307822932
ITS_OTU1198_1199	0.087938533133564	0.29654431900403
ITS_OTU1202_1203	0.148658287634471	0.385562300587689
ITS_OTU1290_1291	0.216648511799533	0.465455166261513
ITS_OTU1386_1387	0.0944525836918127	0.307331390671068
ITS_OTU1404_1405	0.036555922862991	0.191196032550341
ITS_OTU1425_1426	0.197346925419639	0.444237465123822
ITS_OTU1481_1482	0.170983859058251	0.413501945652316
ITS_OTU1492_1493	0.124982048085891	0.353528001841285
ITS_OTU1502_1503	0.0250543902262902	0.158285786558017
ITS_OTU1537_1538	0.108037241407223	0.328690190616062
ITS_OTU1549_1550	0.0298763414266632	0.172847740588829
ITS_OTU1576_1577	0.128889659776429	0.359012060767364
ITS_OTU1584_1585	0.065971212834715	0.256848618518214
ITS_OTU1614_1615	0.150460271391048	0.387892087301414
ITS_OTU1631_1632	0.1439990235042	0.379472032571835
ITS_OTU1644_1645	0.0493023701809308	0.222041370426619
ITS_OTU1650_1651	0.09193637039362	0.303210109319627
ITS_OTU1660_1661	0.0323805459841034	0.179945952952834
ITS_OTU1666_1667	0.110668395195109	0.332668596647037
ITS_OTU1671_1672	0.209990036665624	0.458246698477603
ITS_OTU1676_1677	0.0954234512221274	0.308906864964389
ITS_OTU1713_1714	0.11391361739923	0.337510914489042
ITS_OTU1738_1739	0.0786050004245079	0.280365833197463
ITS_OTU1762_1763	0.0583012246995722	0.241456465433362
ITS_OTU1772_1773	0.12797831003959	0.357740562474526
ITS_OTU1786_1787	0.0283904784546445	0.168494743106853
ITS_OTU1800_1801	0.119622904450111	0.345865442694281
ITS_OTU1805_1806	0.117463329950518	0.342729237081574
ITS_OTU1808_1809	0.16589691144466	0.407304445648044
ITS_OTU1822_1823	0.0870287671184471	0.295006384877424
ITS_OTU1827_1828	0.0724647796323824	0.269192829830927
ITS_OTU1845_1846	0.0727043447070741	0.269637431947187
ITS_OTU1890_1891	0.0184837611467836	0.135954996770194
ITS_OTU1941_1942	0.15837418093713	0.397962537102589
ITS_OTU1953_1954	0.10221986165329	0.319718409938011
ITS_OTU2043_2044	0.135027880371212	0.367461399838421
ITS_OTU2054_2055	0.0858086234796111	0.292931089984677
ITS_OTU2081_2082	0.141865494618359	0.376650361234872
ITS_OTU2082_2083	0.16644233406505	0.407973447745132
ITS_OTU2103_2104	0.111216623235092	0.333491563963905
ITS_OTU2109_2110	0.0466006811147707	0.215871909045088
ITS_OTU2128_2129	0.101222806415076	0.318155318068198
ITS_OTU2129_2130	0.0179757954171294	0.134073843150442
ITS_OTU2154_2155	0.083993031460973	0.289815512802495
ITS_OTU2179_2180	0.0830379197464331	0.288163008983515
ITS_OTU2243_2244	0.136164354606633	0.369004545509446
ITS_OTU2349_2350	0.061722441559019	0.24844001601799
ITS_OTU2419_2420	0.0782203749024505	0.279679056960743
ITS_OTU2460_2461	0.0689084501507871	0.262504190729952
ITS_OTU2678_2679	0.0505025545611829	0.224727734294597
ITS_OTU2761_2762	0.044273324337058	0.210412272306199
ITS_OTU2877_2878	0.0840958293048224	0.289992809057091
ITS_OTU2911_2912	0.145290732660704	0.381170214813152
ITS_OTU2934_2935	0.0370732503951385	0.19254415180716
ITS_OTU3025_3026	0.0845859886481314	0.290836704437613
ITS_OTU3029_3030	0.0463579998487901	0.215309079810374
ITS_OTU3043_3044	0.0594099792363357	0.24374162393062
ITS_OTU3185_3186	0.0325682056384242	0.180466633033434
ITS_OTU3313_3313	0.152780854176496	0.390871915307938
ITS_OTU3327_3327	0.123586845945245	0.351549208426424
ITS_OTU3376_3376	0.18059794569256	0.424968170211087
ITS_OTU3421_3421	0.210150137661422	0.45842135384537
ITS_OTU3455_3455	0.176366791655098	0.419960464395279
ITS_OTU3467_3467	0.126180746964686	0.355219294189781
ITS_OTU3507_3507	0.17794073456073	0.421830220065763
ITS_OTU3573_3573	0.120470355372227	0.347088397057907
ITS_OTU3751_3751	0.0279713192235642	0.167246283138264
ITS_OTU3804_3804	0.113057259930662	0.336239884503105
ITS_OTU3820_3820	0.16131239333569	0.40163714137974
ITS_OTU3874_3874	0.106525578616341	0.326382564816722
ITS_OTU3962_3962	0.0722606597795926	0.268813429314074
ITS_OTU4268_4268	0.0686532350696514	0.262017623585994
ITS_OTU600_601	0.0897657178512399	0.299609275309093
ITS_OTU621_622	0.0676321383410158	0.260061797157937
ITS_OTU763_764	0.132481397762474	0.363979941428746
ITS_OTU776_777	0.156435640386743	0.39551945639468
ITS_OTU780_781	0.0949018087983718	0.308061371804989
ITS_OTU822_823	0.213133201769478	0.461663515744398
ITS_OTU850_851	0.203449333620427	0.451053581762108
ITS_OTU883_884	0.186917795677788	0.432339907570176
ITS_OTU892_893	0.142691179665671	0.377744860541703
ITS_OTU899_900	0.195669237730599	0.442345156784381
ITS_OTU905_906	0.137381740107514	0.370650428446418
ITS_OTU907_908	0.0329932594319863	0.181640467495507
ITS_OTU910_911	0.0463179180421881	0.215215979987984
ITS_OTU917_918	0.240597999771039	0.490507899804925
ITS_OTU921_922	0.0562510767937831	0.237173094582381
ITS_OTU998_999	0.180526216655355	0.424883768406555
elfDC	138.473051581048	0.175952495050163
elfPs	128.829095532283	0.186452311429799
elfPv	107.353594935432	0.163292011417831
flgPa	288.385051521991	0.202797855628152
flgPsHRm	211.844214086746	0.192408689675759
flgPsHRp	234.085987697249	0.207304255838727
flgPv	89.721722780901	0.137167885777916
day10_27C_cut	0.680534130282581	0.206236231401423
day10_30C_cut	0.237163869025071	0.121748683007526
day10_30C_uncut	0.161620449700909	0.201010229653188
day11_27C_cut	0.624806318188306	0.19774263322753
day11_27C_uncut	1.08177001832382	0.260020434091705
day12_27C_cut	0.610418732241403	0.195344344052115
day13_27C_cut	0.642929393029011	0.200457195092402
day13_27C_uncut	1.14520638809484	0.267535790607402
day3_27C_cut	0.0692634068837863	0.142436228590848
day3_27C_uncut	0.113483618235172	0.133701102161147
day3_30C_cut	0.49856253067496	0.232518722716524
day3_30C_uncut	0.563452997416973	0.187870119569897
day4_27C_cut	0.231649937163618	0.195063733795341
day4_27C_uncut	0.415536286976958	0.21487368045667
day4_30C_cut	0.848984684242433	0.23091087109231
day4_30C_uncut	1.18918555536158	0.272624461870352
day5_27C_cut	0.504216189171665	0.198391209948044
day5_27C_uncut	0.685083643530354	0.206924449306135
day5_30C_cut	0.490068374066906	0.176257024464182
day5_30C_uncut	1.5032490208333	0.306517640278796
day6_27C_cut	0.602901693736301	0.194116861345219
day6_27C_uncut	0.99355335603355	0.249192866575464
day6_30C_cut	0.355197006761524	0.149158636669154
day6_30C_uncut	0.790201960755872	0.223935732978171
day7_27C_cut	0.680743462277948	0.206267948049065
day7_27C_uncut	1.0814061451857	0.259976699098412
day7_30C_cut	0.315336591210546	0.140431824345765
day7_30C_uncut	0.52603363014549	0.181320439785737
day8_27C_uncut	0.977339952693756	0.247151263487282
day9_27C_uncut	0.905395936351374	0.237880739073093
LB_vs_PR_DhighN_vs_lowN	0.022929932265316	0.217123494555622
LB_vs_PR_highN	0.0111923101117294	0.166681562387854
LB_vs_PR_lowN	0.0178313932298338	0.219968707575448
LR_count_DhighN_vs_lowN	10.4276197997429	0.200570343359831
LR_count_highN	11.0574446792644	0.158095417999106
LR_count_lowN	2.48058874916022	0.194443023673438
LRdensity_DhighN_vs_lowN	0.17747239060451	0.19358763512102
LRdensity_highN	0.178063348191736	0.165124033619797
LRdensity_lowN	0.142933315313069	0.191894565430639
LRlengthave_DhighN_vs_lowN	0.0449658415619611	0.131295385319466
LRlengthave_highN	0.0224345824446779	0.200569651138937
LRlengthave_lowN	0.0476289094015714	0.13186059039183
LRtot_DhighN_vs_lowN	3.8333325301566	0.129214034544741
LRtot_highN	4.82358325614449	0.136658762722107
LRtot_lowN	0.628195561217141	0.174825279830366
PR_DhighN_vs_lowN	0.714485954677058	0.187896240153527
PR_highN	1.51939332517846	0.136895013603035
PR_lowN	0.615093626598712	0.177770657040442
PR_plus_LRtot_DhighN_vs_lowN	5.87627563789387	0.135653788663446
PR_plus_LRtot_highN	7.13841148859495	0.135214077067939
PR_plus_LRtot_lowN	1.49580837704918	0.176237078165849
SA_DhighN_vs_lowN	0.0019338547087627	0.159430963855116
SA_highN	0.00162063640053821	0.167111368069621
SA_lowN	0.000356834795105231	0.153079994624715
SA_to_PR_DhighN_vs_lowN	2.44047822369913e-05	0.176189772266158
SA_to_PR_highN	0.697467933383164	0.127356550777457
SA_to_PR_lowN	8.54217193071984e-06	0.141983273850755
DTF_Oct_2010	37.8115532326407	0.124224443525433
DTF_Oct_2040	35.0535135656865	0.0925093871473196
DTF_Sep_2010	543.704906063134	0.177319244845438
DTF_Sep_2040	485.408983491349	0.165033700978921
X108_Area_sweden_2009_1st_experiment	34795942.6709692	0.208287586046668
X109_SizePlantingSummer2009	4.0716608520707	0.138444986970972
X110_Size_sweden_2009_2nd_experiment	3.84973271305112	0.13649207477087
X111_SizePlantingSummerLocSweden2009	4.80301465371724	0.159387499597446
X112_Area_sweden_2009_2nd_experiment	14406756.1540607	0.167669720122433
X113_DTF_sweden_2008_1st_experiment	275.792437231787	0.0775727154686975
X114_Yield_sweden_2009_2nd_experiment	0.00153844891876172	0.147455135928826
X115_SizeLocSweden2009	3.72078944434124	0.12924186232857
X116_DTFplantingSummerLocSweden2009	229.258041991135	0.123970874177999
X117_DTFlocSweden2008	178.83951120721	0.0874815138557619
X118_DTFlocSweden2009	77.1199569045987	0.082026488820457
X119_DTF_spain_2009_1st_experiment	43.8320833801966	0.0745980877779327
X120_DTFplantingLoc2008	339.407554273297	0.0953185507014855
X121_DTF_spain_2009_2nd_experiment	156.343611999093	0.0859363843249929
X122_Yield_spain_2009_2nd_experiment	0.00088409542919453	0.1818577508679
X123_Size_sweden_2009_1st_experiment	3.13698639231139	0.114823596235844
X124_Yield_spain_2009_1st_experiment	0.00261703692855513	0.121225078636625
X125_DTFmainEffect2009	46.0599652821139	0.0762728351303319
X126_DTFmainEffect2008	45.9050817139068	0.0713192515872838
X127_Size_spain_2009_2nd_experiment	2.90628972445987	0.13530034627288
X128_Size_spain_2009_1st_experiment	2.68886608371345	0.13413302492993
X129_DTFplantingSummer2009	127.410571628928	0.0925215503375815
X130_DTFplantingSummer2008	195.989058027124	0.102976161896287
X131_SizeMainEffect2009	2.99033234314029	0.141452576147983
X132_DTF_spain_2008_1st_experiment	47.1863723441235	0.0723077237087168
X133_YieldPlantingSummer2009	0.00463630168537307	0.176073881529169
X134_DTF_sweden_2009_1st_experiment	123.523384274969	0.0866597071650581
X135_YieldLocSweden2009	0.0078056037320244	0.14029002679219
X136_DTF_spain_2008_2nd_experiment	208.534086256258	0.0837952348181175
X137_YieldMainEffect2009	0.00420008116841777	0.14878768725351
X138_YieldPlantingSummerLocSweden2009	0.00786716666682584	0.127486280658882
X139_Yield_sweden_2009_1st_experiment	0.00657511042637587	0.163977865756277
X140_DTF_sweden_2009_2nd_experiment	267.953096805571	0.107339494732861
X141_DTF_sweden_2008_2nd_experiment	344.242247745409	0.0994840021620597
D2_entrance_per	563.628087578407	0.242253599120422
GEMINATION_4D_per	614.035049530178	0.25745174668671
GERMINATION_1D_per	234.250041637113	0.313953420004905
Direction_index	0.00208132725482009	0.147881898466749
Root_angle	12.4934944259702	0.165423960270188
NC_0557	0.0883403722196372	0.1613731914147
NC_0570	1.17393431393449	0.141073848989884
NC_0596	3.29698420219987	0.155660030725594
NC_0662	0.213550834973251	0.139992661130635
NC_0674	0.972756604664843	0.137202152909681
NC_0704	2.59671060056696	0.236400846031832
NC_0705	5.91671447256577	0.139377368916744
NC_0734	1.13233905788901	0.158881784837086
NC_0790	5.25683706663419	0.218092172602476
NC_0928	2.046037321381	0.160064311219686
NC_1008	0.152839554481045	0.162777385766224
NC_1036	1.24628445978193	0.142943331499144
NC_1057	3.25767635816495	0.149396038191659
NC_1092	0.206297601237645	0.142035012787539
NC_1111	10.7779949313416	0.178689478634186
NC_1125	1.5187610445508	0.149157310059714
NC_1142	7.54958660965529	0.161747028815704
NC_1201	7.73736389776758	0.167289751177624
NC_1213	1.32767362261293	0.147525350446175
NC_1260	12.0880234233585	0.175577551591856
NC_1295	11.2346399700124	0.266821838763753
NC_1334	4.04629041583039	0.143211103227372
NC_1379	0.947569058435407	0.177657190021527
NC_1383	0.758260394531729	0.171714698061719
NC_1393	5.32220325830277	0.184556819920196
NC_1422	1.46517498655003	0.189495017758973
NC_1427	2.08172746921644	0.164952469855955
NC_1433	0.777562374312982	0.144831800793376
NC_1474	0.671681915150383	0.143515008366825
NC_1542	2.1372637247581	0.232396139062764
NC_1548	6.3286797205036	0.195686184647714
NC_1971	12.8315523427291	0.203223141724773
NC_2426	0.704872737691175	0.172490860555757
PC_0435	0.459743340494554	0.171808184663631
PC_0441	0.0994321838466152	0.145414532589036
PC_0446	0.270720194838627	0.155772563845732
PC_0448	0.800619985021963	0.151455483938152
PC_0451	1.01524468940802	0.212565760234332
PC_0454	2.73552678641129	0.217439429419145
PC_0455	8.95125653843655	0.235575258400748
PC_0490	2.84826182025429	0.149729096127397
PC_0499	0.133762408476526	0.168850809862481
PC_0500	0.126040937161027	0.147657263872382
PC_0506	0.125136158233671	0.198396161405092
PC_0512	0.588822031389247	0.127234855336503
PC_0526	3.23219435988052	0.170664767684103
PC_0544	0.716286111823487	0.12152527921358
PC_0546	0.540654195978824	0.172388420475569
PC_0552	0.207589737652413	0.177449895214768
PC_0558	0.0563135253515734	0.147006132662442
PC_0570	0.184174287120652	0.176232187404347
PC_0601	0.208771871891548	0.136811883563761
PC_0615	2.08901981715691	0.165825605176097
PC_0626	0.604636520156416	0.175676615857375
PC_0631	1.4294139864595	0.209638291780216
PC_0633	1.21952104331031	0.19978938461785
PC_0635	0.386884170517624	0.179518511564447
PC_0638	1.45758572409274	0.172495452583859
PC_0642	9.83228361533124	0.298489784601569
PC_0658	0.140364278950696	0.157822201879187
PC_0673	0.44021056715891	0.172428170386647
PC_0684	0.692187372551462	0.151888028648015
PC_0688	0.724360957669159	0.177699506039961
PC_0709	0.134403205491738	0.168427064150113
PC_0712	0.684041749258113	0.16375877910227
PC_0785	0.187790383741162	0.160580024049433
PC_0846	0.316686302087248	0.127759992551677
PC_0858	0.326486808476693	0.147836229342275
PC_0866	3.14353699919514	0.206463911014801
PC_0932	0.46297535846828	0.148236581075352
PC_1145	0.0898767681338939	0.153472794830358
PC_1181	15.9779990386568	0.209179376440879
PC_1237	10.4091483114113	0.174693879021019
PC_1246	0.168632008794232	0.176632769016776
PC_1248	0.993148655842457	0.212967440830883
PC_1265	0.193791529974783	0.196016513163533
PC_1274	0.544147768366035	0.232098424278786
PC_1322	0.0900782586463804	0.176199741736393
PC_1401	0.276104662980602	0.183746641494239
PC_1410	6.29203880843479	0.237828820418589
PC_1435	0.176874653253853	0.171629738148497
PC_1465	2.22234083530561	0.164774846992725
PC_1490	0.437892406232307	0.179750250350755
PC_1491	2.02248347215605	0.15950009219254
PC_1493	1.64748736305368	0.145685707343337
PC_1528	0.313690970317284	0.154181137250683
PC_1533	1.57848573868181	0.200726511000305
PC_1732	0.260912416832066	0.180209401458405
PC_1734	0.904454254530835	0.182291712063105
PC_1755	0.696366627893536	0.190410340543187
PC_1782	1.19370923816218	0.156948881834795
PC_1857	0.145417711066326	0.139578374012647
PC_1976	1.25521217864377	0.0949213523965042
PC_1998	0.799551364259689	0.134667056911122
PC_2045	0.192147015831965	0.113337143956609
PC_2372	3.49120927456809	0.16293902734432
PC_2395	1.49933328982366	0.173156387676316
PC_2413	1.0797781770231	0.180164635439829
met01	0.519714524238069	0.15294051609899
met02	0.883674363287583	0.162509563928609
met03	0.525295468095079	0.144943252045794
met04	0.812105712891669	0.174714010192424
met05	0.851217621771126	0.197826469955741
met06	0.555362581177977	0.155232312437072
met07	0.887373186685384	0.176776148448607
met08	0.693210282864912	0.196160399877988
met09	0.797212939502578	0.144564191785042
met10	0.602406017974971	0.141588415373508
met11	0.578697712765447	0.108311573744348
met12	0.45376144213722	0.125158657239275
met13	0.48770582714748	0.137910786404498
met14	0.665764898712931	0.120125949206715
met15	0.761151842188437	0.159472704059418
met16	0.731409310873128	0.160111588035136
met17	0.986536410026108	0.162541039774172
met18	0.976574421551699	0.20126575030715
met19	0.849936110486895	0.204487595216799
met20	0.455324832754048	0.151812483113419
met21	0.6245214324881	0.155576070761273
met22	0.429623923099533	0.145796759995113
met23	0.494157569322797	0.126421579156799
met24	0.821789745034923	0.159126101138605
met25	0.753695019675926	0.106100492374299
met26	0.885987223941588	0.180673186220154
met27	0.612518145576714	0.145282921309076
met28	0.670660844180496	0.148994920280647
met29	0.757091326467699	0.188681221263422
met30	0.802679923064233	0.200089174795689
met31	0.556415562234891	0.14611689709021
met32	1.03554341019054	0.127481062460422
met33	0.551709495432261	0.143715330907809
met34	0.898353700584849	0.136645986825933
met35	0.517574827978817	0.172402367584975
met36	0.552119614132822	0.140691665867821
met37	0.63220884202811	0.125415949618777
met38	0.647410906572902	0.128954320141619
met39	0.653898325223336	0.181643164027871
met40	0.765764323909062	0.17647582810823
met41	0.793881513888785	0.175569018843835
met42	1.05156255848728	0.166416322932377
met43	0.416013873139788	0.138236751186882
met44	0.671013334759771	0.144532525126188
met45	0.777956707514936	0.184311405347134
met46	0.638417273492527	0.149660407751857
met47	1.07124495979631	0.11604248382768
met48	0.609861544689167	0.146359958168247
met49	0.894384697323907	0.114283082552891
met50	0.808411372408226	0.162086491521662
met51	0.653264094905076	0.162347597808347
met52	1.23949019327318	0.166874360156165
met53	0.482054984780275	0.16505106395063
met54	0.567844673663274	0.158189099072955
met55	0.856613025553689	0.176225962132406
met56	0.529128926552317	0.167612340243032
met57	0.978907668739353	0.180293988150179
met58	0.641615289271781	0.15164706983993
met59	0.910945438976698	0.188297449023801
met60	0.53643974059551	0.131064818806098
met61	0.920144488705627	0.183345240311421
met62	0.944673380227054	0.188736635349027
met63	0.734077248377779	0.131489586098975
met64	0.885931110437131	0.172448755871871
met65	0.863408862435988	0.126351576596472
met66	0.834292204390625	0.137104982464096
met67	0.823932592669114	0.17774695523956
met68	0.762272620370761	0.169416017873299
met69	0.836663849522629	0.171290129665555
met70	0.516783756650147	0.140987169643588
met71	1.07632339400683	0.163204801771265
met72	0.603065897494555	0.11400919380356
met73	0.925732466033398	0.159633867369195
met74	0.589573840960942	0.118183864584025
met75	1.09291171653712	0.171216517523139
met76	0.818365134785068	0.170858502628551
met77	0.558494856056589	0.114406237720696
met78	0.484963488616605	0.120151171318364
met79	0.670225354752693	0.193031411295798
met80	0.960675171519978	0.203683612805322
met81	0.599336344217821	0.139371287157118
met82	0.676827075232304	0.145373657240582
met83	0.764120257774664	0.160540963411606
met84	0.802957717915073	0.135190300592079
met85	0.639379607222123	0.122028762745779
met86	0.494723411173176	0.151584373018283
met87	0.865275176122156	0.167515438329637
met88	0.837574803342748	0.13237966590512
met89	0.791139245099826	0.160829276833516
met90	0.681254933524463	0.153474833440762
met91	0.650906624871492	0.179197434521696
met92	0.345764217061416	0.136914216573994
met93	0.975190536846415	0.133228001409271
met94	0.810163093698426	0.161713929623823
X142_Mature_cell_length	837.361845570335	0.203496520489006
X143_Meristem_zone_length	844.048700307006	0.217682175939601
LR.no_ABA	1.17607467583955	0.154924252448497
LR.no_C	1.27655626681965	0.176538733661771
LR.no_CK	2.8633385195806	0.151083948093954
LR.no_IAA	2.79157049402334	0.163803858607798
LRD_P_ABA	0.00414783678384753	0.160327860671058
LRD_P_C	0.00282657123161903	0.114853117115434
LRD_P_CK	0.00329136009057995	0.138142009198326
LRD_P_IAA	0.00680064616704464	0.116083939164531
LRD_R_ABA	0.113011540075766	0.127063495735985
LRD_R_C	0.0224173674883853	0.150370899804549
LRD_R_CK	0.0235860244435916	0.130084212823597
LRD_R_IAA	0.00932762321234857	0.110250709021391
LRL_ABA	0.0938905135026033	0.213515148437598
LRL_C	0.448655810270255	0.201533801922441
LRL_CK	0.216823284943798	0.189370398450931
LRL_IAA	0.0147711447048505	0.159079317030904
LRR_ABA	0.00691174768436512	0.15190374804815
LRR_C	0.0387670076553528	0.116920066270183
LRR_CK	0.013995503952601	0.12391598917819
LRR_IAA	0.0168322735755714	0.127070766165089
P_ABA	19.3543517155205	0.15045478525154
P_C	16.9865629947384	0.142045404728075
P_CK	14.0430375769758	0.13255668908528
P_IAA	6.66985433449211	0.130956493954195
P2_ABA	9.72281438473509	0.188352790617761
P2_C	7.0790379483303	0.16410471485461
P2_CK	4.04550579026593	0.194944926040797
P2_IAA	0.0478193008798534	0.217805026614245
R_ABA	5.04155926660928	0.224979627811464
R_C	8.55006643369205	0.190721694768436
R_CK	17.9479934822297	0.1817034687972
R_IAA	5.99370970844183	0.127510698212937
TLRL_ABA	1.58993404275598	0.132511440925652
TLRL_C	11.1577208193314	0.142380489454005
TLRL_CK	10.2205358094581	0.153103647987961
TLRL_IAA	8.03531888033125	0.168149472283616
TRL_ABA	18.7355184370325	0.158713649079592
TRL_C	29.4866029198312	0.175194605721898
TRL_CK	32.5792114648825	0.147297445505491
TRL_IAA	19.4248427030067	0.142507641475611
X289_Root_length_Day_1	0.363034805535969	0.187747946179077
X290_Root_length_Day_2	0.698086061811598	0.137083895808348
X291_Root_length_Day_3	0.98003663395244	0.140359410138038
X292_Root_length_Day_4	1.23947762694135	0.139212580347863
X293_Root_length_Day_5	1.17985538728482	0.131396274889522
Average_root_width_avg	0.0155001484623299	0.0865561447709034
Average_root_width_day001	0.0537866859659375	0.135999841397705
Average_root_width_day002	0.02875672769505	0.114000980631947
Average_root_width_day003	0.0209099539551931	0.101748129158398
Average_root_width_day004	0.0365954865640874	0.102208926480824
Average_root_width_day005	0.0423120413631892	0.132013620985205
Euclidian_length_day001	684.040726053698	0.126199097726555
Euclidian_length_day002	1162.0386381025	0.102637510833664
Euclidian_length_day003	2086.02198733621	0.109089020012513
Euclidian_length_day004	3166.19718281987	0.0998773832623829
Euclidian_length_day005	3910.67696762093	0.0935744338889706
Relative_root_growth_rate_avg	0.0428518319016681	0.147837466807195
Relative_root_growth_rate_day001.day002	0.754709693479059	0.163905223920783
Relative_root_growth_rate_day002.day003	0.024983209029806	0.11853386390858
Relative_root_growth_rate_day003.day004	0.00580192620067362	0.141397746514251
Relative_root_growth_rate_day004.day005	0.00331784980251868	0.128796793752927
Root_angle_avg	12.4568624388624	0.142385597652362
Root_angle_day001	27.6935453625736	0.179465366203077
Root_angle_day002	14.4475967100836	0.128019866008069
Root_angle_day003	16.0498378493775	0.121652027942395
Root_angle_day004	9.2094707808368	0.141301951561858
Root_angle_day005	10.2750597804021	0.14429482257135
Root_directional_equivalent_avg	0.00170308185884505	0.136364486621224
Root_directional_equivalent_day001	0.00313705141852311	0.15375090579767
Root_directional_equivalent_day002	0.00210827517817762	0.137692796061762
Root_directional_equivalent_day003	0.00187573739384907	0.142186779898338
Root_directional_equivalent_day004	0.00186402419265838	0.139350262215819
Root_directional_equivalent_day005	0.0023882813499032	0.157136932667369
Root_growth_rate_avg	346.375490673145	0.1145755856303
Root_growth_rate_day001.day002	497.617817002162	0.14005674772111
Root_growth_rate_day002.day003	407.559626768628	0.11429928906997
Root_growth_rate_day003.day004	430.7241420557	0.1215449334574
Root_growth_rate_day004.day005	436.938230017175	0.121377509291987
Root_horizontal_index_avg	21.8128034430636	0.134315027769824
Root_horizontal_index_day001	5.06360721098347	0.163357243782711
Root_horizontal_index_day002	11.6735555659862	0.143411345895208
Root_horizontal_index_day003	21.9312574230483	0.134601164389774
Root_horizontal_index_day004	40.3244259432198	0.12363788448026
Root_horizontal_index_day005	68.5761778788421	0.112421715129651
Root_linearity_avg	0.0034238999031791	0.160756842705439
Root_linearity_day001	0.00919822407064614	0.227061117762449
Root_linearity_day002	0.00615017797679957	0.170877045059532
Root_linearity_day003	0.0074768029289763	0.189125646571037
Root_linearity_day004	0.00804654007108273	0.186433562760775
Root_linearity_day005	0.00966740299470806	0.185845150272129
Root_tortuosity_avg	0.000388138189860591	0.143801478681888
Root_tortuosity_day001	0.000376833915466661	0.176579519270831
Root_tortuosity_day002	0.00077185600737674	0.162630027948955
Root_tortuosity_day003	0.00046289633891985	0.169952091554677
Root_tortuosity_day004	0.00111620752545447	0.139990765337075
Root_tortuosity_day005	0.000524134058760098	0.155314298240049
Root_vertical_index_avg	191.574565738251	0.113522703673187
Root_vertical_index_day001	51.387240334151	0.122851102050137
Root_vertical_index_day002	105.653369487619	0.109649686625372
Root_vertical_index_day003	152.189820237674	0.104310894653518
Root_vertical_index_day004	262.892711203586	0.101650451248432
Root_vertical_index_day005	404.845865036612	0.106881853841241
Root_width_100_avg	0.0178288323258195	0.108298929489744
Root_width_100_day001	0.0463123165778195	0.150206174925569
Root_width_100_day002	0.0269671161396638	0.131835643112423
Root_width_100_day003	0.0257116054173713	0.130997214288008
Root_width_100_day004	0.0644830276837158	0.137253077228946
Root_width_100_day005	0.0489531051809154	0.143004492438183
Root_width_20_avg	0.0931691187451908	0.144639949180662
Root_width_20_day001	0.287501134318643	0.185055436085534
Root_width_20_day002	0.183673400276763	0.158399197216577
Root_width_20_day003	0.119185026825288	0.172312119879789
Root_width_20_day004	0.0887887104295955	0.154632103462054
Root_width_20_day005	0.158750058049536	0.195281308424598
Root_width_40_avg	0.0299384268530032	0.100943176482842
Root_width_40_day001	0.132991533146694	0.17094466011507
Root_width_40_day002	0.0589549158749875	0.140124847596459
Root_width_40_day003	0.0419718452284575	0.11487947581496
Root_width_40_day004	0.049321234037103	0.111585472325247
Root_width_40_day005	0.0443507977470095	0.12322933387715
Root_width_60_avg	0.022145954644183	0.0965873558557859
Root_width_60_day001	0.0634230035800731	0.119623440340754
Root_width_60_day002	0.0414073705989202	0.104852893773584
Root_width_60_day003	0.0264726392822973	0.110682432364134
Root_width_60_day004	0.0425330602240791	0.0966396465976701
Root_width_60_day005	0.0453442563934444	0.137048412990793
Root_width_80_avg	0.023646072561242	0.0940726411945381
Root_width_80_day001	0.0576710204348708	0.113279438119751
Root_width_80_day002	0.0346727613782288	0.108806634210981
Root_width_80_day003	0.029372488062808	0.100134434164628
Root_width_80_day004	0.0425280468467566	0.107979588127439
Root_width_80_day005	0.040207497892624	0.118304733993763
Total_length_day001	842.321948934089	0.129380545189473
Total_length_day002	1362.73881179463	0.0996384125249483
Total_length_day003	2391.28544090377	0.105629447698021
Total_length_day004	3565.98570956346	0.0994032852093777
Total_length_day005	5076.40601805747	0.09935627854723
X286_Mo98	8.00245397189074	0.158337943962397
X282_Zn66	2110.98527323689	0.101790347223686
Xyloside_percentage	1462.91498549689	0.402068003108582
PC1	20211.0597541031	0.209767990658327
PC2	7397.42006636069	0.235749224804668
LD12_peak	0.203921953710882	0.217104415704814
LD12_period	0.996139095693707	0.226833563845077
LD14_peak	0.249540998053579	0.204729830810313
LD14_period	0.694940587474215	0.197542882938406
LD16_peak	0.327679050584809	0.261384736511098
LD16_period	0.547561242518075	0.179605294186609
SD10_peak	0.146223175393626	0.20339967570405
SD10_period	0.95488738525019	0.308259745699492
SD8_peak	0.154361850625838	0.159064415906215
SD8_period	0.701169169872448	0.18944761259342
Agro_PPV_infection	6079.55631865947	1
Mechnical_PPV_infection_Hampes_Rosettes	1551.5214010541	0.222156096477122
ile_ileleuval	0.000289047554235868	0.152982241963648
ile_t	0.00114299425859147	0.162654347994364
ile	0.00323821156193407	0.149964166735757
leu_ileleuval	0.000127737635377962	0.191979259703051
leu_t	0.000756172971300335	0.197372372255122
leu	0.00552355679352504	0.174050460266143
val_ileleuval	0.000471005646116482	0.173749682213045
val_t	0.000298089185126456	0.195950579954704
val	0.00313182165335246	0.164143904797675
beta_carotene	0.000127131244969767	0.192297334598728
Seed_size	0.000618809966964064	0.1522505856299
Aphid_reproduction	35.9311474590483	0.212186178484343
Thrips	82.0585771792649	0.160301166950418
Botrytis_and_Pieris	239.174384921048	0.130541603922762
Drought_and_Pieris	206.619078155032	0.170735841845647
Drought	184.238546868174	0.186218275105073
P_rapae	197.957686572734	0.165273624538541
P_xyllostella	996.25598136453	0.111768848992685
FT_mhi	21.3941537144816	0.0837443782561457
FT_mhp	33.6087338226449	0.0862052641383164
FT_mli	63.3036997450866	0.122092514849005
FT_mlp	108.847108814961	0.130821088146353
FT_thi	16.3024507514121	0.0646020695671701
FT_thp	28.8661625206886	0.0819012795522309
FT_tli	14.9182196117271	0.0686650864669144
FT_tlp	14.5710771153306	0.112270824300173
rFitness_mhi	0.0349116653376079	0.111268260524877
rFitness_mhp	0.0479623308897306	0.121271915303703
rFitness_mli	0.678247728137748	0.107868757379089
rFitness_mlp	1.89150271017424	0.108861931883645
rFitness_thi	0.0330648045242016	0.1316958498507
rFitness_thp	0.076351457465829	0.113854658111229
rFitness_tli	0.178166000861825	0.147680301177275
rFitness_tlp	0.54724348325652	0.174421385249409
rSeeds_mhi	0.0257416435509359	0.14769178839963
rSeeds_mhp	0.0295993527009636	0.135363938008053
rSeeds_mli	0.687624224751666	0.11247204027499
rSeeds_mlp	0.450127944514102	0.1340023125685
rSeeds_thi	0.0256882932931823	0.125719863313913
rSeeds_thp	0.0321498663683211	0.111063705066494
rSeeds_tli	0.0718220830913346	0.121846937023177
rSeeds_tlp	0.230582013475579	0.113337403891552
rSurvival_fruit_mhi	0.0165360363560388	0.117484267616715
rSurvival_fruit_mhp	0.0314575087136624	0.194265581049407
rSurvival_fruit_mli	0.310084009350986	0.188250980654503
rSurvival_fruit_mlp	1.28783083853878	0.149843995721396
rSurvival_fruit_thi	0.014939473783669	0.152474409540733
rSurvival_fruit_thp	0.0591749558304832	0.165719466041915
rSurvival_fruit_tli	0.121279343309865	0.151482800876777
rSurvival_fruit_tlp	0.383489393968318	0.181959159183797
Flavonol.glycoside01	0.474971971089976	0.207365113793806
Flavonol.glycoside02	4.30423499533812	0.281535359369127
GLS.1	27.6265216861839	0.211213219351831
GLS.2	3.59582089329977	0.260132927045403
I3M	0.270756018211041	0.265726110641803
Is3A7R	0.986802203327415	0.290427781564105
Is3G	0.776750574343093	0.259542760201482
Is3G7R	0.126837913159747	0.220692863018768
Is3R7R	0.257124050285019	0.20285232293462
K3A7R	20.5640825620957	0.217750744875612
K3G	0.842132722652796	0.198764519344257
K3G7G	0.529310392108302	0.236033289574314
K3G7R	0.111176252065808	0.190197270203464
K3GG7R	1.03305272494793	0.261184594362016
K3GH	0.139590351147377	0.246509980233485
K3GR7R	1.8244453183286	0.192075671033498
K3R	1.16327617761091	0.185718509697674
K3R7R	0.0720658563206964	0.187643883338779
Polyamine01	0.318437511305757	0.310515364485005
Polyamine02	0.184378724549153	0.250756800695957
Polyamine03	0.146092506632175	0.255356721817077
Polyamine04	1.88508846262128	0.27323904944091
Polyamine05	0.639557753694942	0.248580595398853
Polyamine06	0.684168188957916	0.237254354100506
Polyamine07	0.59150004745404	0.222936385855988
putative.HDX	0.395962024160758	0.228191898807153
Q3A7R	1.95830009260015	0.261167469517991
Q3G	0.601097982618525	0.234943072217294
Q3G7G	0.624688460109233	0.283510122768369
Q3G7R	0.155885093292198	0.265234561248454
Q3GG7R	0.329272961849825	0.226567553044112
Q3GH	0.587664603153613	0.328095927470643
Q3GR7R	2.4563679984175	0.205877891283765
Q3R	0.893323927685617	0.281657522890347
Q3R7R	0.0862093047241029	0.222786064934518
saiginol.A	72.4735356797803	0.358946250973612
saiginol.B	36.1229623824217	0.292139765124036
saiginol.C	61.9106072091779	0.347899398963016
saiginol.D	52.5881765401169	0.343208408193651
saiginol.E	35.3498880752476	0.315437826372044
saiginol.F	36.3200537514601	0.305881822072529
saiginol.G	53.4549125883641	0.32858268074105
saiginol.H	50.7909441113972	0.384429266641223
saiginol.I	41.1591843771576	0.309603080765021
saiginol.J	45.7071022845026	0.315388951485596
saiginol.K	33.3112902953928	0.316892771190274
saiginol.L	34.5617418281973	0.288505114115816
saiginol.M	29.2066775982392	0.280253575646332
saiginol.N	32.1955552605837	0.303075656250883
saiginol.O	37.020388419559	0.292135954297373
saiginol.P	46.9982724379168	0.309872887504653
saiginol.Q	36.8492402268972	0.312382670629293
saiginol.R	39.4018533456424	0.291214582702464
SinG1	0.744230973262541	0.27551361293794
sinigrin	29.028670784243	0.213692048439956
SinM	0.490257476244431	0.209259978317359
X1MOI3M	3.56537887367891	0.297520702223599
X3MSOP	10.526602256075	0.21505729075124
X4MOI3M	1.24022556698753	0.319091296052721
X4MSOB	5.74605337268074	0.222492158472569
X4MTB	3.35217460809068	0.240099360842216
X5MSOP	2.70780194427999	0.22026790458193
X6MSOH	1.23554208523602	0.241125376903559
X6MTH	0.41309763582139	0.300562903929914
X7MSOH	0.274285625660544	0.248067625653362
X7MTH	2.71267715898407	0.253346483762522
X8MSOO	0.350546501132232	0.293984297480102
X8MTO	3.43308213145958	0.254443186453074
Fitness_Finland	4597.4261164719	0.250398446632339
Fitness_Germany	134981.838467659	0.183231428073011
Fitness_Spain	170099.949775494	0.201399253688958
Fitness_UnitedKingdom	583201.158659122	0.172038726139591
Seeds_Finland	4694.18917019604	0.234946977021963
Seeds_Germany	173280.565794122	0.191635127200394
Seeds_Spain	199393.697214424	0.206576246232939
Seeds_UnitedKingdom	556152.188313742	0.169036701238156
Survival_Finland	0.0746897803799197	0.273294310917589
Survival_Germany	0.0311684032021595	0.208644981859641
Survival_Spain	0.00962461437805156	0.252270305980966
Survival_UnitedKingdom	0.0018494773176015	0.193524974502864
HopAM1.cell_death	1.5409753874489	0.248272059438746
HopAM1.rosette_chlorosisis	0.152803085455062	0.390900352334277
Pollen_Tube_OG_S	251.28987091206	0.21488579534905
AZL	0.461282167007141	0.175320001088764
BsZL	0.0174617731524935	0.198947750896669
BZL	0.409826399004656	0.160784565074991
LRA	121.666211772492	0.214586755086243
LRD.BZ	0.879226864464729	0.181908068505683
LRD.MR	0.112909919398936	0.186137457364155
LRL_0_25	0.0510607677581936	0.186044793568208
LRL	0.0219302163415034	0.178774559035521
LRN	4.14140746776648	0.169587069323435
LRS_0_25	1.34868475907548	0.177224768710817
LRS	2.9789858487938	0.176381107160416
MRA	64.6900732558638	0.219249076673394
MRL	0.928736306889803	0.151654739957231
MRV	0.66778985517283	0.146451022955862
OAD	0.631961518727643	0.154540073622065
TRS	4.70302638975988	0.150907315545023
alpha_bacterial_richness_1_tn2_ranef	0.0208484177424809	0.175404852215856
alpha_fungal_richness_1_tn2_ranef	0.0298002067136492	0.154780520979453
alpha_slant_1_tn2_ranef_diff_exps	0.0364840663938512	0.178286821823759
alpha_total_1_tn2_ranef_glmer	0.0160154787097084	0.153592165276196
beta_root_1_combined_pca_tn2_bac_n100_glmer_fun_n100_glmerPC1	18.2231023418058	0.184469642208266
beta_root_1_combined_pca_tn2_bac_n100_glmer_fun_n100_glmerPC2	15.78153682592	0.216914314669606
beta_root_1_combined_pca_tn2_bac_n100_glmer_fun_n100_glmerPC3	10.6585207226093	0.18655787715983
beta_root_16S_1_raw_tn2_glmer_pca_n100_PC1	15.7286775604214	0.220561684994372
beta_root_16S_1_raw_tn2_glmer_pca_n100_PC2	9.11197700686052	0.20151206937702
beta_root_16S_1_raw_tn2_glmer_pca_n100_PC3	7.04520627547034	0.206742158899091
beta_root_ITS_1_raw_tn2_glmer_pca_n100_PC1	12.0774256232031	0.19384253447473
beta_root_ITS_1_raw_tn2_glmer_pca_n100_PC2	8.97880303955028	0.229604861633893
beta_root_ITS_1_raw_tn2_glmer_pca_n100_PC3	8.84414012302387	0.212654297805092
Relative_leaf_temperature	0.0177818973108623	0.155056721729735
LeafAreaMaturity_mild_drought	142.950856682846	0.226513632974664
LeafAreaMaturity_well_watered	518.56541620738	0.221058610856143
LeafAreaMaturityCell_mild_drought	276.429043068549	0.236152555887707
LeafAreaMaturityCell_well_watered	703.356078217248	0.208251429437945
LeafAreaProliferation_mild_drought	0.000554129377966133	0.256658010561396
LeafAreaProliferation_well_watered	0.00100148970338749	0.261475373657049
PavementCellArea_mild_drought	208960.621657681	0.182256146227919
PavementCellArea_well_watered	569541.098942814	0.151157490417621
PavementCellNumber_mild_drought	37443385.6264483	0.168185692953113
PavementCellNumber_well_watered	199265739.104099	0.144998168643862
RosetteArea_mild_drought	5383.9623477012	0.220691708773588
RosetteArea_well_watered	20767.2288383594	0.201110845474396
StomatalIndex_mild_drought	18.4025075828564	0.195906983522161
StomatalIndex_well_watered	23.048018777523	0.160613007278519
Emco5	0.132656221769945	0.364220018354215
Emoy2	0.227616134201135	0.477091326897833
Emwa1	0.212017545112169	0.460453629708974
Hiks1	0.226867228109652	0.476305813642508
Noco2	0.232636573557234	0.482324137439994
aphids_making_long_probes	250.025573606795	0.316243939772319
time_aphids_spent	3.77360084446763	0.196021778729748
Normalized_disease_index	0.0703203712600958	0.234672464353954
A0_Expo2	5.10713156233597	0.0858354405808655
FW_rosette	0.00292052595811656	0.0955478974029522
PLA11	8.98547077165889	0.136877559228927
PLA14	44.3671521311491	0.110931624731059
PLA16	114.917234514665	0.101291526803071
PLA18	352.051573842843	0.0880948370344194
PLA20	806.479213896216	0.0777279147890348
PLA22	2614.39507245926	0.0791722231698804
PLA24	5779.12150679413	0.0830619980532409
PLA25	5668.92286597989	0.0736410696437055
PLA26	8399.1472887429	0.0756486791855955
PLA27	13319.0271995582	0.0752155679810113
PLA28	15709.0532711898	0.0888000039533427
PLA8	3.68276540017545	0.113537323469529
r_Expo2	0.000357450800323108	0.12518880790276
WC	8.31389639435172e-05	0.146047583196304
control_aantalSkld5m10t20_c	6.5523655624471	0.142208827086718
control_avgSL0t10_c	5.45818391072813	0.144133663172862
control_avgSL10t20_c	8.30672572139604	0.159183567742908
control_avgSL20t30_c	9.5487222724896	0.168752333751708
control_avgSLm10t0_c	4.85046239576683	0.145336504122942
control_avgSLm10t20	3.66317211189654	0.144923114329462
treatment_aantalSkld5m10t20_t	40.9705872836366	0.237067669558965
treatment_avgSL0t10_t	9.82857495322554	0.201587735666724
treatment_avgSL10t20_t	17.7143168103943	0.243387747629645
treatment_avgSL20t30_t	15.7642207542364	0.221541038364925
treatment_avgSLm10t0_t	5.97031170356574	0.189556839752166
treatment_avgSLm10t20	5.87226192329891	0.183491759301767
Redness_control	0.392943632055782	0.313426080621804
Redness_PEG	0.523701055209102	0.24122397504051
AA_1	17.9960843306204	0.165859138912233
AA_2	10.3180656854854	0.165082464992765
AGP_1	66113.3054142736	0.127194561181193
AGP_2	31201.3781074137	0.171075735367759
aINV_1	24973.9548523626	0.18471334177711
aINV_2	36544.0980980031	0.160098745780107
ChlA_1	0.012250571110155	0.141176400623107
ChlA_2	0.0084084941337033	0.121938619001051
ChlB_1	0.000529427568050191	0.213049010001782
ChlB_2	0.000295009905627054	0.177070643287105
cPGI_1	19249.8826039287	0.16065392902943
cPGI_2	14413.4637352995	0.167630443929863
FBP_1	10534.8601001996	0.180183039431598
FBP_2	3401.12261933733	0.231839175254898
FK_1	9404.70037568528	0.159992467838347
FK_2	5868.93132208051	0.206181910500525
Fru_1	1.02316330205074	0.177334388041653
Fru_2	0.295993204837882	0.163970034790654
Fum_1	17.8683481581762	0.194689429569711
Fum_2	29.076445007141	0.130635895935826
FUMARASE_1	1708419.4463623	0.212322230191933
FUMARASE_2	2241772.37409467	0.178594170764951
FW_1	0.010778185767025	0.168262628242855
G6P_1	1641.17267983405	0.162641476399809
G6P_2	1076.23008850469	0.166799434266869
G6PDH_1	63460.060717581	0.150505325549606
G6PDH_2	183590.0006442	0.178838600301649
GDH_2	14137.8869534525	0.134575510673397
GK_1	18210.0067346716	0.179995542225728
GK_2	3879.28092120228	0.21361184492822
Glc_1	3.1886249683121	0.176781717996933
Glc_2	2.71157134749814	0.139360609086494
iRub_1	680938.021756921	0.154426085898925
iRub_2	154752.084446538	0.125837145416934
Mal_1	5.09496104778783	0.169676166251769
Mal_2	8.23382097876141	0.129156210785058
MDH_2	111761726.194759	0.149762535465198
mRub_1	588177.796520336	0.163122789489791
mRub_2	249737.804414884	0.146509452512412
nINV_1	2318.90597953313	0.112541968739691
nINV_2	883.990305960338	0.208601518776899
NO3_1	174.073349718595	0.190947174644443
NO3_2	222.064361922382	0.145916065584923
NRVm_1	7133.03983253606	0.144735190155408
NRVm_2	3276.46027714362	0.17172541150543
NRVs_1	2706.24480946119	0.179986784169162
NRVs_2	1698.21460328996	0.166368185115697
PEPC_2	4834.81373453687	0.155644949793995
PGM_1	1851229.33910563	0.14756309638368
PGM_2	786529.426046874	0.152228625295538
pPGI_1	12090.1390000657	0.161376024623012
pPGI_2	10426.4440776575	0.156451997544124
Prot_1	1.57990825805897	0.146122298940151
Prot_2	0.997793427611133	0.165298048074291
SKDH_2	16454.5023614562	0.197274991680453
SPS_1	18295.5821102501	0.114340315146347
SPS_2	1812.74445830362	0.168585772461654
starch_1	322.317846275436	0.151660044101676
starch_2	216.873454703901	0.1182946880421
Suc_1	0.284124153865982	0.178930169969821
Suc_2	0.218842507365063	0.143719218871474
TK_2	582637.821009922	0.171808259983155
tPGI_1	31007.8421334249	0.153052247774501
tPGI_2	13527.611574892	0.160702260437455
TPI_2	129975482.914845	0.13351511060937
UGP_1	1803639.77134865	0.157944408149288
UGP_2	850973.9940341	0.15453042664205
FT.1	29.1965808072276	0.101313488441418
LL	0.791406643567165	0.1472458891531
MSB	7.17859916832109	0.174736356204368
PH1S	29.1947817696259	0.192972127658619
PL_div_LL	0.00216243584577549	0.141492531072461
PL	0.212267667698725	0.162102959797389
RB	4.20768204147966	0.14651882308343
RGRav	0.00121321014540582	0.183998274531571
RGRbv	0.00218082091125595	0.139513218796966
TPH	97.2613779429761	0.154902382128974
days_after_dark_treatment_2	0.000226983551073221	0.215228189808892
days_after_dark_treatment_3	0.00131845680177176	0.181552802358692
days_after_dark_treatment_4	0.00602931367195551	0.189386964178652
days_after_dark_treatment_5	0.0288631208939426	0.215052528373536
days_after_dark_treatment_6	0.0399219934039037	0.229660791193515
days_after_dark_treatment_7	0.0305231324364703	0.205539655748179
Alllyl_2008	25.0917709392468	0.164288904146991
But_3_enyl_2008	9.66434754433595	0.133652337688739
Indol_3_ylmethyl_2008	0.129365734821809	0.15570324005621
N_methoxy_indol_3_ylmethyl_2008	0.000132833375277584	0.192088937212242
Pent_4_enyl_2008	0.0988363141724751	0.151145400475781
Ratio_of_C3_methylthio_to_total_C3_2008	0.0183320493605723	0.135395898610601
Ratio_of_C3_to_SC_Aliphatic_2008	0.0599160062349607	0.247249962300765
Ratio_of_C4_methylthio_to_total_C4_2008	0.015603197436851	0.173489943477288
Ratio_of_C7_methylthio_to_total_C7_2008	0.105119882669124	0.324221965124394
Ratio_of_C7_to_LC_Aliphatic_2008	0.00139201944266052	0.133249202751593
Ratio_of_C8_methylthio_to_total_C8_2008	0.0140777903370482	0.194507974529231
Ratio_of_NMOI3M_to_TIND_2008	0.0085448672883762	0.205418780782464
Ratio_of_TOH4_to_TIND_2008	0.00821539284790063	0.184977151666055
Total_Alkenyl_Aliphatic_2008	29.4960244967818	0.175818201959654
Total_C3_Aliphatic_2008	23.8184837799587	0.160171263608179
Total_C3_and_C4_Aliphatic_2008	30.5231136650745	0.18185558674116
Total_C4_Aliphatic_2008	10.9699391762288	0.14239423259953
Total_C5_Aliphatic_2008	0.000270941904237291	0.205753912568089
Total_C7_Aliphatic_2008	0.0114349455195997	0.142579072920411
Total_C7_and_C8_Aliphatic_2008	0.35490619530359	0.181628060986968
Total_C8_Aliphatic_2008	0.283423307569969	0.169007986283372
Total_Hydroxyalkenyl_Aliphatic_2008	2.62839071186518	0.137392477399291
Total_Hydroxyalkyl_Aliphatic_2008	4.84693119652559	0.168187525467379
Total_Indolic_Glucosinolate_2008	0.161743893839266	0.159592841140181
Total_Indolic_Glucosinolate_with_4_hydroxylation_2008	0.0119437845066992	0.191732671654589
Total_Methylsulfinyl_Aliphatic_2008	0.961465079239086	0.188566010999873
Unknown_Alkenyl_2008	0.00175134904080769	0.174371343092265
X_R_2_hydroxy_but_3_enyl_2008	1.53050548455588	0.136549227464958
X_S_2_hydroxy_but_3_enyl_2008	0.148221151736542	0.140509124898836
X3_hydroxypropyl_2008	5.20676856538737	0.17431890555422
X3_methylsulfinylpropyl_2008	0.604594993919259	0.175917888676508
X3_methylthiopropyl_2008	0.00775657056456225	0.139795864604608
X4_hydroxy_indol_3_ylmethyl_2008	5.151109418333e-05	0.2392374324653
X4_methoxy_indol_3_ylmethyl_2008	0.0102182808726941	0.183791841226612
X4_methylsulfinylbutyl_2008	0.330252173426649	0.180715632557736
X4_methylthiobutyl_2008	0.423112119020061	0.123899179116578
X5_methylsulfinylpentyl_2008	0.000241901297991406	0.194414705748195
X7_methylsulfinylheptyl_2008	0.003245070206108	0.158237549149088
X7_methylthioheptyl_2008	0.00342162826254612	0.136034152937885
X8_methylsulfinyloctyl_2008	0.213772751929138	0.182749270844451
X8_methylthiooctyl_2008	0.0251945158678592	0.16363691168183
AgNO3_Camalexin_1	68019.8637964448	0.160251542580007
AgNO3_Camalexin	181451.897333485	0.192602709976187
Alllyl_1	38.7359268391601	0.194494353526953
Alllyl	0.0451117150338773	0.195575677711844
Benzyl	0.000360601809130094	0.159575784888587
But_3_enyl_1	9.53606972621474	0.150343366124304
But_3_enyl	0.00731183975199159	0.154070804125922
Control_Camalexin_1	2430.20272088818	0.176780772906276
Control_Camalexin	5271.60162360025	0.172149554425313
Fresh_Weight	4.31074521043277e-05	0.218854218613233
Indol_3_ylmethyl	0.67034051759837	0.177601573751436
Leaf_Area	0.105569518359715	0.166622888419796
N_methoxy_indol_3_ylmethyl	0.00162082987099886	0.251622071440271
Pent_4_enyl	0.175384957431644	0.198478612628884
R_2_hydroxy_but_3_enyl_1	2.45469127798788	0.123853394573044
R_2_hydroxy_but_3_enyl	0.00439408920887312	0.143791597764474
S_2_hydroxy_but_3_enyl_1	0.231897130366132	0.119197273659761
S_2_hydroxy_but_3_enyl	0.00151112757986302	0.125397498255802
Unknown_Alkenyl_1	0.00199324449585422	0.165354691963606
Unknown_Alkenyl	0	NA
Unknown_Glucosinolate_Like_1	7.08583157310129	0.281119709923382
Unknown_Glucosinolate_Like_2	33.4728964071889	0.17635726951823
X3_benzoyloxypropyl	0.00264086337302092	0.193922004962928
X3_hydroxypropyl_1	17.895626722678	0.17309011028506
X3_hydroxypropyl	0.104880684404809	0.216334585589836
X3_methylsulfinylpropyl_1	3.63919219321746	0.137045020703072
X3_methylsulfinylpropyl	0.031764983853318	0.161437805759832
X3_methylthiopropyl_1	0.0725876118087478	0.135387378030351
X3_methylthiopropyl	0.0327452273106015	0.190681163107765
X4_benzoyloxybutyl_plus_2_benzoyloxy_but_3_enyl	0.025758603526494	0.201373739921061
X4_hydroxy_indol_3_ylmethyl	0.00017940960003091	0.223239781420306
X4_hydroxybutyl	0.00756253642651944	0.210055181381979
X4_methoxy_indol_3_ylmethyl	0.0376254778816828	0.21552542138072
X4_methylsulfinylbutyl_1	1.08852863748908	0.174761433515512
X4_methylsulfinylbutyl	0.0139341506717677	0.194790434793785
X4_methylthiobutyl	1.78773740066099	0.125545819303081
X5_methylsulfinylpentyl_1	0.000669252042636761	0.215582550996641
X5_methylsulfinylpentyl	0.000153004232683602	0.171798444052271
X5_methylthiolpentyl	0.00014305292542082	0.217463153843611
X7_methylsulfinylheptyl	0.00227797014267239	0.162894489660161
X7_methylthioheptyl	0.018224871087906	0.221310692699928
X8_methylsulfinyloctyl	0.666336899117622	0.205099149595926
X8_methylthiooctyl	0.0414721066859328	0.207803076449245
aconitic_acid_exp2	3.68085186721916	0.239296063092812
adipic_acid_exp2	3.63846160345313	0.202217947970528
alanine_exp1	7.8879146752395	0.235167039621129
alanine_exp2	8.67053313730711	0.259414573914118
alpha_ketoglutaric_acid_exp2	3.58132399789248	0.239693276188082
arabinose_exp1	2.77198579482827	0.237846880723638
arabinose_exp2	2.85042737713325	0.28078658288638
arachidic_acid_exp1	4.06760674666743	0.211315795863594
arachidic_acid_exp2	3.60443262110106	0.237316791872602
ascorbic_acid_exp2	2.56986384114991	0.21860174820642
asparagine_exp1	3.1432407893907	0.203209837825882
asparagine_exp2	6.50841627550426	0.231443731785064
aspartic_acid_exp1	2.04486700574616	0.173331934969828
aspartic_acid_exp2	2.26202658714453	0.187631110563452
behenic_acid_exp1	3.51468624083841	0.191502216515366
benzoic_acid_exp1	5.44106590206505	0.264703086713246
benzoic_acid_exp2	7.58177178018142	0.259546239892909
beta_alanine_exp1	2.90043239774413	0.196949127748035
beta_alanine_exp2	3.33411636638527	0.235478700816202
beta_sitosterol_exp1	6.96183989843832	0.218626843026419
beta_sitosterol_exp2	2.15559121466869	0.235813549993471
caffeic_acid_exp2	6.77140569283129	0.24046878031236
capric_acid_exp1	4.48946388370906	0.213382216449364
capric_acid_exp2	4.75321366534131	0.229207473025173
cellobiose_exp2	3.0701121365612	0.273316865704721
cellobiotol_exp1	0.841950963832036	0.254215340855861
cellobiotol_exp2	2.42758907068643	0.242174195082107
cerotic_acid_exp1	4.0303751729908	0.196618918600776
cholesterol_exp1	2.63643253605446	0.215765796605321
cholesterol_exp2	3.01589865262079	0.228271306794255
cis_sinapinic_acid_exp1	3.61197978669624	0.238296054232217
cis_sinapinic_acid_exp2	5.49062125103854	0.256973975927976
citramalate_exp2	5.35020626462755	0.250870590420715
citric_acid_exp1	3.54087716004137	0.149679959778929
citric_acid_exp2	6.50958142164789	0.269086065050979
citrulline_exp1	2.00159026472715	0.212617357646885
coniferin__ref_Tree_Physiol__exp1	2.25920455884163	0.211052287877504
coniferin__ref_Tree_Physiol__exp2	3.73849416942831	0.243622361864045
dehydroascorbate_1_exp1	1.65114918277056	0.145208132174301
dehydroascorbate_1_exp2	1.43257318848127	0.197486273081591
epsilon_caprolactam_2_exp2	3.60321742229672	0.258847400722683
erythritol_exp1	2.19405341124172	0.190585660689912
erythronic_acid_exp2	3.6455394836303	0.260363125922686
erythronic_acid_lactone_exp1	5.67847783537513	0.170104630560636
erythronic_acid_lactone_exp2	4.67281429671864	0.216166933103069
ethanolamine_exp1	13.6304688485978	0.256937308889639
ethanolamine_exp2	10.5931048840343	0.222120454488452
fructose_1_exp2	1.1708082834006	0.202882302612383
fucose_1___rhamnose_2_exp1	4.384555945059	0.217954691434552
fucose_1___rhamnose_2_exp2	3.64024824392669	0.270771915690214
fumaric_acid_exp2	11.3702055097436	0.175742890014561
GABA_exp1	4.74233743340433	0.188498634254588
GABA_exp2	6.52458101033103	0.208822836158832
galactinol_major_2_exp1	3.64660310332411	0.177807714890022
galactinol_major_2_exp2	3.70136309425619	0.174899335729102
galactose_exp1	8.55149288636544	0.232547328304941
galactose_exp2	12.9323872141786	0.232010506186621
glucose_1_phosphate_exp1	6.66011822064934	0.241256883817974
glucose_1_phosphate_exp2	13.6252354611106	0.257528208823112
glucose_2_exp1	6.65269542935465	0.20811116216164
glucose_2_exp2	10.664655861248	0.187478642771418
glucuronic_acid_exp2	1.79517472852258	0.286444160330012
glutamic_acid_exp1	3.79239862332767	0.141656785347603
glutamic_acid_exp2	0.909569088570994	0.168302349831957
glutamine_exp2	3.8635495312667	0.151636265336147
glyceric_acid_exp1	5.48611663025134	0.21954580608566
glyceric_acid_exp2	2.06836597996709	0.18128573233484
glycerol_alpha_phosphate_exp2	2.14990901107094	0.189592851023635
glycerol_exp2	8.8073677123958	0.242120917965476
glycine_exp1	4.39219950767721	0.235705598142127
glycine_exp2	2.92507325565662	0.193260569814638
glycolic_acid_exp1	4.18395948332617	0.224698163952477
heptadecanoic_acid_exp1	2.33485007244715	0.172428348700557
hexonic_acid_exp2	0.954588452610064	0.183193204805944
hydroxylamine_exp1	8.33469694451453	0.247275452615754
hydroxylamine_exp2	11.2666033264123	0.275008123236305
inositol_myo__exp2	5.71596604979386	0.228645525900867
inulobiose_2_exp2	2.40780885982665	0.221673084344926
isoleucine_exp1	3.61210146477016	0.200261607803219
isoleucine_exp2	1.57536132754676	0.221606353560185
lactic_acid_exp1	5.36747167875976	0.274222826874148
lactic_acid_exp2	7.80327376105614	0.249281028862329
lactobionic_acid_exp1	1.40762760529172	0.189528816271275
lactobionic_acid_exp2	4.2024282904795	0.245997901175812
lauric_acid_exp1	2.88644863401847	0.220194281369023
leucine_1_exp2	6.83742828268091	0.22976908228354
leucine_exp1	5.26549501851174	0.225748909193601
leucine_exp2	7.67678099927771	0.274162307851538
leucrose_exp1	3.07903355089157	0.22872723333925
leucrose_exp2	4.08319515481842	0.233156740564495
levoglucosan_exp1	5.33087610108852	0.21317389172653
lignoceric_acid_exp1	4.25895610309211	0.220393045666487
lignoceric_acid_exp2	2.76351261069621	0.293361460239516
lyxitol_exp1	3.18788804297297	0.201412603856697
malate_exp1	4.96318334159982	0.198028472158627
malate_exp2	9.71709720490559	0.255055538816112
maleic_acid_exp1	11.9210861723875	0.254065277380891
maleic_acid_exp2	5.98026165065651	0.219178532423785
maltose_1_exp1	2.28047378906584	0.261185158734478
maltose_1_exp2	2.25660988521284	0.237281921353493
mannitol_exp1	2.17132677087591	0.247251099004354
mannitol_exp2	4.3911731148281	0.240822267554698
monopalmitin_1_glyceride_exp1	1.03413392004987	0.202653371996454
monopalmitin_1_glyceride_exp2	2.86468035827489	0.22581306922387
myristic_acid_exp1	2.48040359629748	0.196641298801745
myristic_acid_exp2	4.09682502252303	0.249625098456863
N_acetyl_D_hexosamine_exp2	3.38611222468292	0.228682294156504
N_acetyl_D_mannosamine_exp2	0.430886775934304	0.151481461037057
oleic_acid_exp1	1.55114992854824	0.192090748732551
oleic_acid_exp2	1.57243443400884	0.207383751396248
ornithine_4TMS_exp2	2.37522628968837	0.201023076138676
oxoproline_1_exp2	14.0259049970218	0.252716844525216
oxoproline_exp1	8.95059542494802	0.209220315380159
oxoproline_exp2	12.9026130355712	0.208558974893294
palatinose_exp2	6.14219441552457	0.243043774342152
palmitic_acid_exp2	0.464842746987255	0.158992537978611
pelargonic_acid_exp1	4.85044144536224	0.200489488718602
pelargonic_acid_exp2	6.32048462664081	0.23992017042519
pentadecanoic_acid_exp1	3.09977464756341	0.224736729720316
phenylalanine_exp2	1.81614381443508	0.19411464233308
phosphoric_acid_exp1	1.40745511345903	0.162008547190882
phosphoric_acid_exp2	5.6688837552886	0.223213291787173
phytol_exp1	10.2990772634713	0.242958572025261
phytol_exp2	4.4089810227075	0.236557524499414
pipecolic_acid_exp2	8.37326808364343	0.266694935269226
proline_exp1	11.2282476260005	0.225690542046005
proline_exp2	8.30974846468467	0.184746315218608
putrescine_exp1	3.50682484897392	0.193232657353538
putrescine_exp2	9.4942561645162	0.220091077674724
pyrrole_2_carboxylic_acid_exp1	4.12517915198967	0.204237878396969
rhamnose_1_exp1	4.33294956795202	0.216810761956651
rhamnose_1_exp2	2.77972001525351	0.23801966593246
ribitol_1_exp2	5.51159216287974	0.310281640156349
ribitol_exp2	3.85016773841654	0.227286206706341
ribose_exp1	1.97717300486627	0.227393641508
ribose_exp2	3.56248496530171	0.24388534252023
serine_1_exp1	10.1796137443601	0.249681655337636
serine_1_exp2	15.5558183677288	0.243088713458189
serine_exp1	7.63504336737668	0.214157396224833
serine_exp2	15.9733465663436	0.260491828796449
shikimic_acid_exp2	1.39854563421718	0.18029002646284
stearic_acid_exp1	4.26969313275388	0.206925131348548
succinic_acid_exp1	2.19192948837884	0.141626994770686
succinic_acid_exp2	2.19575351494469	0.18522593951985
talose_exp1	3.12160375234931	0.25002379133343
talose_exp2	8.46499469556102	0.197254806270228
threitol_exp1	2.44547317220293	0.200005554281825
threitol_exp2	5.66276811323339	0.257907599822966
threonic_acid_exp1	5.74025562643369	0.240133322503798
threonic_acid_exp2	2.62772996676712	0.21243894613435
threonine_exp1	2.28655127022113	0.169517501993575
threonine_exp2	3.01183500955296	0.193714506879797
tocopherol_exp2	2.76230004927083	0.227781219923089
trans_sinapinic_acid_exp1	2.90447970788019	0.24043768624372
trans_sinapinic_acid_exp2	2.58841862244209	0.201107038602973
trehalose_exp2	2.39418360069191	0.216308534505626
tyrosine_exp1	2.92087683768034	0.205122786688219
tyrosine_exp2	1.33786952792892	0.157726786424193
urea_exp1	1.11270605876169	0.153209132446992
urea_exp2	1.63521575083635	0.174375756507896
valine_exp1	4.72478363032834	0.1976051583278
valine_exp2	4.89562005295514	0.228890152939092
X1_2_4_benzenetriol_exp1	4.70708866612239	0.281938090086796
X1_2_4_benzenetriol_exp2	4.35540499437415	0.249680444041403
X1_hexadecanol_exp1	3.27698079878805	0.214535644927602
X1_monostearin_exp2	2.08268222600406	0.196793196157272
X2_palmitoleic_acid_exp1	1.71927534676886	0.230118198374542
X2_palmitoleic_acid_exp2	1.32939038272903	0.216185986231341
X4_hydroxybenzoate_exp2	5.40478257545582	0.221411316797378
X4_hydroxyproline_exp1	2.6993502078126	0.243466186273264
X4_hydroxyproline_exp2	3.00482549446712	0.208675970758164
X5_aminovaleric_acid_exp1	4.64274787093715	0.215470366197701
xylonic_acid_exp2	1.84435494789205	0.185191404954623
xylose_1_exp1	4.18076599668764	0.185032568634588
xylose_1_exp2	1.21007824727082	0.178199984616753
Lesion_0_m_cx_Apple517	49526.9893740632	0.190109237637864
Lesion_0_m_cy_Apple517	202518.325500362	0.228065056385624
Lesion_0_m_eccentricity_Apple517	0.00378981954907178	0.1715126091218
Lesion_0_m_eccentricity_B05_10	0.00339043741564076	0.208424577564847
Lesion_0_m_eccentricity_Ctrl	0.00287706700636414	0.209629516004586
Lesion_0_m_eccentricity_Supersteak	0.00371523651060312	0.206754842018635
Lesion_0_m_eccentricity_UKRazz	0.00332130360050165	0.2136384209759
Lesion_0_m_theta_Apple517	0.217179295968936	0.217104732965776
Lesion_0_m_theta_B05_10	0.192070461543977	0.230961681230581
Lesion_0_m_theta_Ctrl	0.139096240893494	0.236392109394073
Lesion_0_m_theta_Supersteak	0.171572571029713	0.216481093320776
Lesion_0_m_theta_UKRazz	0.266208779970853	0.215023951105712
Lesion_Bblu_m_eccentricity_Apple517	0.0052513066356018	0.212027192290259
Lesion_Bblu_m_eccentricity_B05_10	0.00431753072432681	0.206407783988914
Lesion_Bblu_m_eccentricity_Ctrl	0.0161536978853129	0.248226710779666
Lesion_Bblu_m_eccentricity_Supersteak	0.00550249817850105	0.219324957166008
Lesion_Bblu_m_eccentricity_UKRazz	0.0159740119001023	0.239156639669073
Lesion_Bblu_m_majoraxis_Ctrl	68.6275843555903	0.224061362869466
Lesion_Bblu_m_theta_B05_10	0.150100897946962	0.225076398034888
Lesion_Bblu_m_theta_Ctrl	0.184912966477909	0.237190422577707
Lesion_Bblu_m_theta_Supersteak	0.143065838072768	0.231742820830225
Lesion_Bblu_m_theta_UKRazz	0.215722526683499	0.222976950837358
Lesion_Bgrn_m_eccentricity_Ctrl	0.0195964315639094	0.201654219334654
Lesion_Bgrn_m_theta_B05_10	0.15266922849899	0.197942245666073
Lesion_Bgrn_m_theta_Ctrl	0.135071009475133	0.210014103033627
Lesion_Bgrn_m_theta_UKRazz	0.166700400689659	0.202994759320007
Lesion_Bgrnblu_m_eccentricity_Ctrl	0.0172857721919073	0.230654078902807
Lesion_Bgrnblu_m_eccentricity_UKRazz	0.0190866332053104	0.203998639864781
Lesion_Bgrnblu_m_majoraxis_Apple517	345.637996734328	0.175259589778195
Lesion_Bgrnblu_m_majoraxis_B05_10	464.464044356726	0.180630040579586
Lesion_Bgrnblu_m_majoraxis_Ctrl	52.331358072692	0.167804512129671
Lesion_Bgrnblu_m_majoraxis_Supersteak	274.957674218633	0.196695357059505
Lesion_Bgrnblu_m_majoraxis_UKRazz	90.5165513222622	0.190727198128429
Lesion_Bgrnblu_m_theta_Ctrl	0.101154049722746	0.233646349388361
Lesion_Bgrnblu_m_theta_UKRazz	0.108512218838026	0.217082742883763
Lesion_blu_m_eccentricity_Ctrl	0.00299058465531514	0.214072364719298
Lesion_blu_m_majoraxis_Ctrl	4.84889908719147	0.209499366298812
Lesion_blu_m_theta_Apple517	0.245952428748253	0.22459825009478
Lesion_blu_m_theta_B05_10	0.135569383453781	0.198660669843185
Lesion_blu_m_theta_Ctrl	0.119757424326128	0.236650424301845
Lesion_blu_m_theta_Supersteak	0.133892630695963	0.230900904197857
Lesion_blu_m_theta_UKRazz	0.233490590293817	0.20126002002964
Lesion_Bred_m_eccentricity_Ctrl	0.0085103763593555	0.222662366601112
Lesion_Bred_m_majoraxis_Ctrl	4.45870573410915	0.228216801507244
Lesion_Bred_m_theta_Ctrl	0.258990676246631	0.19547447498079
Lesion_Bred_m_theta_Supersteak	0.161056867335956	0.220510285256192
Lesion_Bredblu_m_eccentricity_Apple517	0.0248022333652964	0.204914153479613
Lesion_Bredblu_m_eccentricity_B05_10	0.0253091634769438	0.189316102909712
Lesion_Bredblu_m_eccentricity_Ctrl	0.0199260956784597	0.229785087666546
Lesion_Bredblu_m_eccentricity_Supersteak	0.0325019975911673	0.22975564257632
Lesion_Bredblu_m_eccentricity_UKRazz	0.0180040313677866	0.244025260441843
Lesion_Bredblu_m_majoraxis_Apple517	557.473064107798	0.216374722224273
Lesion_Bredblu_m_majoraxis_B05_10	258.182737064838	0.164352838197762
Lesion_Bredblu_m_majoraxis_Ctrl	352.079894589443	0.148033255371605
Lesion_Bredblu_m_majoraxis_Supersteak	414.831555739773	0.137969576910153
Lesion_Bredblu_m_majoraxis_UKRazz	187.072976411403	0.171300448773614
Lesion_Bredblu_m_theta_Apple517	0.17456229995602	0.226837582215319
Lesion_Bredblu_m_theta_B05_10	0.151411700892769	0.196001309928112
Lesion_Bredblu_m_theta_Ctrl	0.0815782600606005	0.236997530276223
Lesion_Bredblu_m_theta_Supersteak	0.115169927959078	0.207140445214107
Lesion_Bredblu_m_theta_UKRazz	0.126992089490434	0.180014346571082
Lesion_Bredgrn_m_eccentricity_Apple517	0.0104057194027415	0.202717207793648
Lesion_Bredgrn_m_eccentricity_B05_10	0.0136698390918286	0.204236194371218
Lesion_Bredgrn_m_eccentricity_Ctrl	0.0160990224286181	0.207897864406349
Lesion_Bredgrn_m_eccentricity_Supersteak	0.0188144075903859	0.245678010282044
Lesion_Bredgrn_m_eccentricity_UKRazz	0.0228120194317409	0.22192166821877
Lesion_Bredgrn_m_majoraxis_B05_10	81.1135256542034	0.213824532088105
Lesion_Bredgrn_m_majoraxis_Ctrl	242.846805817248	0.18307226420311
Lesion_Bredgrn_m_majoraxis_Supersteak	87.4902429086894	0.203832271418523
Lesion_Bredgrn_m_majoraxis_UKRazz	167.150671076701	0.170860295706801
Lesion_Bredgrn_m_theta_Apple517	0.203885034824697	0.213365111859473
Lesion_Bredgrn_m_theta_B05_10	0.184006515264273	0.211071071690594
Lesion_Bredgrn_m_theta_Ctrl	0.122783730413101	0.23412311218027
Lesion_Bredgrn_m_theta_Supersteak	0.157599547133425	0.224656050353563
Lesion_Bredgrn_m_theta_UKRazz	0.206836603452378	0.233171399841726
Lesion_Grn_Apple517	15896.7771826021	0.203411473080299
Lesion_Grn_B05_10	2367.72338363274	0.260011301965485
Lesion_Grn_Ctrl	372.79708362467	0.154884030674216
Lesion_Grn_Supersteak	4710.83620219128	0.187721112151594
Lesion_Grn_UKRazz	1138.83836949873	0.229179486484034
Lesion_grnblu_m_eccentricity_Ctrl	0.0148257989206928	0.231283257514394
Lesion_grnblu_m_majoraxis_Apple517	414.550492027429	0.208781536105662
Lesion_grnblu_m_majoraxis_B05_10	684.33965814259	0.154200853095192
Lesion_grnblu_m_majoraxis_Ctrl	38.4023512863087	0.159379125081451
Lesion_grnblu_m_majoraxis_Supersteak	274.332219209446	0.189262553566156
Lesion_grnblu_m_majoraxis_UKRazz	334.876402668413	0.192401599436066
Lesion_grnblu_m_theta_Ctrl	0.0655446774296082	0.194483682930388
Lesion_Prop_Apple517	0.013683133214023	0.188342431825394
Lesion_Prop_UKRazz	0.00418287529487021	0.133795833947525
Lesion_redblu_m_eccentricity_Apple517	0.0215417346080158	0.231319017050669
Lesion_redblu_m_eccentricity_B05_10	0.0251060608116915	0.215681609057414
Lesion_redblu_m_eccentricity_Ctrl	0.01084828937777	0.224625211438127
Lesion_redblu_m_eccentricity_Supersteak	0.0233945238611483	0.22229301035315
Lesion_redblu_m_eccentricity_UKRazz	0.0206483630538222	0.230245039988216
Lesion_redblu_m_majoraxis_Apple517	498.600575956057	0.196923754366625
Lesion_redblu_m_majoraxis_B05_10	453.506581966939	0.187976701989839
Lesion_redblu_m_majoraxis_Ctrl	24.1757804520678	0.143656596260189
Lesion_redblu_m_majoraxis_Supersteak	448.456904958915	0.144589782448046
Lesion_redblu_m_majoraxis_UKRazz	5610.62132820141	0.119574879260677
Lesion_redblu_m_theta_Apple517	0.160887370904325	0.209712282467416
Lesion_redblu_m_theta_B05_10	0.157253539765704	0.228165608747139
Lesion_redblu_m_theta_Ctrl	0.0717059422184067	0.197849069837029
Lesion_redblu_m_theta_Supersteak	0.118220094806652	0.201879517026473
Lesion_redblu_m_theta_UKRazz	0.15137429250017	0.211576837861717
Lesion_redgrn_m_eccentricity_B05_10	0.00395012831430042	0.213959612398324
Lesion_redgrn_m_eccentricity_Ctrl	0.00344272338418657	0.208543893931561
Lesion_redgrn_m_eccentricity_UKRazz	0.00448103994290292	0.221410133287846
Lesion_redgrn_m_majoraxis_Ctrl	2.64226863648801	0.186712472032813
Lesion_redgrn_m_theta_Ctrl	0.230075843205513	0.258917100230247
Lesion_redgrn_m_theta_Supersteak	0.196698153732937	0.207843530166015
Lesion_redgrn_m_theta_UKRazz	0.249419416252932	0.24481123297982
Lesion_Size_Apple517	596620.814401796	0.208384957254646
Lesion_Size_B05_10	213838.255108111	0.207269871685389
Lesion_Size_Ctrl	2689.12501818912	0.211157546341424
Lesion_Size_Supersteak	184548.888176493	0.202876758646939
Lesion_Size_UKRazz	89203.3320786122	0.203832539760313
Lesion_Ylw_B05_10	64200.2266508009	0.190330618926335
Lesion_Ylw_Ctrl	2737.42802073312	0.173000969233615
Lesion_Ylw_Supersteak	81206.227572652	0.203708999290295
Remaining_Leaf_Apple517	29922279.3545948	0.15719814648828
Ylw_Lesion_Proportion_Apple517	0.462413440218588	0.1627046233552
Ylw_Lesion_Proportion_Ctrl	5.49722949236672	0.193971154802526
Ylw_Lesion_Proportion_Supersteak	1.61118824546089	0.152193515373817
Allyl_MS_and_allyl	2.07726540507964	0.160498012045235
Allyl_MS	1.69327130254239	0.133736647996772
I3M_MS_and_allyl	0.0209164916173988	0.215858730077926
I3M_MS	0.030282744747737	0.223101769717573
Long_chain_GLS_MS_and_allyl	0.0865131780560708	0.167120014722317
Long_chain_GLS_MS	0.0835592752117981	0.150555319012852
NMOI3M_MS_and_allyl	0.0125062506016074	0.232981976919839
NMOI3M_MS	0.0212022359518493	0.234854638505386
Short_chain_GLS_MS_and_allyl	1.87613583927022	0.153728516367008
Short_chain_GLS_MS	1.55495708464613	0.128687222262752
total_Aliphatics_MS_and_allyl	2.45980105965567	0.161688174534861
total_Aliphatics_MS	2.15148675458028	0.129461140454547
total_alkyl_MS_and_allyl	2.36252356949146	0.170973335042376
total_alkyl_MS	1.66070546862657	0.130830824214629
total_C3_GLS_MS_and_allyl	0.471053659792312	0.148879282042554
total_C3_GLS_MS	0.202452290523643	0.227245952701008
total_C4_GLS_MS_and_allyl	0.185363874722929	0.170848829894144
total_C4_GLS_MS	0.109625810757902	0.17334967904339
total_C7_GLS_MS_and_allyl	0.0209237350831666	0.13031566590688
total_C7_GLS_MS	0.00412446428189179	0.169005242626558
Total_C8_GLS_MS_and_allyl	0.045398992331829	0.191955308921601
Total_C8_GLS_MS	0.0577160726212223	0.157020716508906
total_GLS_MS_and_allyl	2.98350044281583	0.1662445840848
total_GLS_MS	2.40273443762208	0.129713441271513
total_Indolics_MS_and_allyl	0.0613736531624197	0.217313214536255
total_Indolics_MS	0.0936160927506754	0.191229668803595
total_methylsulphinyl_MS_and_allyl	0.253102937281397	0.147534712127163
total_methylsulphinyl_MS	0.176287429810922	0.137211100157928
Weight_MS_and_allyl	45.7196309226265	0.181179777860706
Weight_MS	46.7935591749377	0.154101864976146
X2OH_Butenyl_MS_and_allyl	0.029403706073475	0.214343860979979
X2OH_Butenyl_MS	0.0110642581475315	0.17243734006027
X3_butenyl_MS_and_allyl	0.575537908253882	0.212504803274913
X3_butenyl_MS	0.258431298827087	0.18553335257314
X3MSP_MS_and_allyl	0.030572446976731	0.230065505307874
X3MSP_MS	0.0158139483226745	0.224559860907904
X3MTP_MS_and_allyl	0.00583616422517513	0.177662306679206
X3MTP_MS	0.00537884067431898	0.166683136357169
X3OHP_MS_and_allyl	0.396271019161464	0.13988902465115
X3OHP_MS	0.159154671845138	0.218001060351854
X4MOI3M_MS_and_allyl	0.0020777207357279	0.217057247938692
X4MOI3M_MS	0.00498465129365634	0.190816386367823
X4MSB_MS_and_allyl	0.123649639385803	0.147129082296256
X4MSB_MS	0.0476621298314927	0.12546929980958
X4MTB_MS_and_allyl	0.0207309430225107	0.165497057447942
X4MTB_MS	0.0172420268062258	0.133988671864727
X4OHB_MS_and_allyl	0.00371440863583842	0.174131281364669
X4OHB_MS	0.0207055589774494	0.12512544624751
X5MSP_MS_and_allyl	0.000402217727386343	0.18232151407538
X5MSP_MS	0.000278699571749421	0.151766341652653
X7MSH_MS_and_allyl	0.00686781625411268	0.135856211178816
X7MSH_MS	0.00147561247169693	0.174607734609535
X7MTH_MS_and_allyl	0.00511918718256137	0.137593260230841
X7MTH_MS	0.00245755796986612	0.15022352399443
X8MSO_MS_and_allyl	0.0174585276195501	0.17385621277604
X8MSO_MS	0.0165449641334087	0.156862474832011
X8MTO_MS_and_allyl	0.0326950281980067	0.207836397257187
X8MTO_MS	0.0347865369617893	0.155426244034191
ozone_sensetivity	408.296821618683	0.252579449634999
Relative_NIP1_expression	3.53810038067253	0.234244568660084
Relative_root_length	70.0776107543909	0.24006989131495
Average_leaf_surface_area_eaten_cm2	4.76780681939937	0.19206005935878
Average_weight_gain_by_larvae_mg	27.9180963465344	0.148524463429734
Proline_mmol_g	602.939907713127	0.180536980454248
As_V_tolerance	1273.15158047189	0.374684970119269
X144_M216T665	2.83058257777593	0.175986770762199
X145_M130T666	1.76747825659232	0.158647422739331
X146_M172T666	4.27343789109571	0.207137226519221
BC160	1.21937254883751e-06	0.135719655315589
BC180	7.2422872103416e-05	0.163531942408354
BC181	0.00188607352913076	0.147844168589664
BC182	103.629418169691	0.180883879876297
BC183	0.000151086465110794	0.16450620854811
BC200	1.6516131506241e-07	0.136812776373413
BC201	5.70769384795109e-11	0.152643312164659
BC202	0.0141599775087329	0.169737619544194
BC221	2.63367545672591e-05	0.156325927805783
BCpl	0.00146680212484013	0.147113630678298
BCpufa	21.8930510149564	0.139901616146444
BCsat	3.41035287023614e-09	0.140221591903907
BCvlcfa	1.44631451424084e-08	0.134430891952439
MPboxcox	929603743220.327	0.146471876618942
k_light_0_nutrient_0	9.47844533214007	0.176559566067277
k_light_0_nutrient_1	32.9384014044586	0.463063210736085
k_light_1_nutrient_0	35.4721432073398	0.342930226286643
k_light_1_nutrient_1	37.2130793407617	0.35119362799973
tmax_light_0_nutrient_0	14.2304373002392	0.184523108202902
tmax_light_0_nutrient_1	5.19095683771853	0.279130816368783
tmax_light_1_nutrient_0	25.7315213808397	0.164274630777856
tmax_light_1_nutrient_1	7.46695186222669	0.353704412189915
Fe_minus	169715.899576948	0.251176802866735
Fe_plus	33763.5520254651	0.258191864576135
Fe_response	23483.5413408292	0.175433019043822
Mn_minus	358.636707524971	0.195285310869439
Mn_plus	144.621047155654	0.195528275327631
Mn_response	971.490064307192	0.20567296478942
Zn_minus	100.342029955824	0.22573094829824
Zn_plus	76.4108522744524	0.232179007299922
Zn_response	361.33838843988	0.251737665114899
density_deficiency	49.4330332591929	0.182922945296323
denstiy_control	35.3887922344053	0.185645656311106
length_control	0.00689349439572828	0.205695843470941
length_deficiency	0.00679147334361402	0.163000403190619
high_RFR	0.736421722243866	0.193348444051711
low_RFR_response	0.197931033416902	0.177617723466295
low_RFR	0.453254046601185	0.160757731715614
resid	0.141883457235362	0.207185756932652
slope	0.0528593107499459	0.183221312223713
AA_NH4_fed	144.695273280373	0.251230886291822
AA_NO3_fed	22.7955300135287	0.20885680068923
GDH_animating_NH4_fed	12.6956135169578	0.273033750550062
GDH_animating_NO3_fed	18.0590716405495	0.299056765971385
GDH_deaminating_NH4_fed	0.655580921606739	0.330481435852336
GDH_deaminating_NO3_fed	0.985001739359474	0.239150009238607
GS_activity_NH4_fed	0.021475223679274	0.276498626564859
GS_activity_NO3_fed	0.0318245545234933	0.274452891048205
NH4_content_NH4_fed	0.83276550642973	0.202341433386503
NH4_content_NO3_fed	0.282256528495728	0.259160098800732
NR_activity_NH4_fed	0.000464642787451772	0.272855372074923
NR_activity_NO3_fed	0.0180261671928677	0.262229614460937
root_hydraulic_conductivity	871.925340342295	0.167015734988059
Delta_13C	1.08714450911202	0.131796103885341
leafsize	9822.47801742677	0.16246416050011
stomata_density	585.598759898007	0.161327652778507
stomatasize	59.1662088251748	0.112652616905175
Cotyledon_area	1.25545439629653	0.294860687831205
First_leaf_area	44.6289356619093	0.272673027687321
LA_vs_CA	1.33855940210241	0.251513321615415
Pavement_cell_density_in_cotyledon	510.150955102129	0.260033635000362
Pavement_cell_density_in_first_leaf	828.163487010503	0.28358129466739
PDL_vs_PDC	0.0560820323356899	0.215287684399942
SDL_vs_SDC	0.158090288310125	0.233885702655416
SIL_vs_SIC	0.0110956420153812	0.263339633545983
Stomatal_density_in_cotyledon	65.6459144209716	0.20045068372749
Stomatal_density_in_first_leaf	177.674374247176	0.226729973412493
Stomatal_index_in_cotyledon	3.62564407095314	0.207419652535113
Stomatal_index_in_first_leaf	5.56635760084903	0.190420738581085
avrB	0.16460504303531	0.405715470539774
avrPph3	0.181858159017096	0.426448307555671
avrRpm1	0.147235858845987	0.383713250808448
avrRpt2	0.162837330732257	0.403531077777483
FT.2	953.694319314346	0.174671615597854
X1_FT_Diameter_Field	34.5969605522443	0.207852645951437
X10_Bs	5.46106838258882	0.245988725336496
X100_4W	181.684357814785	0.122536672808756
X101_Li7	0.967589701803339	0.216393817360948
X102_FT22	1132.53862479697	0.14844821883888
X103_As2	1.82380914949757	0.202562589341804
X104_SDV	507.903836407491	0.129769967146599
X105_Mg25	1173240.24025104	0.203781940556908
X106_Secondary_Dormancy	0.36748262619645	0.236842539212646
X107_As	1.83488503669791	0.180610571202754
X11_2W	296.2154843007	0.155053259279739
X12_Rosette_Erect_22	0.210293686098718	0.458577895344638
X13_Cd114	0.4977277040514	0.246033358665618
X14_Width_16	1.98753730709985	0.216892376829209
X15_Storage_28_days	695.461925363203	0.263716121115719
X16_LY	0.172036787104923	0.414773175488631
X17_avrRpm1	0.16803331069801	0.409918663515105
X18_Width_10	1.09069500126527	0.0958131599166221
X19_Chlorosis_22	0.219658680546061	0.468677586989245
X2_At2_CFU2	0.730914108469073	0.226352964970091
X20_Storage_7_days	479.944935130429	0.219076455861973
X21_As2_CFU2	0.624019384653696	0.199835308874568
X22_Co59	0.0839422518030255	0.209444777317915
X23_FW	0.0630908631254057	0.183784990430586
X24_Cu65	0.04048260771449	0.216926376394232
X25_Bacterial_titer	4.60852246257149	0.216843126150575
X26_Width_22	4.08468330357338	0.174229305652287
X27_Storage_56_days	1062.66503455282	0.325985434421973
X28_YEL	0.0698116388273238	0.264218922159871
X29_FLC	1.03112342077134	0.162392847491284
X3_Leaf_serr_16	0.13822815191354	0.247860311836719
X30_FT16	435.85668318587	0.0923769067277257
X31_FT10	65.2159112759629	0.100945461199943
X32_FT_Duration_GH	22.0588414222835	0.174044086030323
X33_Se82	0.664853736184459	0.21607289381768
X34_LDV	19.3299940656984	0.120454490753987
X35_Noco2	0.249963801360483	0.499963800050047
X36_8W_GH_LN	37.5258504543749	0.109979078529578
X37_0W	269.53530880022	0.160798536071951
X38_MT_GH	12.4205594447927	0.133346079464828
X39_After_Vern_Growth	0.00192813643154161	0.234391741274081
X4_Seed_bank_133_91	125.252395555072	0.131823239552498
X40_Aphid_number	249.497537174124	0.205670456241511
X41_LN22	1613.20735051458	0.132556939236761
X42_Bs_CFU2	0.757032494533647	0.169176772885799
X43_avrRpt2	0.170142110440284	0.412482860783674
X44_Hypocotyl_length	1.13415175906806	0.171492047347959
X45_Germ_22	0.264599070078992	0.257195971041049
X46_Leaf_roll_22	0.157383585488611	0.396716001049379
X47_SD	586.563731410524	0.175500564056557
X48_8W	41.5386160121298	0.141029449677761
X49_FT_GH	506.330093771144	0.151887370525844
X5_Na23	137079.044093737	0.184963717050958
X50_DSDS50	1959.53897100727	0.169929674258761
X51_Ca43	5136507.47802559	0.205506418592479
X52_LC_Duration_GH	108.672600782917	0.135707136940517
X53_0W_GH_FT	884.061952956433	0.16685285818233
X54_B11	74.4189022843247	0.166711870472778
X55_Chlorosis_10	0.144392244633967	0.379989795433992
X56_RP_GH	36.4767342418317	0.137263572545864
X57_Chlorosis_16	0.27785822991358	0.527122594766701
X58_LFS_GH	154.889059660469	0.132041400100427
X59_Germ_10	0.879951485802447	0.469028646727054
X6_Leaf_serr_10	0.185429035059119	0.287076478435137
X60_Germ_16	0.143579064639401	0.378918282271258
X61_Anthocyanin_16	0.252100116163556	0.502095724104035
X62_Anthocyanin_10	0.146234722073843	0.382406488012223
X63_At1_CFU2	1.21245112867614	0.219914836374799
X64_Ni60	0.424992153459178	0.213678614731472
X65_P31	601519.877455052	0.183492113440863
X66_Emwa1	0.207228365023333	0.455223423192758
X67_As75	0.00247374161048862	0.233685668575203
X68_Germ_in_dark	1035.46453342249	0.321786347352167
X69_FRI	0.4684323873834	0.16392929657195
X7_Emco5	0.106666028328947	0.326597655118568
X70_As_CFU2	0.759488130113328	0.183123799484171
X71_Trichome_avg_C	383.669464038141	0.205534966739321
X72_Vern_Growth	1.0621860209386e-05	0.194058742154898
X73_Mo98	2.91207680734007	0.171242447949135
X74_Hiks1	0.21574088136484	0.464479150624482
X75_Anthocyanin_22	0.229626868309261	0.47919397774728
X76_Zn66	132.864262854924	0.193755282586102
X77_Trichome_avg_JA	535.912847627199	0.202535358919394
X78_LES	0.129620927458084	0.360029064740729
X79_Silique_16	0.0280009116015753	0.152122481104866
X8_Leaf_roll_16	0.15261615423181	0.390661175741601
X80_Emoy	0.229150651119301	0.478696825892235
X81_K39	15744662.9749648	0.175459082263894
X82_0W_GH_LN	219.903043571992	0.143415166474715
X83_At2	1.30084590345113	0.247944851734153
X84_At1	1.8034954864385	0.217762744536914
X85_LN10	71.977045696844	0.114647684745018
X86_FT_Field	102.350523692469	0.116579015725844
X87_LN16	338.760411428526	0.104576392937684
X88_avrB	0.189156550807689	0.434921315651106
X89_LD	862.497584279659	0.164068766386557
X9_Leaf_roll_10	0.246790591870878	0.496780224919308
X90_Seedling_Growth	2.16698494712777e-06	0.189524158692699
X91_S34	1835442.10127579	0.220610200672418
X92_Leaf_serr_22	0.170095614970465	0.274950997630458
X93_DW	0.00025086681342168	0.203583234304239
X94_Seed_Dormancy	1018.86169756947	0.168886841559897
X95_Mn55	250.2533486062	0.216035258767674
X96_Silique_22	0.0341378626351245	0.153970286263843
X97_avrPphB	0.208790128510772	0.456935584640518
X98_Fe56	14.8099983682765	0.219582222252622
X99_8W_GH_FT	22.6243693917033	0.11802749650312
freezing_survival	0.0108417426193948	0.155920468763795
X294_Germination_rate_21C	902.56117803406	0.300426559750309
X315_GR21_warm	604.284998140723	0.245822089760201
X316_GR21_cold	249.077098553204	0.157821766101259
X320_GR63_warm	602.086988614838	0.24537460924367
X325_GR105_cold	476.620515480611	0.218316402379805
X326_GR63_cold	403.964089585234	0.200988579174348
DNA_content_mean	14.5548640969928	0.165583522190798
BiomassUV	289.027816291786	0.130675004662135
LeafareaUV	195.831208391424	0.134816670807772
LeaflengthUV	89.68919216182	0.165857054325993
Fitness	0.0166462825000903	0.141160255122467
Flowering_time	87.7896583604394	0.0922024558665665
Fruit_production	999.625874216522	0.137428760324541
Germination_10C	0.0674277215315156	0.259668483901138
Germination_22C	0.0773973006345144	0.278203703488135
Germination_30C	0.0513643521786262	0.228464767580105
Number_of_adults	41.2277810066153	0.169416525331192
Number_of_rosettes	46.5555440723582	0.185866584636334
Seed_Weight	0.126197619114357	0.165229322007723
Bc	0.0490095226626158	0.194738042445722
Dr_plus_Bc_residuals	0.0256063940200453	0.19014590761073
Dr_plus_Bc	0.0405234392001775	0.174168178888497
Pr_plus_Bc_residuals	0.0152045296889646	0.165760606397485
Pr_plus_Bc	0.0322867399209873	0.160010852468687
log2_PDF1_2_MeJA_and_ABA_vs_PDF1_2_MeJA	11.6631167852805	0.161854529211334
log2_PDF1_2_MeJA_and_SA_vs_PDF1_2_MeJA	4.5445356691817	0.141178255435541
log2_PDF1_2_vs_PPA2_MeJA_and_ABA	10.9917915134313	0.170896241417468
delta_Lateral_root_formation	5.37987496499923	0.177283241858051
delta_Primary_root_length	0.256858487011293	0.145246106971095
delta_Shoot_fresh_weight	2.24556207498114e-05	0.137887569880815
post_S_sclerotiorum_infection	1.08950576852892	0.283639654920472
Telomere_Terminal_restriction_fragments	1420008.15785852	0.145477302211235
Xcc12824	0.461710532476602	0.247809208412424
Xcc6943	0.760301399194243	0.234120054405027
Xanthomonas_campestris_10dpi	0.232899387600757	0.218073432443404
Xanthomonas_campestris_5dpi	0.0292982083388031	0.102250414640378
Xanthomonas_campestris_7dpi	0.0680407072258494	0.138747945251538
grown_on_zinc_deficiency_mean_Total_length_day001	653.262323502805	0.173532516007565
grown_on_zinc_deficiency_mean_Total_length_day002	1707.52250738619	0.14438671853394
grown_on_zinc_deficiency_mean_Total_length_day003	2706.42467868925	0.132995137611401
grown_on_zinc_deficiency_mean_Total_length_day004	7781.59839050287	0.0929917741080169
grown_on_zinc_deficiency_mean_Total_length_day005	8075.65453414492	0.118952653430575
grown_on_zinc_deficiency_mean_Total_length_day006	15024.3962083545	0.114591111305531
grown_on_zinc_deficiency_mean_Total_length_day007	24301.5172376115	0.135916212002803
mean_Total_length_day001	879.410865465569	0.146840018836586
mean_Total_length_day002	2157.43150636206	0.141637929048883
mean_Total_length_day003	3872.69337383657	0.123154283744807
mean_Total_length_day004	7071.09538650258	0.135639722843619
mean_Total_length_day005	10087.258135229	0.150364174398603
mean_Total_length_day006	16062.2266857026	0.168525801149025
mean_Total_length_day007	19775.8206889453	0.158832247594366
X271_Na23	385472.60456125	0.154006817664622
X269_Li7	57.5212003659226	0.138498354675428
X270_B11	362.190197891492	0.188766224988776
X272_Mg25	829567.056472214	0.143212803138958
X273_P31	1956883.74649144	0.166330057801503
X274_S34	4176503.41221768	0.133114178051355
X276_Ca43	35111795.3169871	0.143291734054147
X277_Mn55	625.567290673778	0.153155150848628
X278_Fe57	73.4340458222669	0.16249373571528
X279_Co59	0.068415411957833	0.133811749121261
X280_Ni60	0.539629291059696	0.112622888848329
X281_Cu65	4.77908415183846	0.146116623844344
X284_Se82	16.6107815461279	0.136816043932206
X285_Rb85	362.510570025598	0.184382605458901
Sodium	135050.445452836	0.125076422088667
X283_As75	0.0969244352901488	0.113611694893447
X287_Cd111	0.110422539562443	0.198466668923346
X275_K39	67339951.0162449	0.176171870301068
Weib_all_LT50control	3.41211785212462	0.216298815323843
Weib_all_LT50submerged	1.32679232853161	0.171920107161484
base_perc	151.475752354815	0.123075485924214
d11_10C_perc	80.3298111729263	0.0896268995184628
d11_4C_perc	125.810879008835	0.112165448783854
d15_10C_perc	72.9111738833203	0.0853880400778237
d15_4C_perc	101.840445141265	0.100916027042916
d22_10C_perc	106.70323450732	0.103297257711577
d22_4C_perc	128.398217403946	0.113312937215459
d32_10C_perc	163.837936211502	0.127999193830079
d32_4C_perc	214.115989403722	0.146327027374891
d4_10C_perc	78.6280863200246	0.088672479563856
d4_4C_perc	125.945108978735	0.112225268535537
d8_10C_perc	83.1874935915525	0.0912071782216469
d8_4C_perc	91.3602863523643	0.0955825749560893
DSDS50.1	12211.3284141658	0.14158216475896
DTbolt	20.5195033626598	0.0666153800462529
DTflower	40.2652915846689	0.0579386917565004
DTfruit	53.1922719827449	0.0600168961192673
DTgerm	0.738439702153302	0.0537078214651864
DTharvest	968.736160909535	0.104973108525055
base_perc.1	147.669984807952	0.12151953950207
d11_10C_perc.1	84.4000129999503	0.0918694796980751
d11_4C_perc.1	114.54945172059	0.107027777572269
d15_10C_perc.1	89.5291944387119	0.0946198681243595
d15_4C_perc.1	104.876413522789	0.102409185878411
d22_10C_perc.1	113.209691963219	0.106400043215789
d22_4C_perc.1	134.260630148362	0.115870889419371
d32_10C_perc.1	168.706257086465	0.129886972821167
d32_4C_perc.1	207.4648850411	0.144036413813001
d4_10C_perc.1	76.656324859092	0.0875535977896351
d4_4C_perc.1	123.531302062314	0.111144636425836
d8_10C_perc.1	85.2847369917402	0.092349735782914
d8_4C_perc.1	86.0488724313633	0.0927625314614491
DSDS50.2	11332.3113875888	0.136391197465599
DTbolt.1	20.6013195901984	0.0667480537509609
DTflower.1	41.7912037556977	0.059026319038327
DTfruit.1	62.248834271351	0.0649254356588785
DTgerm.1	0.756443294049737	0.054358592856896
DTharvest.1	925.884801455686	0.102625144084335
germination_3days	1104.51089161977	0.332341825778786
germination_7days	1207.26291405627	0.347456891434933
sex_ratio	0.134267380938319	0.140860748695984
number_of_egg_masses	61.3239871280582	0.207168342827407
Cala2_cotyledons	2.45224328910303	0.391491003177518
Cala2_true_leaves	3.14797017705133	0.443563001236249
Emco5_cotyledons	2.57916399817126	0.401494395833496
Emco5_true_leaves	2.37781319940737	0.385503988258177
Emoy2_cotyledons	2.47128578591976	0.393008093580762
Emoy2_true_leaves	3.3319886159053	0.456343388791907
Emwa1_cotyledons	2.14903345271958	0.36648955073095
Emwa1_true_leaves	2.71708094656399	0.412089261156184
Maks9_cotyledons	2.60266839059082	0.403319692566488
Maks9_true_leaves	2.8472087025217	0.421841847032281
F3GG7R	0.276584047281085	0.525912585208878
salt_survival_days	51.2462086309755	0.146094810735546
ANGc_2013	26.9419171946202	0.176494634440171
ANGLEr_2013	86.5352808383064	0.105135714344694
ANGs_2013	24.0542131976018	0.19642268396251
AREAc_2013	118.863877033555	0.18687003676986
AREAr_2013	0.037411978492233	0.234227127118716
AREAs_2013	34.7079305350477	0.197089437005089
CHLc_2013	0.00465526435602273	0.19472506075179
CHLr_2013	0.222206723340896	0.189815278487213
CHLs_2013	0.006237495147855	0.238763966412089
Dry0_2012	0.00572663801228567	0.190065435810198
Dry500_2012	0.00101443139805802	0.135869774509817
Dry500p0_2012	0.0170612059033349	0.157948743501201
DWc_2013	0.00439115409967723	0.185791916960193
DWr_2013	0.0809594566737669	0.177761845585285
DWs_2013	0.0019264637170065	0.153466781016368
Elc_2013	0.0034962138707667	0.230716757241011
Elr_2013	38.7745880582509	0.234990297699524
Els_2013	0.0153618559367369	0.225107433412687
Fresh_min_Dry0_2012	0.277763024130415	0.18040401176492
Fresh_min_Dry500_2012	0.0106385261691461	0.201885361772888
Fresh_per_Dry0_2012	1.37726231601503	0.15860560529214
Fresh_per_dry500_2012	8.45291782083395	0.118341161251185
Fresh0_2012	0.31656506138146	0.182948932809813
Fresh500_2012	0.0124940758554109	0.206458999178408
Fresh500p0_2012	0.00332541706954504	0.189141557102883
FWc_2013	0.139188877783431	0.191864364356418
FWr_2013	0.0422838514212642	0.174423783373997
FWs_2013	0.0685030744976556	0.15754268865079
Surf0_2012	126.678801123727	0.178028139843195
Surf500_2012	14.2200141090214	0.208499951577152
Surf500p0_2012	0.0351286603384516	0.181009064727638
WC500p0_2012	0.00273100758744977	0.200132840380999
WCc_2013	0.157241169330305	0.206565271776835
WCr_2013	0.0995236477906545	0.1913527540687
WCs_2013	0.0695116947687583	0.150600174841904
salt_0_mM_NaCl_aLRL_vs_MRL	0.000994107873975253	0.0993905911786251
salt_0_mM_NaCl_Apical	0.159786801852874	0.13371907358212
salt_0_mM_NaCl_Basal	0.00738962001839214	0.175635213878913
salt_0_mM_NaCl_Branched	0.0897306107618602	0.12150981799848
salt_0_mM_NaCl_Depth	0.212621747512026	0.119920922353946
salt_0_mM_NaCl_LRD_vs_BZ	3.75331395828678	0.0945791263922136
salt_0_mM_NaCl_LRD_vs_MR	0.390960241354744	0.0901029854192955
salt_0_mM_NaCl_LRL_vs_MRL	0.0331683277851674	0.109147364633245
salt_0_mM_NaCl_LRL_vs_noLR	0.00297948362560029	0.132507263421984
salt_0_mM_NaCl_LRL	0.360881450227593	0.126590676416599
salt_0_mM_NaCl_MRL_vs_TRS	0.00440157608385935	0.108518156604842
salt_0_mM_NaCl_MRL	0.261261531801352	0.119808355418402
salt_0_mM_NaCl_MRVA	84.9814216483708	0.193513405557425
salt_0_mM_NaCl_MRVL	0.215467386993101	0.121202415647645
salt_0_mM_NaCl_noLRpMR	3.29339318188397	0.125156609278373
salt_0_mM_NaCl_PC1	0.677519598485509	0.110323532421143
salt_0_mM_NaCl_PC2	0.719686662707292	0.10437656659728
salt_0_mM_NaCl_PC3	0.290828330105987	0.122924244801255
salt_0_mM_NaCl_Straightness	0.000605483165471059	0.162268297888657
salt_0_mM_NaCl_TRS	0.918257781683617	0.122823441255314
salt_125_mM_NaCl_aLRL_vs_MRL	0.0066042943880651	0.081838894194445
salt_125_mM_NaCl_Apical	0.0581893997366997	0.177281518763814
salt_125_mM_NaCl_Basal	0.00877934216306455	0.20824991342869
salt_125_mM_NaCl_Branched	0.111344257333345	0.138052772379542
salt_125_mM_NaCl_Depth	0.120745802498735	0.143994543012586
salt_125_mM_NaCl_LRD_vs_BZ	3.88306963380613	0.16052368164803
salt_125_mM_NaCl_LRD_vs_MR	0.760445690378961	0.136361169527359
salt_125_mM_NaCl_LRL_vs_MRL	0.0922239174995022	0.0958671937780079
salt_125_mM_NaCl_LRL_vs_noLR	0.00917037857757786	0.0884086285951903
salt_125_mM_NaCl_LRL	0.438836447560314	0.100455290761198
salt_125_mM_NaCl_MRL_vs_TRS	0.00719801830714629	0.112149095777042
salt_125_mM_NaCl_MRL	0.149326902544538	0.140179785328705
salt_125_mM_NaCl_MRVA	72.2983069419357	0.153702421868895
salt_125_mM_NaCl_MRVL	0.119427905795751	0.143661640711083
salt_125_mM_NaCl_noLRpMR	5.26258194014169	0.129241228669154
salt_125_mM_NaCl_PC1	1.06772330829773	0.11599376474594
salt_125_mM_NaCl_PC2	0.640360432460361	0.114723800338475
salt_125_mM_NaCl_PC3	0.95953270520376	0.10315517947677
salt_125_mM_NaCl_Straightness	0.000885771681011514	0.185176946593601
salt_125_mM_NaCl_TRS	0.691740530425374	0.109437474467877
salt_75_mM_NaCl_aLRL_vs_MRL	0.00467997424732196	0.115512295202629
salt_75_mM_NaCl_Apical	0.128805504341047	0.144048781197912
salt_75_mM_NaCl_Basal	0.0162821925071253	0.149287887824842
salt_75_mM_NaCl_Branched	0.282008560771322	0.128887935872474
salt_75_mM_NaCl_Depth	0.325632217056247	0.110731348385971
salt_75_mM_NaCl_LRD_vs_BZ	4.05242327133677	0.0994364767032684
salt_75_mM_NaCl_LRD_vs_MR	0.799299311471197	0.112815967899831
salt_75_mM_NaCl_LRL_vs_MRL	0.125608891794246	0.13263436961747
salt_75_mM_NaCl_LRL_vs_noLR	0.0166936912303634	0.106452995146271
salt_75_mM_NaCl_LRL	2.98678666497732	0.134229737809265
salt_75_mM_NaCl_MRL_vs_TRS	0.0083775860488098	0.131279706689294
salt_75_mM_NaCl_MRL	0.378633289600679	0.10677246534473
salt_75_mM_NaCl_MRVA	78.6449264376936	0.176206669010452
salt_75_mM_NaCl_MRVL	0.355274187839215	0.116107769438285
salt_75_mM_NaCl_noLRpMR	16.9900220395352	0.14337027626354
salt_75_mM_NaCl_PC1	1.74661467585239	0.137334185715897
salt_75_mM_NaCl_PC2	1.0359128898793	0.110545237819082
salt_75_mM_NaCl_PC3	1.02666998812695	0.127316296663221
salt_75_mM_NaCl_Straightness	0.000942289243339476	0.153838826257199
salt_75_mM_NaCl_TRS	4.58475803992274	0.136788566321168
RR_stained_mucilage_area	0.0658803884153689	0.320839690342411
Fruit_number	2464.31848690301	0.156106611732885
Growth_rate	9.68416624508526	0.101987020107666
RGR	419.27566563675	0.125280044437478
rosette_DM	104541.454446175	0.103672532133582
ABA_96h_low_water_potential	1284.58973165367	0.156854151826994
Oviposition_rate_eggs_female	0.78884105972436	0.191127016915955
Survival	436.295455807756	0.208876867031214
A0	4.81344204193385	0.0833308844406875
drought_A0	3.00675111857064	0.13351879691682
drought_Fresh_Weight_28	0.00143425294818853	0.106380708316187
drought_projected_leaf_area_day_11	18.5660491909639	0.147542591943314
drought_projected_leaf_area_day_14	87.2773937661054	0.118831218488155
drought_projected_leaf_area_day_16	170.371152404328	0.114727518555169
drought_projected_leaf_area_day_18	453.562290298804	0.109600626554522
drought_projected_leaf_area_day_20	1186.76952762555	0.114709381468501
drought_projected_leaf_area_day_22	2904.0278434188	0.111223778006974
drought_projected_leaf_area_day_24	6944.09318710816	0.100574078197355
drought_projected_leaf_area_day_25	6907.73866173444	0.102704984237007
drought_projected_leaf_area_day_26	9779.76501227983	0.103863312120451
drought_projected_leaf_area_day_27	12730.587247743	0.101989759298505
drought_projected_leaf_area_day_28	17014.3349516276	0.10216913565575
drought_projected_leaf_area_day_8	4.14325061175263	0.154402047504804
drought_r	0.000341712837446477	0.198693100571955
drought_Relative_Water_Content_24	0.00308648705595103	0.150101906346049
drought_Water_Content_24	0.000142142187041673	0.157000385086722
Fresh_Weight_28	0.00306696459709661	0.0979140423440516
projected_leaf_area_day_11	8.65182794052426	0.134312295454582
projected_leaf_area_day_14	44.9413221030423	0.111647118711639
projected_leaf_area_day_16	102.906626261856	0.0958522263286819
projected_leaf_area_day_18	298.816661248065	0.0811614347742833
projected_leaf_area_day_20	779.861687261776	0.0764344632797352
projected_leaf_area_day_22	2707.37507433519	0.0805677889174758
projected_leaf_area_day_24	5611.97163363162	0.0818519809667256
projected_leaf_area_day_25	5606.65346426947	0.0732355034094127
projected_leaf_area_day_26	8137.99532432056	0.0744633325977057
projected_leaf_area_day_27	12840.4314166094	0.0738518355976462
projected_leaf_area_day_28	16207.9702426641	0.0901991186961646
projected_leaf_area_day_8	3.72972136607508	0.114258842214526
r	0.000358965553975883	0.125453781056434
Relative_Water_Content_24	0.00408805353800188	0.16252549258274
Water_Content_24	7.93223782859001e-05	0.142655964391489
drought_index	1.23197783340042e-07	0.202052917735987
Survival_insitu_Madrid	0.039989437642796	0.199973592363582
Survival_insitu_Tubingen	0.0100389117980914	0.175340147792145
Pi_uptake_under_Pi_deficient_conditions	148.366822955312	0.169953844857701
Pi_uptake_under_Pi_sufficient_conditions	27.5643606121162	0.171294525225563
ABA	1325.68198314903	0.159343177244209
