perc_miss	id
0.0382368560807223	88
0.0238980350504514	108
0.0260223048327138	139
0.0557620817843866	159
0.0424853956452469	265
0.0217737652681891	350
0.0217737652681891	351
0.0387679235262878	403
0.0260223048327138	410
0.0217737652681891	424
0.0238980350504514	428
0.247477429633563	430
0	470
0	476
0	484
0	504
0	506
0	531
0	544
0	546
0	628
0.00159320233669676	630
0	680
0	681
0	685
0	687
0	728
0	742
0.0430164630908125	763
0.0424853956452469	765
0.0228359001593202	766
0.0228359001593202	768
0.0228359001593202	772
0.0185873605947955	801
0	853
0	854
0	867
0	868
0.00159320233669676	870
0.0185873605947955	915
0.0185873605947955	932
0.00690387679235263	991
0.0207116303770579	992
0.0106213489113117	997
0.0106213489113117	1002
0.000531067445565587	1006
0.01805629314923	1061
0.015400955921402	1062
0.015400955921402	1063
0.00531067445565587	1066
0.0132766861391397	1070
0.0132766861391397	1158
0.0143388210302708	1166
0.015400955921402	1254
0.0132766861391397	1257
0.0116834838024429	1313
0.0159320233669676	1317
0.0302708443972384	1552
0	1612
0	1622
0	1651
0	1652
0	1676
0	1684
0	1739
0	1741
0	1756
0	1757
0	1793
0	1797
0	1819
0	1820
0.0589484864577801	1829
0	1834
0	1835
0	1851
0	1852
0.00159320233669676	1853
0.00159320233669676	1872
0.0185873605947955	1890
0.268720127456187	1925
0	1942
0	1943
0.0185873605947955	1954
0.00159320233669676	2016
0	2017
0	2031
0	2053
0.345724907063197	2057
0	2081
0	2091
0	2106
0	2108
0	2141
0	2159
0	2166
0.0318640467339352	2171
0	2191
0.00159320233669676	2202
0	2212
0	2239
0	2240
0.00159320233669676	2276
0.00159320233669676	2278
0	2285
0	2286
0.0185873605947955	2317
0	2370
0	2412
0.0217737652681891	4779
0.0217737652681891	4807
0.0217737652681891	4826
0	4840
0	4857
0.0217737652681891	4884
0.0217737652681891	4900
0	4939
0.0387679235262878	4958
0.0238980350504514	5023
0.0217737652681891	5104
0.0424853956452469	5151
0.0446096654275093	5165
0.0217737652681891	5210
0.0217737652681891	5236
0	5249
0.0238980350504514	5253
0.0238980350504514	5276
0	5279
0.0185873605947955	5349
0.0408921933085502	5353
0	5395
0.0185873605947955	5486
0.0387679235262878	5577
0.0238980350504514	5644
0	5651
0.0111524163568773	5717
0	5718
0.0127456186935741	5720
0.0706319702602231	5726
0.0302708443972384	5741
0.00212426978226235	5748
0.00159320233669676	5757
0.0424853956452469	5768
0.033457249070632	5772
0	5776
0.0387679235262878	5779
0.0536378120021243	5784
0.0111524163568773	5798
0.0185873605947955	5800
0.0424853956452469	5811
0.00159320233669676	5822
0.0281465746149761	5830
0.0371747211895911	5831
0.256505576208178	5832
0.015400955921402	5836
0.876792352628784	5837
0.0541688794476899	5856
0.0148698884758364	5860
0.00743494423791822	5865
0.139670738183749	5867
0.0238980350504514	5874
0.0249601699415826	5890
0.0238980350504514	5893
0.0260223048327138	5907
0.00265533722782793	5921
0.0249601699415826	5950
0.0238980350504514	5984
0.0217737652681891	5993
0.546999468932554	6008
0.390865639936272	6009
0.0111524163568773	6010
0.0159320233669676	6011
0.0366436537440255	6012
0.0392989909718534	6013
0.371216144450345	6016
0.0345193839617631	6017
0.224110462028678	6019
0.243759957514604	6020
0.0419543281996814	6021
0.0148698884758364	6022
0.0323951141795008	6023
0.14922995220393	6024
0.0600106213489113	6025
0.0201805629314923	6030
0.0414232607541158	6034
0.0270844397238449	6035
0.0392989909718534	6036
0.0387679235262878	6038
0.467870419543282	6039
0.315985130111524	6040
0.0403611258629846	6041
0.578332448220924	6042
0.228359001593202	6043
0.569835369091875	6046
0.254381306425916	6064
0.0414232607541158	6069
0.0223048327137546	6070
0.0270844397238449	6071
0.0281465746149761	6073
0.469994689325544	6074
0.177907594264472	6076
0.0111524163568773	6077
0.241104620286776	6085
0.0424853956452469	6086
0.0143388210302708	6087
0.120021242697823	6088
0.0323951141795008	6090
0.0138077535847053	6091
0.0589484864577801	6092
0.209771640998407	6094
0.0138077535847053	6095
0.205523101433882	6096
0.0562931492299522	6097
0.255974508762613	6098
0.0557620817843866	6099
0.224641529474243	6100
0.0116834838024429	6101
0.159851301115242	6102
0.039830058417419	6104
0.0217737652681891	6105
0.0584174190122146	6106
0.0557620817843866	6107
0.0594795539033457	6108
0.159320233669676	6109
0.0584174190122146	6111
0.236856080722252	6112
0.024429102496017	6113
0.0562931492299522	6114
0.0339883165161976	6115
0.0169941582580988	6118
0.270313329792884	6119
0.0339883165161976	6122
0.0138077535847053	6123
0.193839617631439	6124
0.0589484864577801	6125
0.0541688794476899	6126
0.0536378120021243	6128
0.0562931492299522	6131
0.0568242166755178	6132
0.0541688794476899	6133
0.0350504514073287	6134
0.0594795539033457	6136
0.0594795539033457	6137
0.0589484864577801	6138
0.0568242166755178	6140
0.0148698884758364	6141
0.0594795539033457	6142
0.048858204992034	6145
0.0456718003186405	6148
0.0238980350504514	6149
0.0520446096654275	6150
0.0600106213489113	6151
0.00424853956452469	6153
0.0408921933085502	6154
0.0361125862984599	6163
0.0164630908125332	6166
0.259160913436006	6169
0.0541688794476899	6172
0.0541688794476899	6173
0.0520446096654275	6174
0.0605416887944769	6177
0.0610727562400425	6180
0.0568242166755178	6184
0.273499734466277	6188
0.0594795539033457	6189
0.0318640467339352	6191
0.0323951141795008	6192
0.0562931492299522	6193
0.323951141795008	6194
0.0631970260223048	6195
0.033457249070632	6198
0.0594795539033457	6201
0.234200743494424	6202
0.234731810939989	6203
0.0605416887944769	6209
0.0594795539033457	6210
0.0116834838024429	6214
0.0546999468932554	6216
0.055231014338821	6217
0.0515135422198619	6218
0.0169941582580988	6220
0.0132766861391397	6221
0.0281465746149761	6231
0.0228359001593202	6235
0.0159320233669676	6237
0.0233669676048858	6238
0.0260223048327138	6240
0.0361125862984599	6241
0.229421136484334	6242
0.627721720658524	6243
0.057886351566649	6244
0.0138077535847053	6252
0.0355815188528943	6255
0.0387679235262878	6258
0.0382368560807223	6268
0.0355815188528943	6276
0.0366436537440255	6284
0.00371747211895911	6296
0.00371747211895911	6390
0.00371747211895911	6396
0.227296866702071	6413
0.0318640467339352	6424
0.00477960701009028	6434
0.0260223048327138	6445
0.0185873605947955	6680
0	6739
0	6740
0.229952203929899	6744
0	6749
0	6750
0	6805
0	6806
0	6814
0.130111524163569	6830
0.76898566117897	6897
0.79182156133829	6898
0.261285183218269	6900
0.364843335103558	6901
0.878385554965481	6903
0.790228359001593	6904
0.856611789697292	6907
0.42113648433351	6908
0.876792352628784	6909
0.659054699946893	6911
0.697822623473181	6913
0.535847052575677	6915
0.27562400424854	6917
0.621879978757302	6918
0.898035050451407	6919
0.423260754115773	6920
0.360063728093468	6922
0.460966542750929	6923
0.715878916622411	6924
0.729155602761551	6926
0.440785979819437	6927
0.607541157727031	6929
0.499203398831652	6931
0.878385554965481	6932
0.647902283590016	6933
0.405204460966543	6938
0.741370154009559	6940
0.69198088157196	6943
0.71003717472119	6944
0.594264471587892	6945
0.839086563993627	6951
0.527349973446628	6956
0.285714285714286	6957
0.77376526818906	6958
0.494423791821561	6959
0.28518321826872	6960
0.753053637812002	6961
0.574083908656399	6963
0.501327668613914	6966
0.662772172065852	6967
0.698353690918747	6968
0.527349973446628	6969
0.508762612851832	6970
0.561869357408391	6971
0.839086563993627	6973
0.419012214551248	6974
0.539033457249071	6975
0.8194370685077	6976
0.624004248539564	6979
0.469463621879979	6981
0.627721720658524	6982
0.530536378120021	6984
0.0387679235262878	6986
0.165693043016463	6987
0.325544344131705	6989
0.381837493361657	6990
0.544875199150292	6992
0.0414232607541158	6997
0.5246946362188	7000
0.386617100371747	7002
0.033457249070632	7003
0.399362719065321	7008
0.124269782262347	7013
0.377588953797132	7014
0.0605416887944769	7025
0.42113648433351	7026
0.15878916622411	7028
0.397238449283059	7031
0.177376526818906	7033
0.125862984599044	7036
0.35262878385555	7058
0.0286776420605417	7061
0.425916091343601	7062
0.285714285714286	7063
0.144981412639405	7064
0.312798725438131	7067
0.0223048327137546	7068
0.424322889006904	7071
0.0557620817843866	7072
0.0493892724375996	7077
0.276686139139671	7081
0.345724907063197	7092
0.405204460966543	7094
0.0292087095061073	7096
0.439723844928306	7102
0.0281465746149761	7103
0.0849707912904939	7106
0.0223048327137546	7107
0.0350504514073287	7109
0.450876261285183	7111
0.120021242697823	7117
0.0106213489113117	7119
0.00902814657461498	7120
0.0238980350504514	7125
0.386617100371747	7126
0.0323951141795008	7127
0.0456718003186405	7130
0.0223048327137546	7133
0.00318640467339352	7138
0.408390865639936	7143
0.522570366436537	7147
0.286245353159851	7158
0.0201805629314923	7160
0.0647902283590016	7161
0.168879447689857	7162
0.45724907063197	7163
0.329792883696229	7164
0.350504514073287	7165
0.391396707381838	7169
0.0414232607541158	7177
0.385554965480616	7181
0.104620286776421	7183
0.387679235262878	7186
0.148698884758364	7192
0.318640467339352	7199
0.00584174190122146	7202
0.0430164630908125	7203
0.0430164630908125	7207
0.0392989909718534	7208
0.0440785979819437	7209
0.0631970260223048	7213
0.145512480084971	7217
0.0435475305363781	7218
0.0355815188528943	7223
0.353159851301115	7231
0.00371747211895911	7236
0.290493892724376	7244
0.00371747211895911	7248
0.0392989909718534	7250
0.367498672331386	7255
0.314391927774827	7258
0.0955921402018056	7268
0.192777482740308	7273
0.0828465215082315	7276
0.36218799787573	7280
0.449283058948486	7282
0.0945300053106745	7287
0.453531598513011	7288
0.643653744025491	7296
0.186404673393521	7298
0.0727562400424854	7305
0.411046202867764	7306
0.32607541157727	7307
0.00424853956452469	7314
0.33935209771641	7316
0.00424853956452469	7319
0.361656930430165	7320
0.178969729155603	7322
0.399893786510887	7323
0.0223048327137546	7327
0.0451407328730749	7328
0.00318640467339352	7332
0.344662772172066	7333
0.382899628252788	7337
0.0228359001593202	7342
0.347849176845459	7343
0.32129580456718	7344
0.432288900690388	7346
0.170472650026553	7347
0.276686139139671	7349
0.00212426978226235	7350
0.255974508762613	7353
0.360063728093468	7354
0.00212426978226235	7356
0	7358
0	7359
0.334041423260754	7372
0.373871481678173	7373
0.00212426978226235	7377
0.365374402549124	7378
0.274561869357408	7382
0.252788104089219	7383
0.398831651619756	7384
0.024429102496017	7387
0.50663834306957	7394
0.0238980350504514	7396
0.103558151885289	7404
0.345193839617631	7411
0.048858204992034	7413
0.0238980350504514	7415
0.382899628252788	7416
0.0249601699415826	7417
0.469994689325544	7418
0.0201805629314923	7419
0.368029739776952	7424
0.00477960701009028	7427
0.362719065321296	7430
0.256505576208178	7460
0.191184280403611	7461
0.0435475305363781	7471
0	7475
0.437068507700478	7477
0.853956452469464	7514
0.739776951672863	7515
0.566648964418481	7516
0.250663834306957	7517
0.824747742963356	7520
0.799787573021774	7521
0.661178969729156	7523
0.677642060541689	7525
0	7529
0	7530
0	7566
0	7568
0.00159320233669676	7717
0	7757
0	7767
0.00159320233669676	7917
0.00159320233669676	7947
0	8037
0	8057
0.00159320233669676	8077
0.00159320233669676	8132
0	8171
0.807222517259692	8214
0.423260754115773	8222
0.0313329792883696	8227
0.287307488050982	8230
0.520446096654275	8231
0.348380244291025	8233
0.212426978226235	8234
0.551779075942645	8235
0.556027615507169	8236
0.199681359532661	8237
0.1311736590547	8238
0.517259691980882	8239
0.50663834306957	8240
0.640467339352098	8241
0.39830058417419	8242
0.220392989909719	8243
0.232607541157727	8244
0.210302708443972	8246
0.386086032926182	8247
0.374402549123739	8249
0.36218799787573	8256
0.297928836962294	8258
0.28040361125863	8259
0.492830589484865	8264
0.526287838555497	8283
0.28518321826872	8284
0.252788104089219	8285
0.237387148167817	8290
0.603292618162507	8297
0.536378120021243	8306
0.0233669676048858	8307
0.595857673924588	8311
0.41157727031333	8312
0.530005310674456	8326
0.409453000531067	8334
0.372278279341476	8335
0.322357939458311	8337
0.574614976101965	8343
0.62453531598513	8351
0.617100371747212	8354
0.230483271375465	8357
0.637280934678704	8365
0.181625066383431	8366
0.35740839086564	8369
0.525756771109931	8376
0.143388210302708	8386
0.663303239511418	8387
0.120552310143388	8419
0.579394583112055	8420
0.390334572490706	8422
0.571959638874137	8424
0.189060010621349	8426
0.0143388210302708	8427
0	8464
0	8483
0	8699
0	8723
0	9027
0.359532660647902	9057
0.206585236325013	9058
0.00159320233669676	9067
0.00159320233669676	9069
0.00159320233669676	9070
0.00159320233669676	9075
0.00159320233669676	9078
0.00159320233669676	9079
0.00159320233669676	9081
0.00159320233669676	9084
0.00212426978226235	9085
0.00159320233669676	9089
0.00159320233669676	9091
0.00159320233669676	9095
0.00159320233669676	9099
0.00159320233669676	9100
0.00531067445565587	9102
0.00159320233669676	9103
0.0913436006372809	9104
0.00212426978226235	9105
0.00212426978226235	9106
0.00212426978226235	9111
0.00318640467339352	9113
0.00159320233669676	9114
0.0191184280403611	9115
0.0185873605947955	9121
0.0424853956452469	9125
0.00424853956452469	9128
0.00531067445565587	9130
0.00531067445565587	9131
0.00531067445565587	9133
0.00318640467339352	9134
0.0185873605947955	9298
0.00477960701009028	9312
0.0185873605947955	9314
0.0440785979819437	9321
0.0345193839617631	9323
0.0329261816250664	9332
0.0329261816250664	9336
0.0318640467339352	9339
0.030801911842804	9343
0.0132766861391397	9352
0.0159320233669676	9353
0.0318640467339352	9363
0.0175252257036644	9369
0	9370
0.0361125862984599	9371
0.0323951141795008	9380
0.0148698884758364	9381
0.0138077535847053	9382
0.0132766861391397	9383
0.0233669676048858	9386
0.01805629314923	9388
0.0164630908125332	9390
0.0414232607541158	9391
0.0159320233669676	9392
0.0223048327137546	9394
0.0260223048327138	9395
0.0414232607541158	9399
0.0515135422198619	9402
0.039830058417419	9404
0.0387679235262878	9405
0.0382368560807223	9407
0.0350504514073287	9408
0.0621348911311737	9409
0.0361125862984599	9412
0.0159320233669676	9413
0.0350504514073287	9416
0.057886351566649	9421
0.0371747211895911	9427
0.0382368560807223	9433
0.0175252257036644	9436
0.0159320233669676	9437
0.039830058417419	9442
0.0371747211895911	9450
0.0361125862984599	9451
0.0355815188528943	9452
0.0207116303770579	9453
0.0260223048327138	9454
0.00531067445565587	9455
0.0562931492299522	9470
0.0323951141795008	9471
0.0185873605947955	9476
0.0387679235262878	9481
0.0185873605947955	9503
0.0536378120021243	9506
0.0520446096654275	9507
0.0483271375464684	9508
0.0281465746149761	9509
0.0520446096654275	9510
0.0483271375464684	9511
0.0520446096654275	9512
0.0281465746149761	9513
0.0483271375464684	9514
0.0483271375464684	9515
0.0536378120021243	9517
0.0520446096654275	9518
0.0254912373871482	9519
0.0541688794476899	9520
0.0541688794476899	9521
0.0313329792883696	9522
0.0520446096654275	9523
0.0339883165161976	9524
0.0504514073287307	9525
0.0541688794476899	9526
0.0541688794476899	9527
0.0292087095061073	9528
0.0520446096654275	9529
0.0483271375464684	9530
0.0504514073287307	9531
0.0504514073287307	9532
0.0483271375464684	9533
0.0536378120021243	9534
0.0493892724375996	9535
0.0483271375464684	9536
0.0520446096654275	9537
0.0541688794476899	9539
0.0504514073287307	9540
0.0483271375464684	9541
0.0520446096654275	9542
0.0467339352097716	9543
0.0520446096654275	9544
0.0483271375464684	9545
0.0536378120021243	9546
0.0541688794476899	9547
0.033457249070632	9548
0.0520446096654275	9549
0.0313329792883696	9550
0.0504514073287307	9551
0.0329261816250664	9552
0.0541688794476899	9553
0.0467339352097716	9554
0.0472650026553372	9555
0.0504514073287307	9556
0.0541688794476899	9557
0.0504514073287307	9558
0.0520446096654275	9559
0.0520446096654275	9560
0.0504514073287307	9561
0.0541688794476899	9562
0.0536378120021243	9564
0.0536378120021243	9565
0.0536378120021243	9567
0.0361125862984599	9568
0.0499203398831652	9569
0.0233669676048858	9571
0.0504514073287307	9573
0.0515135422198619	9574
0.0520446096654275	9576
0.0541688794476899	9577
0.0504514073287307	9578
0.0318640467339352	9579
0.0541688794476899	9581
0.0541688794476899	9582
0.0435475305363781	9583
0.0536378120021243	9584
0.0499203398831652	9585
0.0329261816250664	9586
0.0541688794476899	9587
0.0254912373871482	9588
0.0536378120021243	9589
0.0483271375464684	9590
0.0536378120021243	9591
0.0132766861391397	9592
0.0499203398831652	9593
0.0541688794476899	9594
0.0541688794476899	9595
0.0525756771109931	9596
0.0541688794476899	9597
0.0520446096654275	9598
0.0504514073287307	9599
0.0520446096654275	9600
0.0504514073287307	9601
0.0541688794476899	9602
0.0223048327137546	9606
0.0238980350504514	9607
0.00159320233669676	9608
0.0387679235262878	9609
0.0387679235262878	9610
0.0387679235262878	9611
0.0424853956452469	9612
0.0217737652681891	9613
0.0387679235262878	9615
0.0185873605947955	9616
0.00159320233669676	9617
0.0424853956452469	9619
0.0238980350504514	9620
0.00159320233669676	9621
0.0185873605947955	9622
0.0217737652681891	9624
0.0424853956452469	9625
0.0387679235262878	9626
0.00159320233669676	9627
0.0238980350504514	9628
0.0228359001593202	9629
0.0185873605947955	9630
0.0185873605947955	9631
0.0223048327137546	9632
0.0217737652681891	9633
0.0223048327137546	9634
0.0387679235262878	9635
0.0387679235262878	9636
0.0424853956452469	9637
0.0387679235262878	9638
0.0217737652681891	9639
0.0223048327137546	9640
0.0185873605947955	9641
0.0185873605947955	9642
0.0424853956452469	9643
0.0387679235262878	9644
0.0387679235262878	9645
0.00159320233669676	9646
0.0185873605947955	9647
0.00159320233669676	9648
0.0424853956452469	9649
0.0387679235262878	9651
0.0424853956452469	9653
0.0238980350504514	9655
0.0185873605947955	9656
0.0424853956452469	9657
0.0217737652681891	9658
0.0424853956452469	9659
0.0387679235262878	9660
0.0185873605947955	9661
0.0387679235262878	9663
0.00159320233669676	9664
0.00371747211895911	9665
0.00159320233669676	9666
0.00159320233669676	9667
0.0217737652681891	9668
0.00371747211895911	9669
0.00159320233669676	9670
0.00159320233669676	9671
0.00159320233669676	9672
0.00159320233669676	9673
0.00159320233669676	9676
0.00159320233669676	9677
0.00159320233669676	9678
0.00159320233669676	9679
0.00159320233669676	9680
0.00159320233669676	9681
0.00159320233669676	9682
0.00159320233669676	9683
0.00159320233669676	9684
0.00159320233669676	9685
0.00159320233669676	9686
0.00159320233669676	9687
0.00159320233669676	9689
0.00159320233669676	9690
0.00159320233669676	9691
0.00159320233669676	9692
0.00159320233669676	9693
0.00159320233669676	9694
0.00159320233669676	9695
0.00159320233669676	9696
0.0424853956452469	9697
0.0223048327137546	9698
0.0424853956452469	9699
0.00159320233669676	9700
0.0185873605947955	9701
0.00159320233669676	9703
0.00371747211895911	9704
0.0185873605947955	9705
0.0387679235262878	9706
0.0185873605947955	9707
0.0185873605947955	9708
0.00159320233669676	9709
0.00159320233669676	9710
0.00159320233669676	9711
0.00371747211895911	9712
0.0424853956452469	9713
0.0387679235262878	9714
0.0223048327137546	9716
0.0185873605947955	9717
0.0387679235262878	9718
0.0424853956452469	9719
0.0185873605947955	9720
0.0238980350504514	9721
0.0185873605947955	9722
0.0424853956452469	9723
0.0387679235262878	9725
0.0424853956452469	9726
0.00371747211895911	9727
0.0217737652681891	9728
0.00159320233669676	9729
0.0238980350504514	9730
0.00159320233669676	9731
0.0185873605947955	9732
0.00371747211895911	9733
0.00159320233669676	9735
0.0223048327137546	9736
0.0223048327137546	9737
0.0185873605947955	9738
0.0223048327137546	9739
0.0223048327137546	9741
0.0223048327137546	9743
0.0387679235262878	9744
0.00371747211895911	9745
0.0185873605947955	9747
0.0424853956452469	9748
0.0424853956452469	9749
0.01805629314923	9754
0.0185873605947955	9755
0.00371747211895911	9756
0.00371747211895911	9757
0.0430164630908125	9758
0.0424853956452469	9759
0.0185873605947955	9761
0.0392989909718534	9762
0.0387679235262878	9764
0.0430164630908125	9766
0.00371747211895911	9768
0.0223048327137546	9769
0.0238980350504514	9770
0.0387679235262878	9771
0.0207116303770579	9772
0.0424853956452469	9774
0.0424853956452469	9775
0.0260223048327138	9776
0.0387679235262878	9777
0.0260223048327138	9778
0.0424853956452469	9779
0.00159320233669676	9780
0.0424853956452469	9781
0.0424853956452469	9782
0.00159320233669676	9783
0.0440785979819437	9784
0.0238980350504514	9785
0.0217737652681891	9786
0.0185873605947955	9787
0.00159320233669676	9788
0.0387679235262878	9789
0.0387679235262878	9790
0.0387679235262878	9791
0.0217737652681891	9792
0.00371747211895911	9793
0.00371747211895911	9794
0.0207116303770579	9795
0.00371747211895911	9796
0.00159320233669676	9797
0.00371747211895911	9798
0.0387679235262878	9799
0.00424853956452469	9800
0.00371747211895911	9801
0.0185873605947955	9802
0.0223048327137546	9803
0.024429102496017	9804
0.00212426978226235	9805
0.00424853956452469	9806
0.0408921933085502	9807
0.00159320233669676	9808
0.00159320233669676	9809
0.0185873605947955	9810
0.00584174190122146	9811
0.0185873605947955	9812
0.0223048327137546	9813
0.0424853956452469	9814
0.00371747211895911	9815
0.00371747211895911	9816
0.0212426978226235	9817
0.0302708443972384	9819
0.0302708443972384	9820
0.0302708443972384	9821
0.0302708443972384	9822
0.0281465746149761	9823
0.0132766861391397	9824
0.0302708443972384	9825
0.030801911842804	9826
0.0281465746149761	9827
0.0281465746149761	9828
0.0286776420605417	9830
0.0233669676048858	9831
0.0233669676048858	9832
0.0254912373871482	9833
0.0302708443972384	9834
0.0297397769516729	9835
0.0254912373871482	9836
0.0281465746149761	9837
0.0297397769516729	9838
0.0302708443972384	9839
0.0254912373871482	9840
0.0302708443972384	9841
0.0302708443972384	9843
0.00849707912904939	9844
0.0297397769516729	9845
0.0302708443972384	9846
0.0265533722782793	9847
0.0302708443972384	9848
0.0302708443972384	9849
0.0302708443972384	9850
0.0132766861391397	9851
0.0302708443972384	9852
0.0302708443972384	9853
0.0281465746149761	9854
0.0302708443972384	9855
0.00849707912904939	9856
0.0132766861391397	9857
0.0132766861391397	9858
0.0127456186935741	9859
0.0127456186935741	9860
0.00849707912904939	9861
0.0111524163568773	9862
0.0132766861391397	9864
0.0302708443972384	9866
0.0302708443972384	9867
0.0302708443972384	9868
0.0217737652681891	9869
0.0254912373871482	9870
0.0281465746149761	9871
0.0281465746149761	9873
0.0302708443972384	9874
0.0265533722782793	9875
0.0297397769516729	9876
0.0079660116834838	9877
0.0254912373871482	9878
0.0233669676048858	9879
0.0254912373871482	9880
0.0302708443972384	9881
0.0302708443972384	9882
0.0297397769516729	9883
0.0302708443972384	9885
0.0302708443972384	9886
0.0233669676048858	9887
0.0302708443972384	9888
0.0302708443972384	9890
0.0297397769516729	9891
0.0302708443972384	9892
0.0281465746149761	9894
0.0302708443972384	9895
0.0302708443972384	9897
0.0254912373871482	9898
0.0302708443972384	9899
0.0233669676048858	9900
0.0249601699415826	9901
0.0254912373871482	9902
0.0297397769516729	9903
0.0302708443972384	9904
0.0281465746149761	9905
0.0207116303770579	9906
0.00371747211895911	9908
0.00371747211895911	9909
0.0223048327137546	9910
0.00159320233669676	9911
0	9912
0.00371747211895911	9914
0.0185873605947955	9915
0.00371747211895911	9917
0.0387679235262878	9918
0.0223048327137546	9920
0.00159320233669676	9921
0.0185873605947955	9924
0.0424853956452469	9925
0.0286776420605417	9926
0.0185873605947955	9927
0.0185873605947955	9928
0.00371747211895911	9929
0.00371747211895911	9930
0.00371747211895911	9932
0.0424853956452469	9933
0.0185873605947955	9935
0.0185873605947955	9937
0.0408921933085502	9938
0.0100902814657461	9939
0.402018056293149	9941
0.0339883165161976	9942
0.0371747211895911	9943
0.0525756771109931	9944
0.0302708443972384	9945
0.0382368560807223	9946
0.0525756771109931	9947
0.0164630908125332	9948
0.0329261816250664	9949
0.0339883165161976	9950
0.00902814657461498	9951
0.00584174190122146	9952
0.00531067445565587	9953
0.0079660116834838	9955
0.0148698884758364	9956
0.00849707912904939	9957
0.00743494423791822	9958
0.00955921402018056	9959
0.0100902814657461	9960
0.00584174190122146	9962
0.00637280934678704	9963
0.00584174190122146	9964
0.0079660116834838	9965
0.00637280934678704	9966
0.0079660116834838	9968
0.00424853956452469	9969
0.0164630908125332	9970
0.0079660116834838	9971
0.00531067445565587	9972
0.00743494423791822	9973
0.0079660116834838	9974
0.00584174190122146	9975
0.0106213489113117	9976
0.00849707912904939	9978
0.00955921402018056	9979
0.0100902814657461	9980
0.00584174190122146	9981
0.00743494423791822	9982
0.0175252257036644	9983
0.00637280934678704	9984
0.0079660116834838	9985
0.00743494423791822	9986
0.00955921402018056	9987
0.0265533722782793	9988
0.00743494423791822	9990
0.00424853956452469	9991
0.0260223048327138	9993
0.0286776420605417	9995
0.0286776420605417	9996
0.0260223048327138	9997
0.030801911842804	9998
0.0286776420605417	9999
0.0265533722782793	10001
0.0265533722782793	10002
0.0079660116834838	10004
0.0079660116834838	10005
0.0430164630908125	10006
0.00955921402018056	10008
0.0106213489113117	10009
0.0175252257036644	10010
0.0350504514073287	10011
0.024429102496017	10012
0.0265533722782793	10013
0.0451407328730749	10014
0.151354221986192	10015
0.0100902814657461	10017
0.00743494423791822	10018
0.0191184280403611	10020
0.00212426978226235	10022
0.00159320233669676	10023
0	10027
0	14312
0	14313
0	14314
0	14315
0	14318
0	14319
0	15560
0	15591
0	15592
0	15593
0	18694
0	18696
0	19949
0	19950
0	19951
