trait	env	fitness	beta	beta.s	s	s.s
ABA	thi	rFitness	0.018 (0.00232, 0.0337)	***	0.026 (0.00248, 0.04952)	***
ABA	thp	rFitness	-0.024 (-0.04948, 0.00148)	*	-0.005 (-0.03048, 0.02048)	ns
ABA	thi	rSeeds	0.001 (-0.01272, 0.0147)	ns	0.011 (-0.00272, 0.02472)	ns
ABA	thp	rSeeds	-0.003 (-0.02456, 0.0186)	ns	0.009 (-0.01452, 0.03252)	ns
ABA	thi	rSurvival_fruit	0.014 (0.0042, 0.0238)	**	0.014 (0.0042, 0.0238)	***
ABA	thp	rSurvival_fruit	-0.017 (-0.03856, 0.00456)	ns	-0.009 (-0.0286, 0.0106)	ns
Delta13C	thi	rFitness	0.009 (-0.0106, 0.0286)	ns	-0.049 (-0.06664, -0.03136)	***
Delta13C	thp	rFitness	-0.011 (-0.04824, 0.0262)	ns	-0.073 (-0.10436, -0.04164)	***
Delta13C	thi	rSeeds	0.008 (-0.00964, 0.0256)	ns	-0.048 (-0.06564, -0.03036)	***
Delta13C	thp	rSeeds	-0.013 (-0.03456, 0.00856)	ns	-0.059 (-0.08252, -0.03548)	***
Delta13C	thi	rSurvival_fruit	0.001 (-0.01468, 0.0167)	ns	-0.004 (-0.01576, 0.00776)	ns
Delta13C	thp	rSurvival_fruit	0.001 (-0.03232, 0.0343)	ns	-0.02 (-0.04548, 0.00548)	*
Dormancy	thi	rFitness	0.001 (-0.02644, 0.0284)	ns	0.04 (0.01844, 0.06156)	***
Dormancy	thp	rFitness	0.014 (-0.02716, 0.0552)	ns	0.069 (0.03568, 0.10232)	***
Dormancy	thi	rSeeds	-0.003 (-0.0226, 0.0166)	ns	0.037 (0.01936, 0.05464)	***
Dormancy	thp	rSeeds	-0.014 (-0.03752, 0.00952)	ns	0.033 (0.0134, 0.0526)	***
Dormancy	thi	rSurvival_fruit	0.002 (-0.01172, 0.0157)	ns	0.001 (-0.0088, 0.0108)	ns
Dormancy	thp	rSurvival_fruit	0.03 (0.00452, 0.0555)	**	0.036 (0.01052, 0.06148)	***
FloweringTime	thi	rFitness	0.017 (-0.01632, 0.0503)	ns	-0.068 (-0.0876, -0.0484)	***
FloweringTime	thp	rFitness	0.045 (-0.00596, 0.096)	*	-0.082 (-0.1114, -0.0526)	***
FloweringTime	thi	rSeeds	0.021 (-0.00644, 0.0484)	ns	-0.062 (-0.07768, -0.04632)	***
FloweringTime	thp	rSeeds	0.038 (0.01056, 0.0654)	***	-0.06 (-0.0796, -0.0404)	***
FloweringTime	thi	rSurvival_fruit	-0.008 (-0.0276, 0.0116)	ns	-0.007 (-0.01876, 0.00476)	ns
FloweringTime	thp	rSurvival_fruit	0.015 (-0.03008, 0.0601)	ns	-0.022 (-0.04552, 0.00152)	*
GerminationPerc	thi	rFitness	-0.002 (-0.02356, 0.0196)	ns	-0.014 (-0.03556, 0.00756)	ns
GerminationPerc	thp	rFitness	-0.013 (-0.04828, 0.0223)	ns	-0.037 (-0.07032, -0.00368)	*
GerminationPerc	thi	rSeeds	-0.013 (-0.02868, 0.00268)	ns	-0.018 (-0.03564, -0.000359999999999999)	*
GerminationPerc	thp	rSeeds	-0.01 (-0.0296, 0.0096)	ns	-0.017 (-0.0366, 0.0026)	***
GerminationPerc	thi	rSurvival_fruit	0.009 (-0.00276, 0.0208)	*	0.004 (-0.00776, 0.01576)	ns
GerminationPerc	thp	rSurvival_fruit	0.002 (-0.03132, 0.0353)	ns	-0.019 (-0.04448, 0.00648)	ns
GrowthRate	thi	rFitness	0.013 (-0.02424, 0.0502)	ns	-0.078 (-0.09956, -0.05644)	***
GrowthRate	thp	rFitness	-0.001 (-0.05784, 0.0558)	ns	-0.11 (-0.14136, -0.07864)	***
GrowthRate	thi	rSeeds	0.02 (-0.01136, 0.0514)	ns	-0.074 (-0.09164, -0.05636)	***
GrowthRate	thp	rSeeds	-0.002 (-0.03728, 0.0333)	ns	-0.077 (-0.09464, -0.05936)	***
GrowthRate	thi	rSurvival_fruit	-0.006 (-0.02364, 0.0116)	ns	-0.005 (-0.0148, 0.0048)	ns
GrowthRate	thp	rSurvival_fruit	0.011 (-0.04388, 0.0659)	ns	-0.033 (-0.05652, -0.00948)	***
RGR	thi	rFitness	0.01 (-0.01744, 0.0374)	ns	0.065 (0.04344, 0.08656)	***
RGR	thp	rFitness	0.014 (-0.03108, 0.0591)	ns	0.089 (0.05372, 0.12428)	***
RGR	thi	rSeeds	0.012 (-0.01152, 0.0355)	ns	0.063 (0.04536, 0.08064)	***
RGR	thp	rSeeds	0.025 (-0.00244, 0.0524)	*	0.071 (0.04748, 0.09452)	***
RGR	thi	rSurvival_fruit	-0.001 (-0.01472, 0.0127)	ns	0.003 (-0.0068, 0.0128)	ns
RGR	thp	rSurvival_fruit	-0.013 (-0.04436, 0.0184)	ns	0.021 (-0.00448, 0.04648)	*
RootHorizIndex	thi	rFitness	-0.003 (-0.03044, 0.0244)	ns	0 (-0.01764, 0.01764)	ns
RootHorizIndex	thp	rFitness	-0.045 (-0.07832, -0.0117)	**	-0.028 (-0.05348, -0.00252)	**
RootHorizIndex	thi	rSeeds	0.002 (-0.01956, 0.0236)	ns	0.006 (-0.00576, 0.01776)	ns
RootHorizIndex	thp	rSeeds	0.002 (-0.02152, 0.0255)	ns	0.002 (-0.01172, 0.01572)	ns
RootHorizIndex	thi	rSurvival_fruit	-0.007 (-0.02072, 0.00672)	ns	-0.006 (-0.01776, 0.00576)	ns
RootHorizIndex	thp	rSurvival_fruit	-0.046 (-0.0852, -0.0068)	***	-0.03 (-0.05744, -0.00256)	***
RootRGR	thi	rFitness	-0.003 (-0.04416, 0.0382)	ns	-0.01 (-0.0296, 0.0096)	ns
RootRGR	thp	rFitness	-0.02 (-0.06116, 0.0212)	ns	-0.013 (-0.03456, 0.00856)	ns
RootRGR	thi	rSeeds	-0.01 (-0.04136, 0.0214)	ns	-0.02 (-0.03372, -0.00628)	***
RootRGR	thp	rSeeds	0.001 (-0.01664, 0.0186)	ns	-0.014 (-0.0238, -0.0042)	***
RootRGR	thi	rSurvival_fruit	0.005 (-0.00872, 0.0187)	ns	0.008 (-0.0018, 0.0178)	*
RootRGR	thp	rSurvival_fruit	-0.021 (-0.06608, 0.0241)	ns	0.002 (-0.02152, 0.02552)	ns
StomataDensity	thi	rFitness	-0.025 (-0.0446, -0.0054)	**	-0.045 (-0.06264, -0.02736)	***
StomataDensity	thp	rFitness	-0.034 (-0.06928, 0.00128)	ns	-0.059 (-0.09036, -0.02764)	***
StomataDensity	thi	rSeeds	-0.023 (-0.03672, -0.00928)	***	-0.041 (-0.0606, -0.0214)	***
StomataDensity	thp	rSeeds	-0.013 (-0.03456, 0.00856)	ns	-0.03 (-0.0496, -0.0104)	***
StomataDensity	thi	rSurvival_fruit	-0.003 (-0.02064, 0.0146)	ns	-0.006 (-0.01972, 0.00772)	ns
StomataDensity	thp	rSurvival_fruit	-0.019 (-0.0484, 0.0104)	ns	-0.028 (-0.05152, -0.00448)	***
StomataSize	thi	rFitness	0.014 (-0.00756, 0.0356)	ns	0.047 (0.02936, 0.06464)	***
StomataSize	thp	rFitness	0.004 (-0.03716, 0.0452)	ns	0.054 (0.02068, 0.08732)	***
StomataSize	thi	rSeeds	0.004 (-0.01364, 0.0216)	ns	0.039 (0.02136, 0.05664)	***
StomataSize	thp	rSeeds	-0.003 (-0.02652, 0.0205)	ns	0.029 (0.01136, 0.04664)	***
StomataSize	thi	rSurvival_fruit	0.006 (-0.00772, 0.0197)	ns	0.009 (-0.00276, 0.02076)	*
StomataSize	thp	rSurvival_fruit	0.013 (-0.01836, 0.0444)	ns	0.027 (-0.000439999999999999, 0.05444)	*
Vernalization	thi	rFitness	-0.109 (-0.158, -0.06)	***	-0.094 (-0.11556, -0.07244)	***
Vernalization	thp	rFitness	-0.131 (-0.19764, -0.0644)	***	-0.123 (-0.15436, -0.09164)	***
Vernalization	thi	rSeeds	-0.116 (-0.16108, -0.0709)	***	-0.09 (-0.10764, -0.07236)	***
Vernalization	thp	rSeeds	-0.102 (-0.14512, -0.0589)	***	-0.091 (-0.1106, -0.0714)	***
Vernalization	thi	rSurvival_fruit	0.008 (-0.0214, 0.0374)	ns	-0.004 (-0.01576, 0.00776)	ns
Vernalization	thp	rSurvival_fruit	-0.048 (-0.10484, 0.00884)	*	-0.037 (-0.06052, -0.01348)	***
