FT16,Delta_13C,FT10,FT_mlp,FT_mli,Growth_rate
23_FW,-0.41625833369378,-0.654668201689571,-0.403659448543351,NA,NA,NA
93_DW,-0.418357889099307,-0.643346136038053,-0.384797638005131,NA,NA,NA
grown_on_zinc_deficiency_mean_Total_length_day001,-0.2234067563673,-0.640027598076203,NA,NA,NA,-0.301218492496968
Fresh_per_dry500_2012,NA,-0.626536808041756,NA,NA,NA,NA
RGRav,-0.231824852438954,-0.592761783987119,-0.283111361655423,NA,NA,NA
Dry0_2012,-0.227942558962811,-0.584597155256843,-0.311351378692615,NA,NA,NA
P_CK,NA,-0.571430056574134,NA,NA,NA,NA
Fresh_min_Dry500_2012,NA,-0.555321394251347,NA,NA,NA,NA
P2_CK,NA,-0.543133555731548,NA,NA,NA,NA
TRL_CK,NA,-0.523662513260286,NA,NA,NA,NA
120_DTFplantingLoc2008,-0.193826956287073,-0.459115715509492,-0.303375194795985,NA,NA,NA
9_Leaf_roll_10,-0.290345527963535,-0.438541591274121,-0.247356559396509,NA,NA,NA
26_Width_22,NA,-0.396151024593594,NA,NA,NA,NA
drought_projected_leaf_area_day_11,-0.253277732900691,-0.388105907786209,-0.198779978623471,NA,NA,NA
8_Leaf_roll_16,NA,-0.372817701959272,NA,NA,NA,NA
46_Leaf_roll_22,NA,-0.371032426750749,NA,NA,NA,NA
drought_Fresh_Weight_28,-0.411784984666279,-0.35030785430413,-0.380582360901836,NA,NA,NA
drought_projected_leaf_area_day_24,-0.415885523797143,-0.347262259272566,-0.385780338133138,NA,NA,-0.260192492023958
drought_projected_leaf_area_day_26,-0.442491235376229,-0.344146109463068,-0.393786472632785,NA,NA,-0.266668317083325
drought_projected_leaf_area_day_18,-0.343026841928375,-0.333998312839544,-0.322616988378472,NA,NA,NA
RB,-0.350737510825024,-0.32665100559041,-0.378773015497785,NA,NA,-0.345694518672596
FW_rosette,-0.244993603763134,-0.319302628585642,NA,NA,NA,NA
Fresh_Weight_28,-0.244993603763134,-0.319302628585642,NA,NA,NA,NA
Fruit_number,-0.50705324249578,-0.310097907976069,-0.507695035796859,NA,NA,-0.532527415305997
RGR,-0.274219219314077,-0.287759818942502,-0.3183101542244,NA,NA,-0.239275519579115
FT_tlp,-0.193739191914964,-0.203694955686783,-0.287218222371655,0.0883237505919161,NA,-0.266046175202828
stomatasize,-0.184187085816909,-0.187980319623329,-0.205496135864201,NA,-0.173068762116213,NA
d32_4C_perc,-0.407620341459976,-0.179003984881628,-0.300622833404914,0.118218994259606,NA,-0.192180427213298
d22_4C_perc,-0.346900204549871,-0.167784194923668,-0.224950761189693,0.125672120555,NA,-0.151359689071744
Flowering_time,0.734948739717537,0.269155068553219,0.802090682045372,NA,NA,0.761085761588941
FT_thi,0.346487818820895,0.280353937601617,0.416085904239518,NA,0.288531154955547,0.3070340734713
FT_thp,0.345612750740685,0.294701909078447,0.424028401267129,NA,0.257926068329509,0.349318939404754
DTfruit,0.739630970189846,0.310409614077348,0.841812003138053,NA,0.137330512284091,0.699544436676223
FT_mhi,0.473626787384748,0.31890954950267,0.571825630900826,NA,0.210444006891559,0.487614440584158
DTflower,0.76660923088181,0.323855012249255,0.856690097377519,NA,0.150499130423198,0.717452150234563
DTharvest,0.604774699182916,0.338520460928375,0.707961931624422,NA,0.204323519628318,0.670509844116594
PL_div_LL,0.371929618231797,0.352616501804406,0.273128778255438,NA,NA,0.500621984480719
87_LN16,0.810681039170529,0.36271476814951,0.785937588598584,NA,NA,0.718821525158125
FT_mhp,0.524819023571795,0.376010714542243,0.617436677084654,NA,0.229587314854157,0.522426610231325
DTbolt,0.74507548325101,0.380913446763042,0.828542259166478,NA,0.156336456166468,0.72338107178503
FT16,1,0.381369535440776,0.883494557225984,NA,NA,0.676411537805563
Root_linearity_day002,0.322960076219617,0.388784943090949,0.324067351667724,NA,NA,0.314441079461187
DTF_Oct_2010,0.640798904056848,0.397744367962703,0.729750238278636,NA,NA,0.561479186825229
Root_angle_day005,NA,0.407869567615646,NA,NA,NA,NA
rosette_DM,0.714816434990574,0.412821333050473,0.755357614164107,NA,0.177279739902777,0.944113454854509
FT10,0.883494557225984,0.430815572388537,1,NA,0.100532114539599,0.70383144314565
104_SDV,0.676451959818093,0.434144840244969,0.780405081563663,NA,NA,0.755178481907081
34_LDV,0.796405687485196,0.437844470703618,0.871498055681171,NA,NA,0.83473510935493
31_FT10,0.873441307523699,0.444840366419151,0.907090940387326,NA,NA,0.872007141287822
Growth_rate,0.676411537805563,0.44700914616669,0.70383144314565,NA,0.221725293784351,1
LRN,NA,0.497732388555817,NA,NA,-0.30706444403666,NA
48_8W,0.614830376636424,0.50604419040769,0.620319734519695,NA,NA,0.733177538984507
41_LN22,0.740630760557782,0.506851881863796,0.701054573894308,NA,NA,0.646461396005551
47_SD,0.832764841446775,0.51043042394808,0.790816229389332,NA,NA,0.78227915293158
30_FT16,0.90517136439691,0.513473940119596,0.85655451556336,NA,NA,0.797035178333158
32_FT_Duration_GH,0.41588958009069,0.520574078353391,0.259930009406794,NA,NA,NA
125_DTFmainEffect2009,0.863255203136794,0.532364307864589,0.89140989829308,NA,0.219516089313791,0.777170155731717
119_DTF_spain_2009_1st_experiment,0.862488776357213,0.533198669674391,0.89114819988911,NA,0.215425900090692,0.775495233827191
LRD.MR,NA,0.535721397125887,-0.199434495766849,NA,NA,NA
100_4W,0.825168104494776,0.549449145617753,0.851522220508062,NA,NA,0.775119145978953
89_LD,0.859851021616822,0.552311128852688,0.83100899024621,NA,NA,0.756120992335073
102_FT22,0.871075171221217,0.576806671039668,0.817739102243621,NA,NA,0.742062514885757
130_DTFplantingSummer2008,0.736258333904995,0.579154370769355,0.756232370611074,NA,NA,0.522655600699704
20_Storage_7_days,0.255630709121351,0.581432742806213,0.547811244442405,NA,NA,NA
129_DTFplantingSummer2009,0.847588486200224,0.584462845800459,0.762539904310247,NA,NA,0.751590125148715
density_deficiency,NA,0.591325434780106,NA,NA,NA,NA
53_0W_GH_FT,0.861127257298079,0.59254942541682,0.824177902276417,NA,NA,0.782262282493902
121_DTF_spain_2009_2nd_experiment,0.90141886038055,0.594673350665329,0.858135718979785,NA,NA,0.790149014861949
DTF_Sep_2010,0.754806934857247,0.602514703727011,0.66361379365172,NA,0.308827245668732,0.631611751232543
11_2W,0.885180744319614,0.605797028266403,0.839428059196731,NA,NA,0.81474109908968
126_DTFmainEffect2008,0.865166723180504,0.615818253074378,0.886229329497066,NA,NA,0.766804102306849
134_DTF_sweden_2009_1st_experiment,0.905904712356907,0.618244891084912,0.870551431273146,NA,0.222717303410541,0.745627493126464
118_DTFlocSweden2009,0.81092804214471,0.619588119450524,0.730389460934955,NA,0.188695735592647,0.614710468072283
136_DTF_spain_2008_2nd_experiment,0.842506496395912,0.624191219271426,0.861485902757358,NA,NA,0.656550288839756
141_DTF_sweden_2008_2nd_experiment,0.879099899330783,0.624567141191723,0.871673730078315,NA,NA,0.679213002507646
140_DTF_sweden_2009_2nd_experiment,0.90789087391915,0.64056389551133,0.851239277506511,NA,0.21024612167588,0.748931975658824
58_LFS_GH,0.764363808600188,0.646743105041683,0.547067917895123,NA,NA,0.635786556110162
37_0W,0.850570460337732,0.668927247158873,0.747992559892912,NA,0.326037366604412,0.753048559807847
52_LC_Duration_GH,0.729225075868853,0.674239032590033,0.490682776979126,NA,NA,0.606942937914964
90_Seedling_Growth,0.288167296963439,0.675291308974989,0.274200679323738,NA,NA,NA
CHLc_2013,0.366234585142839,0.68858143615345,0.429391459850564,NA,NA,NA
denstiy_control,NA,0.694556183850398,NA,NA,NA,NA
113_DTF_sweden_2008_1st_experiment,0.854580225587771,0.696883304766435,0.849644258818613,NA,NA,0.683474857361166
117_DTFlocSweden2008,0.779130460998831,0.712663611930784,0.764498640817233,NA,NA,0.553543978954241
CHLs_2013,0.283697602281006,0.730361344064148,NA,NA,NA,NA
Zn_minus,NA,0.819426791127154,NA,NA,NA,NA
Delta_13C,0.381369535440776,1,0.430815572388537,NA,NA,0.44700914616669
FT_mlp,NA,NA,NA,1,0.0906728853455203,NA
FT_mli,NA,NA,0.100532114539599,0.0906728853455203,1,0.221725293784351
DSDS10,-0.348691846877376,NA,-0.41086488783813,NA,NA,-0.589676190047425
DSDS50,-0.427690157080272,NA,-0.449890020697783,NA,NA,-0.607049232117356
DSDS90,-0.412257177732544,NA,-0.423479873845207,NA,NA,-0.6369064420578
FT,0.873407446940574,NA,0.857523809245474,NA,NA,0.819686918115291
GAS,NA,NA,NA,NA,NA,NA
SS,0.478821884982321,NA,0.416213434652861,NA,NA,0.423722327390365
t10,-0.270447793349353,NA,-0.291630631352118,NA,NA,-0.39601086360198
t50,-0.219354301940004,NA,-0.220250933535008,NA,NA,-0.374697084961755
U8416,NA,NA,NA,NA,NA,NA
HL23_mm_,NA,NA,NA,NA,NA,-0.32414893866326
HL27_mm_,-0.336098790743154,NA,-0.281251202034419,NA,NA,NA
SensHL,-0.240891930594334,NA,-0.25232526192223,NA,NA,NA
VarTemp,NA,NA,NA,NA,NA,NA
LB_vs_PR_DhighN_vs_lowN,NA,NA,NA,NA,NA,NA
LB_vs_PR_highN,NA,NA,NA,NA,NA,NA
LB_vs_PR_lowN,NA,NA,NA,NA,NA,NA
LR_count_DhighN_vs_lowN,NA,NA,NA,NA,NA,NA
LR_count_highN,NA,NA,NA,NA,NA,NA
LR_count_lowN,NA,NA,NA,NA,NA,NA
LRdensity_DhighN_vs_lowN,NA,NA,NA,NA,NA,NA
LRdensity_highN,NA,NA,NA,NA,NA,NA
LRdensity_lowN,NA,NA,NA,NA,NA,NA
LRlengthave_DhighN_vs_lowN,NA,NA,NA,NA,NA,NA
LRlengthave_highN,NA,NA,NA,NA,NA,NA
LRlengthave_lowN,NA,NA,NA,NA,NA,NA
LRtot_DhighN_vs_lowN,NA,NA,NA,NA,NA,NA
LRtot_highN,NA,NA,NA,NA,NA,NA
LRtot_lowN,NA,NA,NA,NA,NA,NA
PR_DhighN_vs_lowN,NA,NA,NA,NA,NA,NA
PR_highN,NA,NA,NA,NA,NA,NA
PR_lowN,NA,NA,NA,NA,NA,NA
PR_plus_LRtot_DhighN_vs_lowN,NA,NA,NA,NA,NA,NA
PR_plus_LRtot_highN,NA,NA,NA,NA,NA,NA
PR_plus_LRtot_lowN,NA,NA,NA,NA,NA,NA
SA_DhighN_vs_lowN,NA,NA,NA,NA,NA,NA
SA_highN,NA,NA,NA,NA,NA,NA
SA_lowN,0.25562016347372,NA,NA,NA,NA,NA
SA_to_PR_DhighN_vs_lowN,NA,NA,NA,NA,NA,NA
SA_to_PR_highN,NA,NA,NA,NA,NA,NA
SA_to_PR_lowN,0.263470407153041,NA,NA,0.640720607466769,NA,NA
116_DTFplantingSummerLocSweden2009,-0.184375164663884,NA,-0.207483977021178,NA,NA,-0.376328257895746
D2_entrance_per,NA,NA,NA,NA,NA,NA
GEMINATION_4D_per,NA,NA,NA,NA,NA,NA
GERMINATION_1D_per,NA,NA,NA,NA,NA,NA
Direction_index,NA,NA,-0.223895792994352,NA,NA,-0.280319333979586
Root_angle,NA,NA,NA,NA,NA,NA
142_Mature_cell_length,NA,NA,NA,NA,NA,NA
143_Meristem_zone_length,NA,NA,NA,NA,NA,NA
LR.no_ABA,NA,NA,NA,NA,NA,NA
LR.no_C,NA,NA,NA,NA,NA,NA
LR.no_CK,NA,NA,NA,NA,-0.342808028116044,NA
LR.no_IAA,NA,NA,NA,NA,-0.320606589257153,NA
LRD_P_ABA,NA,NA,NA,NA,NA,NA
LRD_P_C,NA,NA,NA,NA,NA,NA
LRD_P_CK,NA,NA,NA,NA,NA,NA
LRD_P_IAA,NA,NA,-0.242738797889729,NA,NA,NA
LRD_R_ABA,NA,NA,NA,NA,NA,NA
LRD_R_C,NA,NA,NA,NA,NA,NA
LRD_R_CK,NA,NA,NA,NA,NA,NA
LRD_R_IAA,-0.235048060968678,NA,-0.281760853352254,NA,NA,NA
LRL_ABA,NA,NA,NA,NA,NA,NA
LRL_C,NA,NA,NA,NA,NA,NA
LRL_CK,NA,NA,NA,NA,NA,NA
LRL_IAA,NA,NA,-0.233717356717279,NA,NA,NA
LRR_ABA,NA,NA,NA,NA,NA,NA
LRR_C,NA,NA,NA,NA,NA,NA
LRR_CK,NA,NA,NA,NA,NA,NA
LRR_IAA,NA,NA,-0.277770134639068,NA,NA,NA
P_ABA,-0.224783613814723,NA,NA,NA,NA,NA
P_C,NA,NA,NA,NA,NA,NA
P_IAA,NA,NA,NA,NA,NA,NA
P2_ABA,-0.361982510520534,NA,NA,NA,NA,NA
P2_C,NA,NA,NA,NA,NA,NA
P2_IAA,NA,NA,NA,NA,NA,NA
R_ABA,NA,NA,NA,NA,NA,NA
R_C,NA,NA,NA,NA,NA,NA
R_CK,NA,NA,NA,NA,-0.401702628388308,NA
R_IAA,NA,NA,NA,NA,NA,NA
TLRL_ABA,NA,NA,NA,NA,NA,NA
TLRL_C,NA,NA,NA,NA,NA,NA
TLRL_CK,NA,NA,NA,NA,NA,NA
TLRL_IAA,NA,NA,NA,NA,-0.30255744994641,NA
TRL_ABA,-0.237887244113569,NA,NA,NA,NA,NA
TRL_C,NA,NA,NA,NA,NA,NA
TRL_IAA,NA,NA,NA,NA,-0.297776352078892,NA
289_Root_length_Day_1,NA,NA,NA,NA,NA,NA
290_Root_length_Day_2,NA,NA,NA,NA,NA,NA
291_Root_length_Day_3,0.25017944112294,NA,NA,NA,NA,NA
292_Root_length_Day_4,0.317167109455568,NA,NA,NA,NA,NA
293_Root_length_Day_5,0.292796475897279,NA,0.204725408937161,NA,NA,NA
Average_root_width_avg,NA,NA,NA,NA,NA,NA
Average_root_width_day001,NA,NA,NA,NA,NA,NA
Average_root_width_day002,NA,NA,NA,NA,NA,NA
Average_root_width_day003,NA,NA,NA,NA,NA,NA
Average_root_width_day004,NA,NA,NA,NA,NA,NA
Average_root_width_day005,NA,NA,NA,NA,NA,-0.37506036290752
Euclidian_length_day001,NA,NA,NA,NA,NA,NA
Euclidian_length_day002,NA,NA,0.250866615996979,NA,NA,NA
Euclidian_length_day003,NA,NA,0.256514482574364,NA,NA,NA
Euclidian_length_day004,NA,NA,0.294972733135262,NA,NA,NA
Euclidian_length_day005,NA,NA,0.295648308854438,NA,NA,NA
Relative_root_growth_rate_avg,NA,NA,NA,NA,NA,NA
Relative_root_growth_rate_day001.day002,NA,NA,NA,NA,NA,NA
Relative_root_growth_rate_day002.day003,NA,NA,NA,NA,NA,NA
Relative_root_growth_rate_day003.day004,NA,NA,NA,NA,NA,0.293131205805634
Relative_root_growth_rate_day004.day005,NA,NA,NA,NA,NA,NA
Root_angle_avg,NA,NA,NA,NA,NA,NA
Root_angle_day001,NA,NA,NA,NA,NA,NA
Root_angle_day002,NA,NA,NA,NA,NA,NA
Root_angle_day003,NA,NA,NA,NA,NA,NA
Root_angle_day004,NA,NA,NA,NA,NA,NA
Root_directional_equivalent_avg,NA,NA,NA,NA,NA,NA
Root_directional_equivalent_day001,NA,NA,NA,NA,NA,-0.292647112962171
Root_directional_equivalent_day002,NA,NA,NA,NA,NA,NA
Root_directional_equivalent_day003,NA,NA,NA,NA,NA,NA
Root_directional_equivalent_day004,NA,NA,-0.213599204475082,NA,NA,-0.305738752730066
Root_directional_equivalent_day005,NA,NA,-0.240959812995296,NA,NA,-0.346568732749483
Root_growth_rate_avg,0.226383870849751,NA,0.27584135504653,NA,NA,0.297958586597989
Root_growth_rate_day001.day002,0.242179137690378,NA,0.320636013028864,NA,NA,0.327447833612781
Root_growth_rate_day002.day003,NA,NA,0.238091589855468,NA,NA,NA
Root_growth_rate_day003.day004,0.317395817658896,NA,0.316133756199262,NA,NA,0.344535371046766
Root_growth_rate_day004.day005,NA,NA,NA,NA,NA,NA
Root_horizontal_index_avg,0.223376060066098,NA,NA,NA,NA,NA
Root_horizontal_index_day001,NA,NA,0.237155399400567,NA,NA,NA
Root_horizontal_index_day002,0.312791474543728,NA,0.361270143244011,NA,NA,NA
Root_horizontal_index_day003,0.213601466299155,NA,0.203515742461339,NA,NA,NA
Root_horizontal_index_day004,NA,NA,NA,NA,NA,NA
Root_horizontal_index_day005,NA,NA,NA,NA,NA,NA
Root_linearity_avg,NA,NA,NA,NA,NA,NA
Root_linearity_day001,0.2507858734325,NA,0.206809027255199,NA,NA,0.373232174938772
Root_linearity_day003,NA,NA,NA,NA,NA,NA
Root_linearity_day004,NA,NA,NA,NA,NA,NA
Root_linearity_day005,NA,NA,NA,NA,NA,NA
Root_tortuosity_avg,NA,NA,NA,NA,NA,NA
Root_tortuosity_day001,NA,NA,NA,NA,NA,NA
Root_tortuosity_day002,NA,NA,NA,NA,NA,NA
Root_tortuosity_day003,NA,NA,NA,NA,NA,NA
Root_tortuosity_day004,NA,NA,NA,NA,NA,NA
Root_tortuosity_day005,NA,NA,NA,NA,NA,NA
Root_vertical_index_avg,0.21692209041952,NA,0.328951704155184,NA,NA,NA
Root_vertical_index_day001,NA,NA,NA,NA,NA,NA
Root_vertical_index_day002,NA,NA,0.236321692263676,NA,NA,NA
Root_vertical_index_day003,NA,NA,0.249771452726138,NA,NA,NA
Root_vertical_index_day004,NA,NA,0.292320705001403,NA,NA,NA
Root_vertical_index_day005,NA,NA,0.296759506820645,NA,NA,NA
Root_width_100_avg,0.225701526198056,NA,NA,NA,NA,NA
Root_width_100_day001,0.287470111651291,NA,0.337395877027215,NA,NA,NA
Root_width_100_day002,0.223078369387288,NA,NA,NA,NA,NA
Root_width_100_day003,0.232005608567742,NA,NA,NA,NA,NA
Root_width_100_day004,NA,NA,NA,NA,NA,NA
Root_width_100_day005,NA,NA,NA,NA,NA,-0.338497850471096
Root_width_20_avg,-0.274978974021075,NA,-0.27828645360746,NA,-0.290463687198651,-0.30728092200029
Root_width_20_day001,NA,NA,NA,NA,NA,NA
Root_width_20_day002,-0.256707197925634,NA,-0.250524484173128,NA,NA,-0.304220614457006
Root_width_20_day003,-0.214475048195806,NA,-0.239949830521911,NA,NA,-0.331186009017355
Root_width_20_day004,NA,NA,NA,NA,NA,NA
Root_width_20_day005,-0.292865114731903,NA,-0.268294655614927,NA,NA,-0.419135608611024
Root_width_40_avg,NA,NA,NA,NA,NA,NA
Root_width_40_day001,NA,NA,NA,NA,NA,NA
Root_width_40_day002,NA,NA,NA,NA,NA,NA
Root_width_40_day003,NA,NA,0.220595808618804,NA,NA,NA
Root_width_40_day004,NA,NA,NA,NA,NA,NA
Root_width_40_day005,NA,NA,NA,NA,NA,NA
Root_width_60_avg,NA,NA,NA,NA,NA,NA
Root_width_60_day001,NA,NA,NA,NA,NA,NA
Root_width_60_day002,NA,NA,NA,NA,NA,NA
Root_width_60_day003,0.217163517763695,NA,NA,NA,NA,NA
Root_width_60_day004,NA,NA,NA,NA,NA,NA
Root_width_60_day005,NA,NA,NA,NA,NA,NA
Root_width_80_avg,0.213452761229595,NA,NA,NA,NA,NA
Root_width_80_day001,0.405161634691626,NA,0.382880012807567,NA,NA,NA
Root_width_80_day002,NA,NA,NA,NA,NA,NA
Root_width_80_day003,0.259887684097715,NA,0.203603330873114,NA,NA,NA
Root_width_80_day004,NA,NA,NA,NA,NA,NA
Root_width_80_day005,NA,NA,NA,NA,NA,-0.333947249193894
Total_length_day001,NA,NA,NA,NA,NA,NA
Total_length_day002,NA,NA,0.251488033060442,NA,NA,NA
Total_length_day003,NA,NA,0.252368704614457,NA,NA,NA
Total_length_day004,NA,NA,0.289875502784944,NA,NA,NA
Total_length_day005,NA,NA,0.284153823445372,NA,NA,NA
LD12_peak,-0.336620416626866,NA,NA,NA,NA,NA
LD12_period,NA,NA,NA,NA,NA,NA
LD14_peak,NA,NA,NA,NA,NA,NA
LD14_period,NA,NA,NA,NA,NA,NA
LD16_peak,NA,NA,NA,NA,NA,NA
LD16_period,NA,NA,NA,NA,0.546401271566385,NA
SD10_peak,NA,NA,NA,NA,NA,NA
SD10_period,NA,NA,NA,NA,0.48166115275637,NA
SD8_peak,NA,NA,NA,NA,NA,NA
SD8_period,NA,NA,NA,NA,NA,NA
Seed_size,NA,NA,0.183652576758735,NA,NA,0.20119266105069
FT_tli,NA,NA,NA,0.106026225098365,0.160103694570471,NA
AZL,NA,NA,NA,NA,NA,NA
BsZL,NA,NA,NA,NA,NA,NA
BZL,NA,NA,NA,NA,-0.321934082556873,NA
LRA,NA,NA,NA,NA,NA,NA
LRD.BZ,NA,NA,NA,0.262813670781069,NA,NA
LRL_0_25,-0.331961481721989,NA,-0.322881276171688,NA,NA,-0.311032117071711
LRL,-0.35994778983628,NA,-0.352992549751304,NA,NA,-0.36270712934469
LRS_0_25,-0.334680658945392,NA,-0.289774167503954,NA,NA,NA
LRS,-0.310216306841882,NA,-0.306437351781853,NA,NA,NA
MRA,NA,NA,NA,NA,NA,NA
MRL,NA,NA,NA,NA,-0.28152477981386,NA
MRV,NA,NA,NA,NA,-0.274716139519095,NA
OAD,NA,NA,NA,NA,NA,NA
TRS,-0.239392960580716,NA,-0.221116236638494,NA,-0.260642913630298,NA
LeafAreaMaturity_mild_drought,NA,NA,NA,NA,NA,NA
LeafAreaMaturity_well_watered,NA,NA,NA,NA,NA,NA
LeafAreaMaturityCell_mild_drought,NA,NA,NA,NA,NA,0.400880173399342
LeafAreaMaturityCell_well_watered,NA,NA,NA,NA,NA,NA
LeafAreaProliferation_mild_drought,NA,NA,NA,NA,NA,NA
LeafAreaProliferation_well_watered,NA,NA,NA,NA,NA,NA
PavementCellArea_mild_drought,NA,NA,NA,0.532130235862758,NA,0.367239923550643
PavementCellArea_well_watered,NA,NA,NA,0.540053729718667,NA,NA
PavementCellNumber_mild_drought,0.26115899408313,NA,NA,NA,NA,NA
PavementCellNumber_well_watered,NA,NA,NA,NA,NA,NA
RosetteArea_mild_drought,NA,NA,0.31886191118604,NA,NA,0.331012480488222
RosetteArea_well_watered,NA,NA,NA,NA,NA,NA
StomatalIndex_mild_drought,NA,NA,NA,NA,NA,NA
StomatalIndex_well_watered,NA,NA,NA,NA,NA,0.341521603027599
A0_Expo2,NA,NA,NA,NA,NA,NA
PLA11,NA,NA,NA,NA,NA,NA
PLA14,NA,NA,NA,NA,NA,-0.263494177013433
PLA16,NA,NA,NA,NA,NA,NA
PLA18,-0.208646411574999,NA,NA,NA,NA,NA
PLA20,NA,NA,NA,NA,NA,NA
PLA22,-0.172073005992672,NA,NA,NA,NA,NA
PLA24,-0.195352716565502,NA,NA,NA,NA,NA
PLA25,-0.202909599222968,NA,NA,NA,NA,NA
PLA26,-0.235375767916296,NA,NA,NA,NA,NA
PLA27,-0.234946108729975,NA,NA,NA,NA,NA
PLA28,-0.257994953704043,NA,-0.162474757763977,NA,NA,NA
PLA8,NA,NA,NA,NA,-0.23513868254768,NA
r_Expo2,NA,NA,NA,NA,NA,NA
control_aantalSkld5m10t20_c,NA,NA,NA,0.233873592401303,NA,NA
control_avgSL0t10_c,-0.198127442711911,NA,NA,-0.249475096673048,NA,NA
control_avgSL10t20_c,-0.203031219525956,NA,NA,-0.249603871429974,NA,NA
control_avgSL20t30_c,-0.196655415827961,NA,NA,NA,NA,NA
control_avgSLm10t0_c,NA,NA,NA,NA,NA,NA
control_avgSLm10t20,NA,NA,NA,NA,NA,NA
treatment_aantalSkld5m10t20_t,0.345337064905795,NA,0.345800967631926,NA,NA,0.341143610074857
treatment_avgSL0t10_t,-0.518037116615959,NA,-0.475667519471698,NA,NA,-0.453626108339991
treatment_avgSL10t20_t,-0.309819063711307,NA,-0.328168504652994,NA,NA,-0.323764754709636
treatment_avgSL20t30_t,-0.200754115110553,NA,NA,NA,NA,NA
treatment_avgSLm10t0_t,-0.192991503538745,NA,-0.190509844248103,NA,NA,NA
treatment_avgSLm10t20,-0.309202383092903,NA,-0.318172546554837,NA,-0.286172654107611,-0.292900842210034
Redness_control,NA,NA,NA,NA,NA,NA
Redness_PEG,0.218873819342675,NA,0.209303914883985,NA,NA,0.317656766158282
LL,0.351400198944206,NA,0.29592760934989,-0.230421003461895,NA,0.640909903858842
MSB,0.304704270034202,NA,0.279484218502686,NA,NA,NA
PH1S,-0.216842637271502,NA,-0.242312859892958,NA,NA,NA
PL,0.441966952942702,NA,0.342422685691586,-0.224059658302133,NA,0.689057944095938
RGRbv,NA,NA,NA,NA,NA,NA
TPH,NA,NA,NA,NA,NA,0.311959490296424
Relative_root_length,NA,NA,NA,NA,NA,NA
Fe_minus,NA,NA,NA,NA,NA,NA
Fe_plus,NA,NA,NA,NA,NA,NA
Mn_minus,NA,NA,NA,NA,NA,NA
Mn_plus,NA,NA,NA,NA,NA,NA
Zn_plus,NA,NA,NA,NA,NA,NA
length_control,NA,NA,NA,NA,NA,NA
length_deficiency,NA,NA,NA,NA,NA,NA
high_RFR,NA,NA,-0.228477676987068,NA,NA,NA
low_RFR_response,0.280360359795808,NA,0.314825580693117,NA,NA,NA
low_RFR,NA,NA,NA,NA,NA,NA
resid,0.219073638159717,NA,0.220780591097541,NA,NA,NA
slope,0.311248831082523,NA,0.325384996123576,NA,NA,NA
root_hydraulic_conductivity,-0.432318242852814,NA,-0.406240496491646,-0.340000249501333,NA,-0.428125575818105
leafsize,NA,NA,NA,NA,NA,0.274747913582168
stomata_density,NA,NA,0.132910025301186,NA,NA,NA
Cotyledon_area,NA,NA,NA,NA,NA,0.624897927890803
First_leaf_area,NA,NA,NA,NA,NA,NA
LA_vs_CA,NA,NA,NA,NA,NA,NA
Pavement_cell_density_in_cotyledon,NA,NA,NA,NA,NA,NA
Pavement_cell_density_in_first_leaf,NA,NA,NA,NA,NA,NA
PDL_vs_PDC,NA,NA,NA,NA,NA,NA
SDL_vs_SDC,NA,NA,NA,NA,NA,NA
SIL_vs_SIC,NA,NA,NA,NA,NA,NA
Stomatal_density_in_cotyledon,NA,NA,NA,NA,-0.493711974145919,NA
Stomatal_density_in_first_leaf,NA,NA,NA,NA,NA,NA
Stomatal_index_in_cotyledon,NA,NA,NA,NA,-0.558687533802448,NA
Stomatal_index_in_first_leaf,NA,NA,NA,NA,NA,NA
1_FT_Diameter_Field,-0.374119961487374,NA,-0.403193905254388,NA,NA,-0.273373725396281
106_Secondary_Dormancy,NA,NA,0.457572922199138,NA,NA,NA
14_Width_16,-0.245083852775413,NA,NA,NA,NA,NA
15_Storage_28_days,0.326580426673499,NA,0.546997822183099,NA,-0.620825402839038,NA
18_Width_10,-0.197702160140939,NA,-0.195838455075612,NA,NA,NA
27_Storage_56_days,0.264102981418964,NA,0.468386343892112,NA,-0.503448322417606,NA
29_FLC,0.427217760468675,NA,0.27523380681905,NA,NA,0.269118226658956
3_Leaf_serr_16,NA,NA,NA,NA,NA,NA
36_8W_GH_LN,0.654682033325146,NA,0.627730711766841,NA,NA,0.60888243847366
39_After_Vern_Growth,NA,NA,NA,NA,NA,NA
4_Seed_bank_133_91,0.40414124002355,NA,0.319180459198559,NA,NA,NA
44_Hypocotyl_length,NA,NA,NA,NA,NA,NA
45_Germ_22,NA,NA,NA,NA,NA,NA
49_FT_GH,0.874866815491161,NA,0.806930897231379,NA,NA,0.746008713728951
50_DSDS50,NA,NA,-0.404663942918851,NA,NA,NA
56_RP_GH,NA,NA,NA,0.43289451794148,NA,NA
59_Germ_10,NA,NA,NA,NA,0.371883216934939,NA
6_Leaf_serr_10,NA,NA,NA,NA,NA,NA
60_Germ_16,NA,NA,NA,NA,NA,NA
68_Germ_in_dark,0.31548471151688,NA,NA,NA,NA,NA
69_FRI,0.332281507509651,NA,0.349542048426319,NA,NA,NA
71_Trichome_avg_C,NA,NA,NA,NA,NA,NA
72_Vern_Growth,0.339096853291403,NA,0.26335628135412,NA,NA,0.54524212027918
77_Trichome_avg_JA,NA,NA,NA,NA,NA,NA
79_Silique_16,NA,NA,NA,NA,NA,NA
82_0W_GH_LN,0.798378604255223,NA,0.644146324836624,NA,NA,0.615498194252762
85_LN10,0.775874936049567,NA,0.845349371908387,NA,NA,0.770731140461294
86_FT_Field,0.540805500836965,NA,0.625666836712743,NA,NA,0.585306699042205
92_Leaf_serr_22,NA,NA,NA,NA,NA,NA
94_Seed_Dormancy,NA,NA,-0.352130050794556,NA,0.556462966847726,NA
96_Silique_22,NA,NA,-0.340891574543453,NA,NA,-0.446433598853354
99_8W_GH_FT,0.670147698877469,NA,0.657443879851136,NA,NA,0.773575790704025
freezing_survival,-0.197861707660988,NA,NA,NA,NA,NA
294_Germination_rate_21C,NA,NA,NA,NA,NA,NA
315_GR21_warm,NA,NA,NA,NA,NA,NA
316_GR21_cold,NA,NA,0.345877324303263,NA,NA,NA
320_GR63_warm,-0.240358105640957,NA,NA,NA,NA,NA
325_GR105_cold,-0.273511336178586,NA,NA,0.30794422898025,NA,NA
326_GR63_cold,NA,NA,NA,0.347267556576381,NA,NA
DNA_content_mean,0.248101869744706,NA,NA,NA,NA,NA
BiomassUV,NA,NA,NA,NA,NA,NA
LeafareaUV,NA,NA,NA,NA,NA,NA
LeaflengthUV,-0.159392413713662,NA,NA,NA,NA,NA
Germination_10C,NA,NA,NA,NA,NA,NA
Germination_22C,NA,NA,NA,NA,NA,NA
Germination_30C,NA,NA,NA,NA,NA,NA
Number_of_adults,NA,NA,NA,NA,NA,NA
Number_of_rosettes,NA,NA,NA,NA,NA,NA
Seed_Weight,0.214790806509212,NA,0.201896559894537,NA,NA,NA
Bc,NA,NA,NA,NA,NA,NA
Dr_plus_Bc_residuals,NA,NA,NA,NA,NA,NA
Dr_plus_Bc,NA,NA,NA,NA,NA,NA
Pr_plus_Bc_residuals,NA,NA,NA,NA,NA,NA
Pr_plus_Bc,NA,NA,NA,NA,NA,NA
log2_PDF1_2_MeJA_and_ABA_vs_PDF1_2_MeJA,NA,NA,NA,NA,NA,NA
log2_PDF1_2_MeJA_and_SA_vs_PDF1_2_MeJA,NA,NA,NA,NA,NA,NA
log2_PDF1_2_vs_PPA2_MeJA_and_ABA,0.332427944039,NA,0.254526655174243,NA,NA,NA
grown_on_zinc_deficiency_mean_Total_length_day002,-0.232761963308418,NA,NA,NA,NA,-0.273844390435994
grown_on_zinc_deficiency_mean_Total_length_day003,-0.2393328468872,NA,NA,NA,-0.277151649650446,-0.283990708474363
grown_on_zinc_deficiency_mean_Total_length_day004,NA,NA,NA,NA,-0.318336241072672,NA
grown_on_zinc_deficiency_mean_Total_length_day005,-0.176741422449278,NA,NA,NA,-0.300747149072091,NA
grown_on_zinc_deficiency_mean_Total_length_day006,NA,NA,NA,NA,NA,NA
grown_on_zinc_deficiency_mean_Total_length_day007,NA,NA,NA,NA,-0.330551545960888,NA
mean_Total_length_day001,NA,NA,NA,NA,NA,NA
mean_Total_length_day002,NA,NA,NA,NA,NA,NA
mean_Total_length_day003,NA,NA,NA,NA,NA,NA
mean_Total_length_day004,NA,NA,NA,NA,NA,NA
mean_Total_length_day005,NA,NA,NA,NA,NA,NA
mean_Total_length_day006,NA,NA,NA,NA,NA,NA
mean_Total_length_day007,NA,NA,NA,NA,NA,NA
271_Na23,NA,NA,-0.174305687524107,NA,NA,NA
base_perc,0.193257445979221,NA,0.282097069982754,NA,0.146393713697163,0.217366318855594
d11_10C_perc,NA,NA,NA,NA,0.146694082480346,NA
d11_4C_perc,-0.242716343951384,NA,-0.13166631359612,0.118598845317738,0.118286405496119,NA
d15_10C_perc,NA,NA,NA,NA,0.141910776832789,NA
d15_4C_perc,-0.279585872805373,NA,-0.174316112782012,0.126239040764803,NA,NA
d22_10C_perc,NA,NA,NA,NA,NA,NA
d32_10C_perc,NA,NA,NA,NA,0.130079546346284,NA
d4_10C_perc,NA,NA,NA,NA,0.18359685961349,NA
d4_4C_perc,-0.126562892295571,NA,NA,0.137102255030595,0.16125322762596,NA
d8_10C_perc,NA,NA,NA,NA,0.126845133103841,NA
d8_4C_perc,-0.181247905710452,NA,NA,0.128477104102232,0.15285604394886,NA
DTgerm,NA,NA,NA,NA,NA,NA
germination_3days,NA,NA,NA,NA,-0.362531118102882,NA
germination_7days,NA,NA,NA,NA,-0.362227640420328,NA
salt_survival_days,0.181443384509359,NA,0.270457185659181,NA,NA,0.443473816694167
ANGc_2013,-0.370091117803711,NA,-0.385364790948132,NA,NA,-0.323856891113241
ANGLEr_2013,NA,NA,NA,NA,NA,NA
ANGs_2013,NA,NA,NA,NA,NA,NA
AREAc_2013,NA,NA,NA,NA,NA,NA
AREAr_2013,-0.291415125814255,NA,-0.277026269963708,-0.453750480966762,-0.539370813309378,-0.319603389642289
AREAs_2013,NA,NA,-0.279525525869251,NA,NA,NA
CHLr_2013,NA,NA,NA,NA,NA,NA
Dry500_2012,NA,NA,NA,NA,NA,NA
Dry500p0_2012,NA,NA,NA,NA,NA,NA
DWc_2013,0.339727617194102,NA,NA,0.358910679803556,0.333073718089336,0.454841650997263
DWr_2013,NA,NA,NA,NA,NA,NA
DWs_2013,0.261116754812469,NA,NA,NA,NA,0.379485912935605
Fresh_min_Dry0_2012,NA,NA,NA,NA,NA,NA
Fresh_per_Dry0_2012,NA,NA,NA,NA,NA,NA
Fresh0_2012,NA,NA,-0.235248726087645,NA,NA,NA
Fresh500_2012,NA,NA,NA,NA,NA,NA
Fresh500p0_2012,NA,NA,NA,NA,NA,NA
FWc_2013,0.39102773663688,NA,NA,0.336266242238597,NA,0.533370721148225
FWr_2013,-0.282122543749087,NA,-0.30060661415293,NA,NA,NA
FWs_2013,NA,NA,NA,NA,NA,NA
Surf0_2012,0.534760131616695,NA,0.416856211700048,NA,0.321027214381781,0.459920641905379
Surf500_2012,0.327200444026752,NA,0.315536140628646,NA,NA,0.394592942591384
Surf500p0_2012,NA,NA,NA,NA,-0.322096238361471,NA
WC500p0_2012,NA,NA,NA,NA,NA,NA
drought_projected_leaf_area_day_14,-0.301167757350762,NA,-0.209383198367837,NA,NA,NA
drought_projected_leaf_area_day_16,-0.359429008262444,NA,-0.32654569780274,NA,NA,NA
drought_projected_leaf_area_day_20,-0.390532327117124,NA,-0.371372965726333,NA,NA,NA
drought_projected_leaf_area_day_22,-0.423103523801625,NA,-0.399138660662874,NA,NA,-0.234736172342076
drought_projected_leaf_area_day_25,-0.418789500931451,NA,-0.370586444632919,NA,NA,NA
drought_projected_leaf_area_day_27,-0.428952972330047,NA,-0.381139332703819,NA,NA,-0.234376731501134
drought_projected_leaf_area_day_28,-0.415044080004379,NA,-0.386908821157611,NA,NA,NA
drought_projected_leaf_area_day_8,-0.198994922252118,NA,NA,NA,NA,NA
drought_r,NA,NA,NA,NA,NA,NA
drought_Relative_Water_Content_24,0.30411903302649,NA,0.205608581102231,NA,0.216082864686125,NA
drought_Water_Content_24,NA,NA,NA,NA,NA,NA
projected_leaf_area_day_11,NA,NA,NA,NA,NA,NA
projected_leaf_area_day_14,NA,NA,NA,NA,NA,-0.263494177013433
projected_leaf_area_day_16,NA,NA,NA,NA,NA,NA
projected_leaf_area_day_18,-0.208646411574999,NA,NA,NA,NA,NA
projected_leaf_area_day_20,NA,NA,NA,NA,NA,NA
projected_leaf_area_day_22,-0.172073005992672,NA,NA,NA,NA,NA
projected_leaf_area_day_24,-0.195352716565502,NA,NA,NA,NA,NA
projected_leaf_area_day_25,-0.202909599222968,NA,NA,NA,NA,NA
projected_leaf_area_day_26,-0.235375767916296,NA,NA,NA,NA,NA
projected_leaf_area_day_27,-0.234946108729975,NA,NA,NA,NA,NA
projected_leaf_area_day_28,-0.257994953704043,NA,-0.162474757763977,NA,NA,NA
projected_leaf_area_day_8,NA,NA,NA,NA,-0.23513868254768,NA
Relative_Water_Content_24,0.167005289419478,NA,NA,NA,NA,NA
Water_Content_24,-0.160394781802687,NA,NA,NA,NA,NA
