id,FT_Manzano.Piedras_2014,FT16_1001GC_2016,FT10_1001GC_2016,FT_Vidigal_2016,FT_Kooke_2016,FT_Aranzana_2005,FT10_Atwell_2010,FT16_Atwell_2010,FT_mhi,FT_mhp,FT_mli,FT_mlp,FT_thi,FT_thp,FT_tli,FT_tlp
88,61.25,50.5,NA,NA,NA,NA,NA,NA,NA,NA,NA,NA,NA,NA,NA,NA
108,70,52.25,NA,NA,NA,NA,NA,NA,NA,NA,NA,NA,NA,NA,NA,NA
139,68.75,52.75,NA,NA,NA,NA,NA,NA,NA,NA,NA,NA,NA,NA,NA,NA
159,72,56.75,NA,107,114.75,126.5,133,160.2857143,162.75,161.4,167,NA,NA,NA,NA,NA
265,63.5,47.25,NA,100.1666667,98.5,112,113,157.1428571,155,159.1666667,168,NA,NA,NA,NA,NA
350,68.5,51.5,NA,NA,NA,NA,NA,NA,NA,NA,NA,NA,NA,NA,NA,NA
351,69.25,65.33333333,NA,NA,NA,NA,NA,NA,NA,NA,NA,NA,NA,NA,NA,NA
403,63.5,54.25,NA,105.4285714,102.3333333,105.2,111.75,159.6666667,159.1428571,157.6,166.5,NA,NA,NA,NA,NA
410,76,65.25,NA,NA,NA,NA,NA,NA,NA,NA,NA,NA,NA,NA,NA,NA
424,83.25,68.25,NA,NA,NA,NA,NA,NA,NA,NA,NA,NA,NA,NA,NA,NA
428,75.75,59,NA,NA,NA,NA,NA,NA,NA,NA,NA,NA,NA,NA,NA,NA
430,92.3333333333,55,NA,NA,NA,NA,NA,NA,NA,NA,NA,22.5,NA,NA,NA,NA
470,NA,NA,NA,NA,NA,NA,NA,NA,NA,NA,NA,NA,NA,NA,NA,NA
476,NA,NA,NA,NA,NA,NA,NA,NA,NA,NA,NA,NA,NA,NA,NA,NA
484,NA,NA,NA,NA,NA,NA,NA,NA,NA,NA,NA,NA,NA,NA,NA,NA
504,NA,NA,NA,NA,NA,NA,NA,NA,NA,NA,NA,NA,NA,NA,NA,NA
506,NA,NA,NA,NA,NA,NA,NA,NA,NA,NA,NA,NA,NA,NA,NA,NA
531,NA,NA,NA,NA,NA,NA,NA,NA,NA,NA,NA,NA,NA,NA,NA,NA
544,NA,NA,NA,NA,NA,NA,NA,NA,NA,NA,NA,NA,NA,NA,NA,NA
546,NA,NA,NA,NA,NA,NA,NA,NA,NA,NA,NA,NA,NA,NA,NA,NA
628,NA,NA,NA,NA,NA,NA,NA,NA,NA,NA,NA,NA,NA,NA,NA,NA
630,73.5,58.75,NA,NA,NA,NA,NA,NA,NA,NA,NA,NA,NA,NA,NA,NA
680,NA,NA,NA,NA,NA,NA,NA,NA,NA,NA,NA,NA,NA,NA,NA,NA
681,NA,NA,NA,NA,NA,NA,NA,NA,NA,NA,NA,NA,NA,NA,NA,NA
685,NA,NA,NA,NA,NA,NA,NA,NA,NA,NA,NA,NA,NA,NA,NA,NA
687,NA,NA,NA,NA,NA,NA,NA,NA,NA,NA,NA,NA,NA,NA,NA,NA
728,NA,NA,NA,NA,NA,NA,NA,NA,NA,NA,NA,NA,NA,NA,NA,NA
742,NA,NA,NA,NA,NA,NA,NA,NA,NA,NA,NA,NA,NA,NA,NA,NA
763,65.75,39,NA,109.5,105.6,109.4,-9,164,164.5,165,169.5,NA,NA,NA,NA,NA
765,56.75,36.66666667,NA,111,115.25,105.6,106.3333333,159.8571429,158.4,163.5714286,165.2,NA,NA,NA,NA,NA
766,63.5,41.75,NA,100.5714286,98,102.5,-9,152.4285714,143.4,150.6666667,160,NA,NA,NA,NA,NA
768,76.5,78.25,NA,105.6,107.2,108.6,120.3333333,159.2857143,155.6666667,161.4,166,NA,NA,NA,NA,NA
772,67.5,43.5,NA,100.8333333,108.25,107.6666667,116.5,157.4285714,150.3333333,154.7142857,161.6666667,NA,NA,NA,NA,NA
801,94.75,88.25,NA,119.1428571,128.4,122.75,128,163.2857143,164,163.7142857,166.6,NA,NA,NA,NA,NA
853,NA,NA,NA,NA,NA,NA,NA,NA,NA,NA,NA,NA,NA,NA,NA,NA
854,NA,NA,NA,NA,NA,NA,NA,NA,NA,NA,NA,NA,NA,NA,NA,NA
867,NA,NA,NA,NA,NA,NA,NA,NA,NA,NA,NA,NA,NA,NA,NA,NA
868,NA,NA,NA,NA,NA,NA,NA,NA,NA,NA,NA,NA,NA,NA,NA,NA
870,72.5,62.25,NA,NA,NA,NA,NA,NA,NA,NA,NA,NA,NA,NA,NA,NA
915,63.75,43.5,NA,108.2857143,114.3333333,118.25,134.3333333,162.5,149.75,164.8571429,167,NA,NA,NA,NA,NA
932,78,68.75,NA,110.6666667,114.3333333,120,128.6666667,162.3333333,160.4,162.3333333,172,NA,NA,NA,NA,NA
991,110.5,106.75,NA,NA,NA,NA,NA,NA,NA,NA,NA,NA,NA,NA,NA,NA
992,116,100,NA,NA,NA,NA,NA,NA,NA,NA,NA,NA,NA,NA,NA,NA
997,101.25,87.5,NA,NA,NA,NA,NA,NA,NA,NA,NA,NA,NA,NA,NA,NA
1002,102.75,86.25,NA,NA,NA,NA,NA,NA,NA,NA,NA,NA,NA,NA,NA,NA
1006,NA,NA,NA,NA,NA,NA,NA,NA,NA,NA,NA,NA,NA,NA,NA,NA
1061,97.75,94.75,NA,NA,NA,NA,NA,NA,NA,NA,NA,NA,NA,NA,NA,NA
1062,94,68.25,NA,NA,NA,NA,NA,NA,NA,NA,NA,NA,NA,NA,NA,NA
1063,84,64.25,NA,NA,NA,NA,NA,NA,NA,NA,NA,NA,NA,NA,NA,NA
1066,128,NA,NA,NA,NA,NA,NA,NA,NA,NA,NA,NA,NA,NA,NA,NA
1070,NA,NA,NA,NA,NA,NA,NA,NA,NA,NA,NA,NA,NA,NA,NA,NA
1158,98.75,88,NA,NA,NA,NA,NA,NA,NA,NA,NA,NA,NA,NA,NA,NA
1166,NA,NA,NA,NA,NA,NA,NA,NA,NA,NA,NA,NA,NA,NA,NA,NA
1254,92,106,NA,NA,NA,NA,NA,NA,NA,NA,NA,NA,NA,NA,NA,NA
1257,94.6666666667,93.25,NA,NA,NA,NA,NA,NA,NA,NA,NA,NA,NA,NA,NA,NA
1313,NA,NA,NA,NA,NA,NA,NA,NA,NA,NA,NA,NA,NA,NA,NA,NA
1317,104.25,102,NA,NA,NA,NA,NA,NA,NA,NA,NA,NA,NA,NA,NA,NA
1552,104,115.3333333,NA,114.1428571,119.2,114,132.5,163.7142857,163,164.2,166,NA,NA,NA,NA,NA
1612,NA,NA,NA,NA,NA,NA,NA,NA,NA,NA,NA,NA,NA,NA,NA,NA
1622,NA,NA,NA,NA,NA,NA,NA,NA,NA,NA,NA,NA,NA,NA,NA,NA
1651,NA,NA,NA,NA,NA,NA,NA,NA,NA,NA,NA,NA,NA,NA,NA,NA
1652,NA,NA,NA,NA,NA,NA,NA,NA,NA,NA,NA,NA,NA,NA,NA,NA
1676,NA,NA,NA,NA,NA,NA,NA,NA,NA,NA,NA,NA,NA,NA,NA,NA
1684,NA,NA,NA,NA,NA,NA,NA,NA,NA,NA,NA,NA,NA,NA,NA,NA
1739,NA,NA,NA,NA,NA,NA,NA,NA,NA,NA,NA,NA,NA,NA,NA,NA
1741,NA,NA,NA,NA,NA,NA,NA,NA,NA,NA,NA,NA,NA,NA,NA,NA
1756,NA,NA,NA,NA,NA,NA,NA,NA,NA,NA,NA,NA,NA,NA,NA,NA
1757,NA,NA,NA,NA,NA,NA,NA,NA,NA,NA,NA,NA,NA,NA,NA,NA
1793,NA,NA,NA,NA,NA,NA,NA,NA,NA,NA,NA,NA,NA,NA,NA,NA
1797,NA,NA,NA,NA,NA,NA,NA,NA,NA,NA,NA,NA,NA,NA,NA,NA
1819,NA,NA,NA,NA,NA,NA,NA,NA,NA,NA,NA,NA,NA,NA,NA,NA
1820,NA,NA,NA,NA,NA,NA,NA,NA,NA,NA,NA,NA,NA,NA,NA,NA
1829,94.75,99,NA,NA,NA,NA,NA,NA,NA,NA,NA,NA,NA,NA,NA,NA
1834,NA,NA,NA,NA,NA,NA,NA,NA,NA,NA,NA,NA,NA,NA,NA,NA
1835,NA,NA,NA,NA,NA,NA,NA,NA,NA,NA,NA,NA,NA,NA,NA,NA
1851,NA,NA,NA,NA,NA,NA,NA,NA,NA,NA,NA,NA,NA,NA,NA,NA
1852,NA,NA,NA,NA,NA,NA,NA,NA,NA,NA,NA,NA,NA,NA,NA,NA
1853,71.5,69.33333333,NA,NA,NA,NA,NA,NA,NA,NA,NA,NA,NA,NA,NA,NA
1872,80.25,82.5,NA,NA,NA,NA,NA,NA,NA,NA,NA,NA,NA,NA,NA,NA
1890,101,75.75,NA,110.8333333,106.6,110.8333333,115.6666667,161.5,161,165,165.75,NA,NA,NA,NA,NA
1925,89.5,89.5,NA,NA,NA,NA,NA,NA,NA,NA,NA,27.33333333,NA,NA,NA,NA
1942,NA,NA,NA,NA,NA,NA,NA,NA,NA,NA,NA,NA,NA,NA,NA,NA
1943,NA,NA,NA,NA,NA,NA,NA,NA,NA,NA,NA,NA,NA,NA,NA,NA
1954,93,101,NA,118.8333333,123.6666667,139,133,165,163.4,167,-9,NA,NA,NA,NA,NA
2016,77.5,69.75,NA,NA,NA,NA,NA,NA,NA,NA,NA,NA,NA,NA,NA,NA
2017,NA,NA,NA,NA,NA,NA,NA,NA,NA,NA,NA,NA,NA,NA,NA,NA
2031,NA,NA,NA,NA,NA,NA,NA,NA,NA,NA,NA,NA,NA,NA,NA,NA
2053,NA,NA,NA,NA,NA,NA,NA,NA,NA,NA,NA,NA,NA,NA,NA,NA
2057,NA,NA,NA,NA,NA,NA,NA,NA,NA,NA,NA,34,NA,NA,NA,NA
2081,NA,NA,NA,NA,NA,NA,NA,NA,NA,NA,NA,NA,NA,NA,NA,NA
2091,NA,NA,NA,NA,NA,NA,NA,NA,NA,NA,NA,NA,NA,NA,NA,NA
2106,NA,NA,NA,NA,NA,NA,NA,NA,NA,NA,NA,NA,NA,NA,NA,NA
2108,NA,NA,NA,NA,NA,NA,NA,NA,NA,NA,NA,NA,NA,NA,NA,NA
2141,NA,NA,NA,NA,NA,NA,NA,NA,NA,NA,NA,NA,NA,NA,NA,NA
2159,NA,NA,NA,NA,NA,NA,NA,NA,NA,NA,NA,NA,NA,NA,NA,NA
2166,NA,NA,NA,NA,NA,NA,NA,NA,NA,NA,NA,NA,NA,NA,NA,NA
2171,79,82.5,NA,NA,NA,NA,NA,NA,NA,NA,NA,NA,NA,NA,NA,NA
2191,NA,NA,NA,NA,NA,NA,NA,NA,NA,NA,NA,NA,NA,NA,NA,NA
2202,97.75,96.5,NA,NA,NA,NA,NA,NA,NA,NA,NA,NA,NA,NA,NA,NA
2212,NA,NA,NA,NA,NA,NA,NA,NA,NA,NA,NA,NA,NA,NA,NA,NA
2239,NA,NA,NA,NA,NA,NA,NA,NA,NA,NA,NA,NA,NA,NA,NA,NA
2240,NA,NA,NA,NA,NA,NA,NA,NA,NA,NA,NA,NA,NA,NA,NA,NA
2276,83,84.25,NA,NA,NA,NA,NA,NA,NA,NA,NA,NA,NA,NA,NA,NA
2278,79.25,85,NA,NA,NA,NA,NA,NA,NA,NA,NA,NA,NA,NA,NA,NA
2285,NA,NA,NA,NA,NA,NA,NA,NA,NA,NA,NA,NA,NA,NA,NA,NA
2286,NA,NA,NA,NA,NA,NA,NA,NA,NA,NA,NA,NA,NA,NA,NA,NA
2317,77,53.5,NA,109.2857143,109.8,113.75,123,157.5714286,154.2,162.5714286,165,NA,NA,NA,NA,NA
2370,NA,NA,NA,NA,NA,NA,NA,NA,NA,NA,NA,NA,NA,NA,NA,NA
2412,NA,NA,NA,NA,NA,NA,NA,NA,NA,NA,NA,NA,NA,NA,NA,NA
4779,68.6666666667,50.25,NA,NA,NA,NA,NA,NA,NA,NA,NA,NA,NA,NA,NA,NA
4807,79.75,87.5,NA,NA,NA,NA,NA,NA,NA,NA,NA,NA,NA,NA,NA,NA
4826,60,51,NA,NA,NA,NA,NA,NA,NA,NA,NA,NA,NA,NA,NA,NA
4840,NA,NA,NA,NA,NA,NA,NA,NA,NA,NA,NA,NA,NA,NA,NA,NA
4857,NA,NA,NA,NA,NA,NA,NA,NA,NA,NA,NA,NA,NA,NA,NA,NA
4884,70.25,49.5,NA,NA,NA,NA,NA,NA,NA,NA,NA,NA,NA,NA,NA,NA
4900,71,50.25,NA,NA,NA,NA,NA,NA,NA,NA,NA,NA,NA,NA,NA,NA
4939,NA,NA,NA,NA,NA,NA,NA,NA,NA,NA,NA,NA,NA,NA,NA,NA
4958,91.25,100.25,NA,124,126.6,135,135,166.4285714,156.2,166.6666667,167,NA,NA,NA,NA,NA
5023,61,43.75,NA,NA,NA,NA,NA,NA,NA,NA,NA,NA,NA,NA,NA,NA
5104,60,40.75,NA,NA,NA,NA,NA,NA,NA,NA,NA,NA,NA,NA,NA,NA
5151,81.75,73.66666667,NA,120,126,126.5,-9,164.8571429,165.6,166.6,-9,NA,NA,NA,NA,NA
5165,86.5,81.75,NA,116.8571429,117.25,123,135,165.4285714,164.6,166.5,-9,NA,NA,NA,NA,NA
5210,96,78,NA,NA,NA,NA,NA,NA,NA,NA,NA,NA,NA,NA,NA,NA
5236,58.5,43.5,NA,NA,NA,NA,NA,NA,NA,NA,NA,NA,NA,NA,NA,NA
5249,NA,NA,NA,NA,NA,NA,NA,NA,NA,NA,NA,NA,NA,NA,NA,NA
5253,62.75,38,NA,NA,NA,NA,NA,NA,NA,NA,NA,NA,NA,NA,NA,NA
5276,74.5,49.75,NA,NA,NA,NA,NA,NA,NA,NA,NA,NA,NA,NA,NA,NA
5279,NA,NA,NA,NA,NA,NA,NA,NA,NA,NA,NA,NA,NA,NA,NA,NA
5349,92,97.33333333,NA,117.8571429,121.75,127,133.25,165,167.1428571,166.3333333,-9,NA,NA,NA,NA,NA
5353,71,62.5,NA,117.1428571,114,122,124.5,160.4285714,157.8,165.1666667,168.25,NA,NA,NA,NA,NA
5395,NA,NA,NA,NA,NA,NA,NA,NA,NA,NA,NA,NA,NA,NA,NA,NA
5486,60.5,37.5,NA,109.1666667,114.6666667,134.3333333,133,162,164.2,165.5,153.5,NA,NA,NA,NA,NA
5577,66.75,51,NA,113.1666667,110.5,-9,144,156.4285714,148,162,167,NA,NA,NA,NA,NA
5644,60.75,46.25,NA,NA,NA,NA,NA,NA,NA,NA,NA,NA,NA,NA,NA,NA
5651,NA,NA,NA,NA,NA,NA,NA,NA,NA,NA,NA,NA,NA,NA,NA,NA
5717,NA,NA,NA,NA,NA,NA,NA,NA,NA,NA,NA,NA,NA,NA,NA,NA
5718,NA,NA,NA,NA,NA,NA,NA,NA,NA,NA,NA,NA,NA,NA,NA,NA
5720,92,63.33333333,NA,NA,NA,NA,NA,NA,NA,NA,NA,NA,NA,NA,NA,NA
5726,74,48,NA,NA,NA,NA,NA,NA,NA,NA,NA,NA,NA,NA,NA,NA
5741,97.25,88.5,NA,127,138,144,105,168.375,168,170.5,-9,NA,NA,NA,NA,NA
5748,60.75,41.75,NA,NA,NA,NA,NA,NA,NA,NA,NA,NA,NA,NA,NA,NA
5757,87.75,66.66666667,NA,NA,NA,NA,NA,NA,NA,NA,NA,NA,NA,NA,NA,NA
5768,96.25,85,NA,119.8333333,128,133.5,139,173,168.25,164,167,NA,NA,NA,NA,NA
5772,66.75,49,NA,106.2857143,99.66666667,107.25,-9,154.3333333,158.2,159.8333333,167,NA,NA,NA,NA,NA
5776,NA,NA,NA,NA,NA,NA,NA,NA,NA,NA,NA,NA,NA,NA,NA,NA
5779,90.5,67,NA,117.4285714,125,126,140,165.4285714,167.2,165.6666667,172,NA,NA,NA,NA,NA
5784,101.75,69.25,NA,125.1666667,127,136.6666667,140,167.5714286,163.25,167.6666667,167,NA,NA,NA,NA,NA
5798,NA,NA,NA,NA,NA,NA,NA,NA,NA,NA,NA,NA,NA,NA,NA,NA
5800,61.75,39,NA,107.3333333,110.4,117.5,136.5,160.7142857,163,165,172,NA,NA,NA,NA,NA
5811,72,46,NA,115,117.5,128,133,162.1428571,162.2,165.5,167,NA,NA,NA,NA,NA
5822,112.75,111,NA,NA,NA,NA,NA,NA,NA,NA,NA,NA,NA,NA,NA,NA
5830,97.75,75.33333333,NA,NA,NA,NA,NA,NA,NA,NA,NA,NA,NA,NA,NA,NA
5831,99.5,93,NA,NA,NA,NA,NA,NA,NA,NA,NA,NA,NA,NA,NA,NA
5832,88.5,87.33333333,NA,NA,NA,NA,NA,NA,NA,NA,NA,35.66666667,NA,NA,NA,NA
5836,NA,NA,NA,NA,NA,NA,NA,NA,NA,NA,NA,NA,NA,NA,NA,NA
5837,80.5,55.25,NA,NA,NA,NA,NA,NA,NA,NA,NA,18,41.8,50,57,NA
5856,119,NA,NA,130.1666667,129.5,134,136,167.6666667,161,172,-9,NA,NA,NA,NA,NA
5860,NA,NA,NA,NA,NA,NA,NA,NA,NA,NA,NA,NA,NA,NA,NA,NA
5865,109.75,101,NA,NA,NA,NA,NA,NA,NA,NA,NA,NA,NA,NA,NA,NA
5867,130.5,NA,NA,NA,NA,NA,NA,NA,NA,NA,NA,NA,NA,NA,NA,NA
5874,78,69.25,NA,NA,NA,NA,NA,NA,NA,NA,NA,NA,NA,NA,NA,NA
5890,78.25,55.25,NA,NA,NA,NA,NA,NA,NA,NA,NA,NA,NA,NA,NA,NA
5893,73.75,64.25,NA,NA,NA,NA,NA,NA,NA,NA,NA,NA,NA,NA,NA,NA
5907,66.5,48.5,NA,NA,NA,NA,NA,NA,NA,NA,NA,NA,NA,NA,NA,NA
5921,82.5,55.75,NA,NA,NA,NA,NA,NA,NA,NA,NA,NA,NA,NA,NA,NA
5950,81.25,65.5,NA,NA,NA,NA,NA,NA,NA,NA,NA,NA,NA,NA,NA,NA
5984,66.75,41.75,NA,NA,NA,NA,NA,NA,NA,NA,NA,NA,NA,NA,NA,NA
5993,82.5,64.75,NA,NA,NA,NA,NA,NA,NA,NA,NA,NA,NA,NA,NA,NA
6008,73.5,43,NA,111.5714286,112,109.3333333,122,161,156,163.4,-9,12.66666667,NA,41,60,NA
6009,103,113.5,NA,NA,NA,NA,NA,NA,NA,NA,NA,NA,200,151,98,NA
6010,NA,NA,NA,NA,NA,NA,NA,NA,NA,NA,NA,NA,NA,NA,NA,NA
6011,97.3333333333,112.5,NA,NA,NA,NA,NA,NA,NA,NA,NA,NA,NA,NA,NA,NA
6012,102,125,NA,NA,NA,NA,NA,NA,NA,NA,NA,NA,NA,NA,NA,NA
6013,93.75,93,NA,NA,NA,NA,NA,NA,NA,NA,NA,NA,NA,NA,NA,NA
6016,87.3333333333,83.5,NA,NA,NA,NA,NA,NA,NA,NA,NA,NA,NA,101,75,NA
6017,96.5,104,NA,NA,NA,NA,NA,NA,NA,NA,NA,NA,NA,NA,NA,NA
6019,103.5,NA,NA,NA,NA,NA,NA,NA,NA,NA,NA,36.5,NA,NA,NA,NA
6020,94,87.25,NA,NA,NA,NA,NA,NA,NA,NA,NA,28.33333333,NA,NA,NA,NA
6021,94.25,87,NA,NA,NA,NA,NA,NA,NA,NA,NA,NA,NA,NA,NA,NA
6022,NA,NA,NA,NA,NA,NA,NA,NA,NA,NA,NA,NA,NA,NA,NA,NA
6023,93.75,89.25,NA,NA,NA,NA,NA,NA,NA,NA,NA,NA,NA,NA,NA,NA
6024,106.75,116,NA,NA,NA,NA,NA,NA,NA,NA,NA,NA,NA,NA,NA,NA
6025,129.25,NA,NA,123.1666667,127.75,121.3333333,136.6666667,165,163,166.6,165,NA,NA,NA,NA,NA
6030,107.25,129,NA,NA,NA,NA,NA,NA,NA,NA,NA,NA,NA,NA,NA,NA
6034,102.75,80.5,NA,NA,NA,NA,NA,NA,NA,NA,NA,NA,NA,NA,NA,NA
6035,83,73.75,NA,NA,NA,NA,NA,NA,NA,NA,NA,NA,NA,NA,NA,NA
6036,94.25,86.33333333,NA,NA,NA,NA,NA,NA,NA,NA,NA,NA,NA,NA,NA,NA
6038,91.25,77.25,NA,NA,NA,NA,NA,NA,NA,NA,NA,NA,NA,NA,NA,NA
6039,91,62,NA,NA,NA,NA,NA,NA,NA,NA,NA,25,NA,NA,NA,NA
6040,93.25,82.5,NA,125.125,129,141.5,147,164.8571429,170,169.3333333,-9,NA,NA,92,71,NA
6041,78.75,51.5,NA,NA,NA,NA,NA,NA,NA,NA,NA,NA,NA,NA,NA,NA
6042,63.5,43,NA,111.1666667,103.5,108,140,153.1666667,152,159,-9,10.66666667,NA,35,56,NA
6043,110,130.6666667,NA,NA,NA,NA,NA,NA,NA,NA,NA,NA,NA,174,90,NA
6046,117.25,117,NA,NA,NA,NA,NA,NA,NA,NA,NA,36.33333333,200,150,93,NA
6064,103.6666666667,129.5,NA,NA,NA,NA,NA,NA,NA,NA,NA,NA,NA,201,96,NA
6069,107.25,139,NA,NA,NA,NA,NA,NA,NA,NA,NA,NA,NA,NA,NA,NA
6070,106.75,119.3333333,NA,NA,NA,NA,NA,NA,NA,NA,NA,NA,NA,NA,NA,NA
6071,120.75,139.5,NA,NA,NA,NA,NA,NA,NA,NA,NA,NA,NA,NA,NA,NA
6073,102.25,96.5,NA,125.8571429,124.25,132.2,-9,167.1428571,168,167,-9,NA,NA,NA,NA,NA
6074,101,85.75,NA,118.3333333,124.4,128.6666667,-9,164.6666667,165.2,167,-9,37,NA,97,91,NA
6076,121.5,110.5,NA,NA,NA,NA,NA,NA,NA,NA,NA,34.5,NA,NA,NA,NA
6077,NA,NA,NA,NA,NA,NA,NA,NA,NA,NA,NA,NA,NA,NA,NA,NA
6085,124.25,128,NA,126.7142857,126,144,-9,166.1428571,170.5,165.6,-9,44.33333333,NA,NA,NA,NA
6086,100.5,100.75,NA,NA,NA,NA,NA,NA,NA,NA,NA,NA,NA,NA,NA,NA
6087,NA,NA,NA,NA,NA,NA,NA,NA,NA,NA,NA,NA,NA,NA,NA,NA
6088,107.6666666667,128,NA,NA,NA,NA,NA,NA,NA,NA,NA,NA,NA,NA,NA,NA
6090,94.75,105,NA,121.6666667,119,134.3333333,135,165.4285714,167.1666667,170,-9,NA,NA,NA,NA,NA
6091,NA,NA,NA,NA,NA,NA,NA,NA,NA,NA,NA,NA,NA,NA,NA,NA
6092,103,89.5,NA,122,122.6,134.5,-9,167.2857143,164.8,168.6666667,-9,NA,NA,NA,NA,NA
6094,101.75,92.66666667,NA,119.2857143,126.8,135,147,169.1666667,171.2,166.3333333,-9,34,NA,NA,NA,NA
6095,NA,NA,NA,NA,NA,NA,NA,NA,NA,NA,NA,NA,NA,NA,NA,NA
6096,NA,NA,NA,NA,NA,NA,NA,NA,NA,NA,NA,37,NA,NA,NA,NA
6097,114.5,94,NA,130.8333333,142,140,128,169.1428571,165.3333333,172,-9,NA,NA,NA,NA,NA
6098,112.25,105,NA,131,127.25,144,-9,170,171.3333333,-9,-9,40,NA,NA,NA,NA
6099,117,113.6666667,NA,133.8571429,144.75,105.5,-9,170.3333333,175,-9,-9,NA,NA,NA,NA,NA
6100,102,108.3333333,NA,NA,NA,NA,NA,NA,NA,NA,NA,36.33333333,NA,NA,NA,NA
6101,NA,NA,NA,NA,NA,NA,NA,NA,NA,NA,NA,NA,NA,NA,NA,NA
6102,122.3333333333,103.5,NA,NA,NA,NA,NA,NA,NA,NA,NA,NA,NA,NA,NA,NA
6104,100,109.5,NA,NA,NA,NA,NA,NA,NA,NA,NA,NA,NA,NA,NA,NA
6105,97.75,87.66666667,NA,124.2857143,136,134.25,134,163.5714286,155.8,166.5,-9,NA,NA,NA,NA,NA
6106,102,94.75,NA,122,126,134,-9,166.8333333,170.75,162,-9,NA,NA,NA,NA,NA
6107,119,105.25,NA,109.6,107.2,115,127.75,162.1428571,163.6,164.6666667,165,NA,NA,NA,NA,NA
6108,78.75,52.75,NA,118.1428571,121.6,-9,-9,164.2857143,168.8,165.6666667,-9,NA,NA,NA,NA,NA
6109,100.75,99,NA,127,122.25,137.5,-9,166.4285714,167.2,169.4,172,42.66666667,NA,NA,NA,NA
6111,111.75,93.66666667,NA,124.2857143,133.6,143.5,-9,167.5714286,169.4,167,-9,NA,NA,NA,NA,NA
6112,94.5,76.75,NA,121.8571429,125,133.5,134,165.2,168.8,168.8,165,31,NA,NA,NA,NA
6113,132.6666666667,NA,NA,NA,NA,NA,NA,NA,NA,NA,NA,NA,NA,NA,NA,NA
6114,97,92,NA,127.8333333,117,126,-9,168,170.75,169.25,-9,NA,NA,NA,NA,NA
6115,97.5,74.75,NA,119,117.6666667,135.25,134,164.8,166,167.6666667,-9,NA,NA,NA,NA,NA
6118,98.25,99.25,NA,NA,NA,NA,NA,NA,NA,NA,NA,NA,NA,NA,NA,NA
6119,NA,NA,NA,NA,NA,NA,NA,NA,NA,NA,NA,28.66666667,NA,NA,NA,NA
6122,101.5,90,NA,124.1428571,121.6666667,109.6666667,143,164.3333333,169.2,166.5,154,NA,NA,NA,NA,NA
6123,NA,NA,NA,NA,NA,NA,NA,NA,NA,NA,NA,NA,NA,NA,NA,NA
6124,129.5,106,NA,NA,NA,NA,NA,NA,NA,NA,NA,NA,NA,NA,NA,NA
6125,106.25,100,NA,131.625,136.75,-9,-9,168.8571429,173.3333333,165,168.5,NA,NA,NA,NA,NA
6126,103.25,89,NA,130.7142857,136.75,145,-9,169.6666667,171,169.3333333,172,NA,NA,NA,NA,NA
6128,122.3333333333,113,NA,123,133,-9,-9,166.5,170.5,167,172,NA,NA,NA,NA,NA
6131,119,137,NA,132.3333333,140,147,-9,171.6,167,172,-9,NA,NA,NA,NA,NA
6132,106,102.5,NA,130.8571429,138.75,136,-9,169.3333333,165.5,169,172,NA,NA,NA,NA,NA
6133,111.75,91.75,NA,126,134.5,138.3333333,-9,168.1428571,163.5,171,-9,NA,NA,NA,NA,NA
6134,110,100.3333333,NA,121.625,129,108.5,137,168.1666667,169,169,-9,NA,NA,NA,NA,NA
6136,96.5,84.5,NA,117.5,126.2,131.6,135,161.1428571,165.8,170,167,NA,NA,NA,NA,NA
6137,92.5,87.75,NA,124.5,129.6,147,-9,165.8,170.25,167,168.5,NA,NA,NA,NA,NA
6138,97,90.75,NA,121.8571429,117,133,146.5,166.3333333,166,167.6,-9,NA,NA,NA,NA,NA
6140,98.75,103.25,NA,126.8571429,130.6666667,131.5,158,165.7142857,168.8,167.6666667,-9,NA,NA,NA,NA,NA
6141,NA,NA,NA,NA,NA,NA,NA,NA,NA,NA,NA,NA,NA,NA,NA,NA
6142,98.5,107.5,NA,122.1428571,132.6,137.6666667,-9,164.4,161.4,168.75,-9,NA,NA,NA,NA,NA
6145,116,111.5,NA,129.875,139.3333333,132,-9,170.5,169.5,-9,167,NA,NA,NA,NA,NA
6148,105,105.6666667,NA,127,130.3333333,98.5,-9,165.6666667,167.6666667,168.3333333,-9,NA,NA,NA,NA,NA
6149,106,99,NA,127.1428571,135,136.75,-9,167.1428571,166.8,167.6666667,-9,NA,NA,NA,NA,NA
6150,111.3333333333,101.6666667,NA,121.8333333,126.6,132.75,136,165.3333333,166.25,167.5,-9,NA,NA,NA,NA,NA
6151,99.5,103.3333333,NA,126.2857143,127.6666667,140,113,166,166.7142857,167.25,167,NA,NA,NA,NA,NA
6153,149.25,116,NA,NA,NA,NA,NA,NA,NA,NA,NA,NA,NA,NA,NA,NA
6154,149.3333333333,NA,NA,NA,NA,NA,NA,NA,NA,NA,NA,NA,NA,NA,NA,NA
6163,157.5,NA,NA,NA,NA,NA,NA,NA,NA,NA,NA,NA,NA,NA,NA,NA
6166,144,NA,NA,NA,NA,NA,NA,NA,NA,NA,NA,NA,NA,NA,NA,NA
6169,116,113.5,NA,116.8333333,114.25,130,126.5,163.1428571,166.2,165.2,167,NA,NA,NA,NA,NA
6172,110.5,114,NA,112.5714286,109.6666667,114.25,133,157.7142857,164,161.7142857,169.5,NA,NA,NA,NA,NA
6173,91.75,101,NA,113,118.2,117.4,133,158.5714286,162.8,161.25,169,NA,NA,NA,NA,NA
6174,100,128,NA,115.5,117.25,123.75,137,161.4285714,167.5,165.5,168,NA,NA,NA,NA,NA
6177,99,105.5,NA,108.4,124.6,115.5,133,155.7142857,164.4,160.8,-9,NA,NA,NA,NA,NA
6180,71,41.25,NA,124.3333333,117.6,132.2,119,166.4,163.2,168,167.2,NA,NA,NA,NA,NA
6184,93.6666666667,103.6666667,NA,120.4,122.5,137,-9,163.125,165,165.5,-9,NA,NA,NA,NA,NA
6188,73.25,53.5,NA,105,107.6666667,109,123,159.1666667,156.8333333,159.8,165,19,NA,NA,NA,NA
6189,74,56.66666667,NA,112.2857143,112.75,118,-9,160.25,163.8333333,165,172,NA,NA,NA,NA,NA
6191,78.3333333333,58.5,NA,116.3333333,114.3333333,132.3333333,-9,163.7142857,160.25,166.6666667,-9,NA,NA,NA,NA,NA
6192,95,63,NA,122.4285714,122.25,112,133,166.1666667,157.8,164.2,-9,NA,NA,NA,NA,NA
6193,83,54.5,NA,117.7142857,119.8,130,139,163.8333333,166,168.8,167,NA,NA,NA,NA,NA
6194,110.5,91.5,NA,128.6666667,133.6666667,130.5,-9,167.5,172.8333333,-9,167,36.33333333,NA,NA,NA,NA
6195,83.75,59,NA,113.3333333,116.25,134.5,133,160.1666667,163,166.3333333,167,NA,NA,NA,NA,NA
6198,88.25,92.5,NA,117.3333333,123.8,127.3333333,-9,162.2857143,168.25,168,-9,NA,NA,NA,NA,NA
6201,94.25,103,NA,122.2,125.3333333,135,-9,164.4285714,166.8,166.3333333,172,NA,NA,NA,NA,NA
6202,109.75,128,NA,128.1666667,131.75,141,140,165,170.8,-9,-9,NA,NA,NA,NA,NA
6203,108,119.6666667,NA,129.8571429,131.75,132,135,167,169.4,169.25,-9,39,NA,NA,NA,NA
6209,94,107,NA,115.2857143,120,117.3333333,-9,159.4285714,162.2,161.7142857,165.6666667,NA,NA,NA,NA,NA
6210,100.75,125,NA,122.8333333,123.5,127.6666667,140,164.5714286,167.25,166,172,NA,NA,NA,NA,NA
6214,NA,NA,NA,NA,NA,NA,NA,NA,NA,NA,NA,NA,NA,NA,NA,NA
6216,134.5,NA,NA,122.6666667,113,130,126.6666667,164.8333333,169.4,169.5,-9,NA,NA,NA,NA,NA
6217,111.25,127,NA,115,120,116.3333333,116.5,163.2857143,164.2,163.4285714,162.5,NA,NA,NA,NA,NA
6218,124,137,NA,118.1666667,122.25,130.6666667,121.5,166.2857143,158.25,164.6,167,NA,NA,NA,NA,NA
6220,103,117.3333333,NA,NA,NA,NA,NA,NA,NA,NA,NA,NA,NA,NA,NA,NA
6221,108,110,NA,NA,NA,NA,NA,NA,NA,NA,NA,NA,NA,NA,NA,NA
6231,109.25,NA,NA,NA,NA,NA,NA,NA,NA,NA,NA,NA,NA,NA,NA,NA
6235,119.5,NA,NA,124.625,130.5,118.5,143,164.6,161.1666667,167.6,169,NA,NA,NA,NA,NA
6237,106,109,NA,NA,NA,NA,NA,NA,NA,NA,NA,NA,NA,NA,NA,NA
6238,104.5,124,NA,NA,NA,NA,NA,NA,NA,NA,NA,NA,NA,NA,NA,NA
6240,98.25,125.6666667,NA,NA,NA,NA,NA,NA,NA,NA,NA,NA,NA,NA,NA,NA
6241,96.25,117.5,NA,NA,NA,NA,NA,NA,NA,NA,NA,NA,NA,NA,NA,NA
6242,83.6666666667,86.5,NA,NA,NA,NA,NA,NA,NA,NA,NA,31.33333333,NA,NA,NA,NA
6243,66.75,43.75,NA,107.1666667,107,116.6666667,119,155.6,156,164.7142857,162.5,19,NA,41,56,NA
6244,90.75,108.25,NA,110,114,117.5,-9,158.625,159,159.8333333,167,NA,NA,NA,NA,NA
6252,122.75,NA,NA,NA,NA,NA,NA,NA,NA,NA,NA,NA,NA,NA,NA,NA
6255,134,NA,NA,NA,NA,NA,NA,NA,NA,NA,NA,NA,NA,NA,NA,NA
6258,119.25,126.6666667,NA,NA,NA,NA,NA,NA,NA,NA,NA,NA,NA,NA,NA,NA
6268,115,128.6666667,NA,NA,NA,NA,NA,NA,NA,NA,NA,NA,NA,NA,NA,NA
6276,131,143,NA,NA,NA,NA,NA,NA,NA,NA,NA,NA,NA,NA,NA,NA
6284,117.5,131.5,NA,NA,NA,NA,NA,NA,NA,NA,NA,NA,NA,NA,NA,NA
6296,75,47,NA,NA,NA,NA,NA,NA,NA,NA,NA,NA,NA,NA,NA,NA
6390,71.75,61.33333333,NA,NA,NA,NA,NA,NA,NA,NA,NA,NA,NA,NA,NA,NA
6396,82.75,70.75,NA,NA,NA,NA,NA,NA,NA,NA,NA,NA,NA,NA,NA,NA
6413,104.25,95,NA,NA,NA,NA,NA,NA,NA,NA,NA,49.33333333,NA,NA,NA,NA
6424,77,53,NA,NA,NA,NA,NA,NA,NA,NA,NA,NA,NA,NA,NA,NA
6434,62.75,40,NA,NA,NA,NA,NA,NA,NA,NA,NA,NA,NA,NA,NA,NA
6445,67,50,NA,NA,NA,NA,NA,NA,NA,NA,NA,NA,NA,NA,NA,NA
6680,99.25,92.33333333,NA,115.5,123,124.5,-9,164.2857143,165.6,166.3333333,168,NA,NA,NA,NA,NA
6739,NA,NA,NA,NA,NA,NA,NA,NA,NA,NA,NA,NA,NA,NA,NA,NA
6740,NA,NA,NA,NA,NA,NA,NA,NA,NA,NA,NA,NA,NA,NA,NA,NA
6744,63.25,47.25,NA,NA,NA,NA,NA,NA,NA,NA,NA,20,NA,NA,NA,NA
6749,NA,NA,NA,NA,NA,NA,NA,NA,NA,NA,NA,NA,NA,NA,NA,NA
6750,NA,NA,NA,NA,NA,NA,NA,NA,NA,NA,NA,NA,NA,NA,NA,NA
6805,NA,NA,NA,NA,NA,NA,NA,NA,NA,NA,NA,NA,NA,NA,NA,NA
6806,NA,NA,NA,NA,NA,NA,NA,NA,NA,NA,NA,NA,NA,NA,NA,NA
6814,NA,NA,NA,NA,NA,NA,NA,NA,NA,NA,NA,NA,NA,NA,NA,NA
6830,69.75,41.25,NA,NA,NA,NA,NA,NA,NA,NA,NA,NA,NA,NA,NA,NA
6897,68,66.25,NA,118.3333333,114.75,124,142,158.5714286,155.4,164.2,168,25,45.2,58,62,NA
6898,57.5,34.25,NA,100.5714286,101.8,106.4,111,154.25,148.8,147.75,160.25,9,26.3,26,41,NA
6900,116,121.5,NA,NA,NA,NA,NA,NA,NA,NA,NA,NA,200,171,90,NA
6901,95.5,117,NA,NA,NA,NA,NA,NA,NA,NA,NA,NA,200,169,86,NA
6903,81.5,56.25,NA,NA,NA,NA,NA,NA,NA,NA,NA,23.66666667,38.5,52,57,NA
6904,72.25,65.33333333,NA,NA,NA,NA,NA,NA,NA,NA,NA,19,92.5,77,66,NA
6907,72,60.25,NA,NA,NA,NA,NA,NA,NA,NA,NA,24.66666667,46.8,57,58,NA
6908,66,59,NA,NA,NA,NA,NA,NA,NA,NA,NA,NA,35.5,49,49,NA
6909,70.5,38,NA,-9,-9,-9,-9,-9,-9,-9,-9,20.33333333,27.3,32,51,NA
6911,62.75,47.25,NA,83.625,89.5,87,85,135.3333333,112.25,136.25,160,11.66666667,31.7,53,46,NA
6913,120.6666666667,NA,NA,NA,NA,NA,NA,NA,NA,NA,NA,30.66666667,200,252,99,NA
6915,76.5,56.75,NA,112.6,123.2,-9,130.5,160.5714286,166.6,165.5,168,NA,41.2,48,53,NA
6917,144,NA,NA,NA,NA,NA,NA,NA,NA,NA,NA,NA,200,222,121,NA
6918,123,NA,NA,NA,NA,NA,NA,NA,NA,NA,NA,38.66666667,200,135,108,NA
6919,76.75,94,NA,NA,NA,NA,NA,NA,NA,NA,NA,19,34.7,46,71,NA
6920,86.75,93.75,NA,NA,NA,NA,NA,NA,NA,NA,NA,NA,157.7,98,71,NA
6922,71,44.5,NA,NA,NA,NA,NA,NA,NA,NA,NA,NA,27.5,31,48,NA
6923,57,41.5,NA,NA,NA,NA,NA,NA,NA,NA,NA,NA,25.2,42,44,NA
6924,61.5,47,NA,NA,NA,NA,NA,NA,NA,NA,NA,19.5,28.8,40,49,NA
6926,66.25,45.75,NA,NA,NA,NA,NA,NA,NA,NA,NA,19.33333333,31.3,45,49,NA
6927,73.5,63,NA,NA,NA,NA,NA,NA,NA,NA,NA,NA,57.4,61,51,NA
6929,78.5,61.75,NA,108.8571429,105.8,108,123,161.1428571,163.4,166.3333333,168.5,NA,45,56,71,NA
6931,59.75,48.5,NA,NA,NA,NA,NA,NA,NA,NA,NA,NA,31,37,46,NA
6932,63.5,40.33333333,NA,-9,-9,-9,-9,-9,-9,-9,-9,16,26.8,36,51,NA
6933,63.75,54.5,NA,NA,NA,NA,NA,NA,NA,NA,NA,17.66666667,46,52,56,NA
6938,72,70.75,NA,103.1666667,107.3333333,109.2,135,158,154,159,162.25,NA,42,NA,NA,NA
6940,64.25,39.25,NA,114.6,119.6,126.6666667,-9,164.6666667,166.5,166,-9,12.33333333,26.8,32,49,NA
6943,60.75,42.5,NA,NA,NA,NA,NA,NA,NA,NA,NA,12.33333333,31.7,37,49,NA
6944,63.75,44.5,NA,NA,NA,NA,NA,NA,NA,NA,NA,8.666666667,28,37,49,NA
6945,76.5,56,NA,117.1666667,122,123,142,163.8571429,167.4,169,-9,NA,40.2,53,55,NA
6951,79.5,59,NA,NA,NA,NA,NA,NA,NA,NA,NA,19.66666667,44,50,68,NA
6956,84.5,72.5,NA,NA,NA,NA,NA,NA,NA,NA,NA,NA,51.2,67,69,NA
6957,81.25,84.66666667,NA,NA,NA,NA,NA,NA,NA,NA,NA,NA,NA,NA,84,NA
6958,68.75,41.66666667,NA,105.75,108,111.25,-9,159.1666667,150,161.25,-9,19.66666667,27.2,31,49,NA
6959,71.75,53.25,NA,NA,NA,NA,NA,NA,NA,NA,NA,20,NA,48,51,NA
6960,55,39.75,NA,NA,NA,NA,NA,NA,NA,NA,NA,NA,NA,31,47,NA
6961,59,50.33333333,NA,90.28571429,93.5,105.6666667,88,139.375,130.2,146,159.5,19,46.5,47,46,NA
6963,78.75,64.25,NA,105.6666667,111.4,112.75,114,160.1428571,162,160.8,-9,NA,50,66,60,NA
6966,62.25,55.125,NA,NA,NA,NA,NA,NA,NA,NA,NA,NA,42.7,58,53,NA
6967,62.75,42,NA,NA,NA,NA,NA,NA,NA,NA,NA,16.66666667,26.8,32,44,NA
6968,92.5,91.33333333,NA,NA,NA,NA,NA,NA,NA,NA,NA,23.33333333,200,126,71,NA
6969,91.25,96,NA,NA,NA,NA,NA,NA,NA,NA,NA,NA,200,122,70,NA
6970,62.5,50.25,NA,NA,NA,NA,NA,NA,NA,NA,NA,14,43.2,45,48,NA
6971,66.25,63.66666667,NA,NA,NA,NA,NA,NA,NA,NA,NA,NA,71.3,57,51,NA
6973,77.25,46.25,NA,NA,NA,NA,NA,NA,NA,NA,NA,12,29.6,35,53,NA
6974,108.75,125.25,NA,NA,NA,NA,NA,NA,NA,NA,NA,NA,200,151,103,NA
6975,67.25,47.25,NA,NA,NA,NA,NA,NA,NA,NA,NA,NA,31,44,51,NA
6976,71.25,69.5,NA,NA,NA,NA,NA,NA,NA,NA,NA,24.33333333,54.4,67,56,NA
6979,54.75,36,NA,102.4285714,106.75,122.5,133,158.7142857,161.6,162.6,167,3.666666667,23.3,28,44,NA
6981,62.25,43,NA,NA,NA,NA,NA,NA,NA,NA,NA,NA,23.2,27,44,NA
6982,78.5,44,NA,NA,NA,NA,NA,NA,NA,NA,NA,16,28.7,34,49,NA
6984,69.25,47.75,NA,NA,NA,NA,NA,NA,NA,NA,NA,NA,27.8,40,53,NA
6986,61.5,43.75,NA,104.2,114.5,112.3333333,124.5,159.5,157.4,153.7142857,166,NA,NA,NA,NA,NA
6987,69,47.75,NA,105,98.5,105.3333333,127,154.1428571,152.6,166.3333333,160.5,NA,NA,NA,NA,NA
6989,78.25,61,NA,106.2857143,127.3333333,113.75,117.5,156.5,153,157.3333333,166.3333333,18,NA,NA,NA,NA
6990,79,60.25,NA,114,133,133,140,162,164.6,163.6666667,-9,25,NA,NA,NA,NA
6992,68,54.25,83.38461538,114.3333333,118.4,121.6666667,128,163,164.8,166.3333333,168.6666667,22.33333333,NA,NA,NA,NA
6997,81,56,NA,105.5,113.2,116,114,159.5,154.25,161.2,163.5,NA,NA,NA,NA,NA
7000,78,54,NA,120.5,111.6666667,100,-9,164.5714286,166.4,166.5,-9,25.66666667,NA,66.75,65,NA
7002,80.25,59,NA,116.3333333,111.5,127.1666667,130,160.5714286,146.1666667,166,166.3333333,26.66666667,NA,NA,NA,NA
7003,71.75,51,NA,104.1666667,106.5,119.6666667,-9,155.1428571,150,156.4,162,NA,NA,NA,NA,NA
7008,95.5,95,NA,123.2857143,126.75,134,143,164.5714286,165.4,167.5,167,43.5,NA,NA,NA,NA
7013,63,38.75,NA,111.2,112.5,110.5,-9,157.5714286,159.8,164.1666667,157.5,NA,NA,NA,NA,NA
7014,81.5,74,NA,124,126,135.3333333,133,165.5714286,163,166.2,167,15,NA,90,92,NA
7025,71.5,52.66666667,NA,109.8571429,105.5,126.6666667,113,159,159.4,162.8,162,NA,NA,NA,NA,NA
7026,69,45.5,NA,104.3333333,104,113,-9,155,158.4,161.75,167,19,NA,NA,NA,NA
7028,57.5,40.25,NA,100.8333333,101,105.7142857,126,149.5714286,152.2,155,164.5,NA,NA,NA,NA,NA
7031,78.25,47.25,NA,113,105,120.6666667,-9,157.5,159,163.5,-9,15.33333333,NA,NA,NA,NA
7033,78.75,76,NA,NA,NA,NA,NA,NA,NA,NA,NA,NA,NA,91,76,NA
7036,67.75,50.5,NA,118.5,117.4,132,140,162,164.8333333,165.4,167,19.66666667,NA,NA,NA,NA
7058,87.25,66,89.35714286,NA,NA,NA,NA,NA,NA,NA,NA,30,32,NA,NA,NA
7061,87.25,64,144.25,NA,NA,NA,NA,NA,NA,NA,NA,NA,NA,NA,NA,NA
7062,62.25,38.25,NA,113.1666667,108.4,126,140,158.8571429,163.25,161.8571429,167,11,NA,38.6667,46,NA
7063,72.25,51,110.125,107,107,111,135,160.1428571,158.1666667,160.4,167,32,NA,NA,NA,140.13
7064,68.3333333333,66.66666667,NA,NA,NA,NA,NA,NA,NA,NA,NA,23.33333333,NA,47.5,79,NA
7067,58.75,42.25,NA,NA,NA,NA,NA,NA,NA,NA,NA,14.66666667,26.8,NA,NA,NA
7068,63.75,56,NA,NA,NA,NA,NA,NA,NA,NA,NA,NA,NA,NA,NA,NA
7071,64.25,45,NA,109.8,116,115.4,-9,154.875,159.2,161.5,168.25,19,NA,NA,NA,NA
7072,70.25,62,139.3636364,106.5,108.75,112.3333333,108,159,152,162.6,166,NA,NA,NA,NA,149.57
7077,54.5,44.33333333,NA,90.28571429,77.5,87.66666667,78.25,110.5,110.2222222,115.75,152.25,NA,NA,NA,NA,NA
7081,58.5,42.5,NA,94.85714286,93.8,95,95,133,130.4,144.8333333,160,NA,NA,48,46,NA
7092,68,54.25,NA,107.3333333,119.75,112,-9,154.3333333,152.2,164,166.3333333,19.33333333,NA,NA,NA,NA
7094,67.25,43.25,NA,NA,NA,NA,NA,NA,NA,NA,NA,12.66666667,NA,37,58.5,NA
7096,65.5,40.25,NA,NA,NA,NA,NA,NA,NA,NA,NA,NA,NA,NA,NA,NA
7102,87.25,71,NA,112.5,110.6,115,140,158.5714286,162.75,162.25,168,23,NA,NA,NA,NA
7103,62.25,36.75,NA,NA,NA,NA,NA,NA,NA,NA,NA,NA,NA,NA,NA,NA
7106,76.5,44.5,NA,106,108.2,127,130,155.4285714,163,160.4285714,167,NA,NA,NA,NA,NA
7107,67.25,50.75,NA,NA,NA,NA,NA,NA,NA,NA,NA,NA,NA,NA,NA,NA
7109,60.75,45.75,NA,NA,NA,NA,NA,NA,NA,NA,NA,NA,NA,NA,NA,NA
7111,86,NA,NA,NA,NA,NA,NA,NA,NA,NA,NA,27,140.3,NA,NA,NA
7117,58,36.5,NA,112.1666667,113.3333333,138,122.5,156.2857143,156.4,163.8333333,166.5,NA,NA,NA,NA,NA
7119,65.5,41,NA,NA,NA,NA,NA,NA,NA,NA,NA,NA,NA,NA,NA,NA
7120,62.5,42.75,NA,NA,NA,NA,NA,NA,NA,NA,NA,NA,NA,NA,NA,NA
7125,69.25,42.75,NA,107.2,109,127.6666667,111,160.4285714,156,163.2,165,NA,NA,NA,NA,NA
7126,95.5,97.25,NA,117,112.5,116,128.4,161.25,163.8,164,167,32.66666667,NA,NA,NA,NA
7127,59.75,45.5,NA,98,98,106.6666667,135,154.3333333,145.4,153.2857143,164,NA,NA,NA,NA,160.43
7130,91.6666666667,78.25,NA,117.5,120.75,130.4,128,163.8571429,164.6,167,167,NA,NA,NA,NA,NA
7133,76,46.25,NA,113,117.8,129.5,134,157.7142857,163.8,166,-9,NA,NA,NA,NA,NA
7138,85.5,68.5,NA,NA,NA,NA,NA,NA,NA,NA,NA,NA,NA,NA,NA,NA
7143,83,44.5,NA,120.1666667,118.2,106,133,163.1428571,163.4,166.2,167,19,NA,NA,NA,NA
7147,74.5,52.66666667,NA,115,118,135.5,143,161,162.2,166.6,169,25,NA,50.25,71,NA
7158,63.3333333333,47.75,NA,NA,NA,NA,NA,NA,NA,NA,NA,16.66666667,NA,NA,NA,NA
7160,72.25,66.5,NA,NA,NA,NA,NA,NA,NA,NA,NA,NA,NA,NA,NA,NA
7161,61.25,39.33333333,NA,NA,NA,NA,NA,NA,NA,NA,NA,12,NA,NA,NA,NA
7162,65,42.75,NA,114.6666667,116,130.6666667,-9,164.4,159.2,166,169,17.66666667,NA,NA,NA,NA
7163,66.5,44,NA,109.8571429,114,121,-9,158.1666667,161,163,-9,12,NA,39,57,NA
7164,69.75,59.25,NA,90.5,92.4,115.6666667,126,138,133.6,146.8571429,163.5,57,NA,NA,NA,NA
7165,71.5,43.5,NA,116.3333333,112.75,118.75,135,160.2857143,158,163.8,162.3333333,18,NA,NA,NA,NA
7169,82.5,78.25,NA,116.1666667,118,106.6666667,136.6666667,161.8571429,165,152.6,172,25.33333333,NA,NA,NA,NA
7177,65.75,45.25,NA,NA,NA,NA,NA,NA,NA,NA,NA,NA,NA,NA,NA,NA
7181,96.75,97,NA,114.5,123.5,125.5,134,162.2857143,161.4,166.5,166.3333333,25,NA,NA,NA,NA
7183,NA,NA,NA,NA,NA,NA,NA,NA,NA,NA,NA,NA,NA,NA,NA,NA
7186,75,49.75,NA,101.6,106.6666667,107.75,128,155.2857143,157.2,158.8333333,164,20,NA,NA,NA,NA
7192,68.75,42,NA,NA,NA,NA,NA,NA,NA,NA,NA,NA,NA,NA,NA,NA
7199,66.5,37,NA,NA,NA,NA,NA,NA,NA,NA,NA,8,NA,NA,NA,NA
7202,63,40.75,NA,NA,NA,NA,NA,NA,NA,NA,NA,NA,NA,NA,NA,NA
7203,67.25,44.5,NA,106.1428571,101,107.6666667,-9,148.1428571,153,158,168.6666667,NA,NA,NA,NA,NA
7207,70.25,49.75,NA,111.4,114.6,139.5,138,156.6666667,158.5,163,167,NA,NA,NA,NA,NA
7208,73,46,NA,113.7142857,110.5,114.75,113,162,161.4,165.5714286,167.6666667,NA,NA,NA,NA,NA
7209,63.5,45.25,NA,105.3333333,127.5,116.5714286,109,157.125,162.8,162,167,NA,NA,NA,NA,NA
7213,65.5,40,NA,NA,NA,NA,NA,NA,NA,NA,NA,NA,NA,NA,NA,NA
7217,56.5,38,NA,103,102.75,123,127,153.8571429,155.8,155.625,166.3333333,11,NA,NA,NA,NA
7218,75,51.25,NA,103,111.6666667,109.75,114,154.8571429,157.75,164.5,166.5,NA,NA,NA,NA,NA
7223,75.75,54.75,NA,NA,NA,NA,NA,NA,NA,NA,NA,NA,NA,NA,NA,NA
7231,65.75,45.33333333,NA,NA,NA,NA,NA,NA,NA,NA,NA,15.33333333,NA,33.5,46,NA
7236,73.5,47.5,NA,NA,NA,NA,NA,NA,NA,NA,NA,NA,NA,NA,NA,NA
7244,68,46,NA,111.3333333,117.5714286,-9,133,162,164.5714286,166.2,167,20.33333333,NA,NA,NA,NA
7248,71.5,66.66666667,NA,NA,NA,NA,NA,NA,NA,NA,NA,NA,NA,NA,NA,NA
7250,58,37.75,NA,105.75,113,112,113.5,154.7142857,154.5,159.5,165,NA,NA,NA,NA,NA
7255,62,47.33333333,NA,116,120.75,-9,-9,160.1428571,162,166.3333333,168.25,22.33333333,NA,35.5,46,NA
7258,71,43.5,NA,NA,NA,NA,NA,NA,NA,NA,NA,14.66666667,NA,NA,NA,NA
7268,65.75,43.66666667,NA,107.8333333,107.5,121,126,159,159.4285714,158.75,167,NA,NA,NA,NA,NA
7273,77,43.66666667,NA,112.5714286,117.6666667,116.6666667,127,160.7142857,163.6,161.5714286,165.25,9.333333333,NA,NA,NA,NA
7276,73.75,49.25,NA,116,111,119,-9,158.4444444,163.2,165,-9,NA,NA,NA,NA,NA
7280,80.75,46.5,NA,123.5,120.75,136.5,137,159.2,167,168,-9,23,NA,NA,NA,NA
7282,62.5,37.5,NA,103.3333333,113.4,114,137,156.1428571,151.6,163.5,167.75,11,NA,29,51,NA
7287,71,48.25,NA,107.3333333,120.6666667,121,-9,157.1428571,158.25,165.2,-9,NA,NA,NA,NA,NA
7288,82.5,70.25,NA,112.8571429,118.2,123.6666667,-9,162.1428571,161.6,165.25,167,24.66666667,32.8,NA,NA,NA
7296,84.25,62.5,NA,112.5,110.6,115,134.3333333,159.2857143,159.6666667,159.8333333,167,20,NA,54,70,NA
7298,81.75,53.25,NA,106.5,121.6666667,110.25,-9,160.1666667,163,-9,167.6666667,NA,NA,NA,NA,NA
7305,79.25,51.5,NA,111.5714286,117.25,134.5,-9,161.7142857,165.4,165.4,-9,NA,NA,NA,NA,NA
7306,76.5,49.75,NA,NA,NA,NA,NA,NA,NA,NA,NA,22,NA,50.25,60,NA
7307,78.5,72.33333333,NA,118.1428571,123,128.5,140,161.2857143,164.6,164.2857143,167,12.66666667,NA,NA,NA,NA
7314,66,42.25,NA,NA,NA,NA,NA,NA,NA,NA,NA,NA,NA,NA,NA,NA
7316,81.25,89.25,NA,118.4285714,123,139,-9,162.1666667,163.6,164.8333333,-9,29,NA,NA,NA,NA
7319,58.5,52.75,NA,NA,NA,NA,NA,NA,NA,NA,NA,NA,NA,NA,NA,NA
7320,80.75,74.5,NA,NA,NA,NA,NA,NA,NA,NA,NA,26,NA,NA,NA,NA
7322,76.5,51.75,NA,NA,NA,NA,NA,NA,NA,NA,NA,20,NA,NA,NA,NA
7323,75.75,64.25,NA,108.5,106.25,112.6,134,157.3333333,163,163.4285714,166.3333333,NA,NA,59,56,NA
7327,64.5,53.5,NA,NA,NA,NA,NA,NA,NA,NA,NA,NA,NA,NA,NA,NA
7328,56.25,51.33333333,NA,NA,NA,NA,NA,NA,NA,NA,NA,NA,NA,NA,NA,NA
7332,64,43.5,NA,NA,NA,NA,NA,NA,NA,NA,NA,NA,NA,NA,NA,NA
7333,68.75,39.75,NA,93.2,93.6,104.8,113,149.5714286,145,158.2,-9,13,NA,NA,NA,NA
7337,74.5,47.5,NA,109.1428571,110,124.5,-9,162,160.2,164,166,21.66666667,NA,NA,NA,NA
7342,83,65,NA,NA,NA,NA,NA,NA,NA,NA,NA,NA,NA,NA,NA,NA
7343,72,51.25,NA,110,110.5,131.5,133,161.2,162.2,164.2,167,20.33333333,NA,NA,NA,NA
7344,73.5,47.66666667,NA,NA,NA,NA,NA,NA,NA,NA,NA,23,NA,NA,NA,NA
7346,78.25,58.66666667,NA,112.25,113.4,127,-9,158.4285714,159.8,164.6,172,20.66666667,NA,43,64,NA
7347,64.75,47,NA,110.6,102.4,107.8,113,154.4285714,156.8,159.5,162.5,NA,NA,NA,NA,NA
7349,81.25,52.75,NA,NA,NA,NA,NA,NA,NA,NA,NA,21.33333333,NA,NA,NA,NA
7350,80,52,NA,NA,NA,NA,NA,NA,NA,NA,NA,NA,NA,NA,NA,NA
7353,86,70.5,NA,106.7142857,113.75,116.2,136.6666667,156.1428571,159,163,172,26,NA,NA,NA,NA
7354,100.25,108.3333333,NA,121,128.3333333,135,132.5,163.1428571,165.8,166.2,165,29,NA,NA,NA,NA
7356,88,64.33333333,NA,NA,NA,NA,NA,NA,NA,NA,NA,NA,NA,NA,NA,NA
7358,NA,NA,NA,NA,NA,NA,NA,NA,NA,NA,NA,NA,NA,NA,NA,NA
7359,NA,NA,NA,NA,NA,NA,NA,NA,NA,NA,NA,NA,NA,NA,NA,NA
7372,83,54.5,NA,114.4285714,116.6,122.5,141.5,163,165.2,166.1428571,165,22.33333333,NA,NA,NA,NA
7373,81.25,54.75,NA,104.6666667,110,119,-9,158.7142857,160,162.1428571,167.75,21,NA,NA,NA,NA
7377,75.75,59.75,NA,NA,NA,NA,NA,NA,NA,NA,NA,NA,NA,NA,NA,NA
7378,71.25,52,NA,112.4,112.5,134.3333333,119,162.1428571,158,166,-9,23.33333333,NA,NA,NA,NA
7382,55.5,40,NA,NA,NA,NA,NA,NA,NA,NA,NA,12,NA,NA,NA,NA
7383,60.5,38,NA,NA,NA,NA,NA,NA,NA,NA,NA,12,NA,NA,NA,NA
7384,76.25,65.75,NA,115.1428571,120,118.3333333,133,163.1428571,163.4,166.2,-9,28.66666667,NA,NA,NA,NA
7387,60.75,41.25,NA,NA,NA,NA,NA,NA,NA,NA,NA,NA,NA,NA,NA,NA
7394,56.75,41.75,NA,106.5714286,103.6666667,108.3333333,125,150.6666667,151.5,149.75,168.25,14.33333333,23.7,NA,NA,NA
7396,61.5,51.5,NA,NA,NA,NA,NA,NA,NA,NA,NA,NA,NA,NA,NA,NA
7404,68.5,41.33333333,NA,104.6,100.6,114.3333333,-9,158.6666667,159.25,161.2857143,162.5,NA,NA,NA,NA,NA
7411,66,54,NA,106.2,108.4,107.3333333,-9,156.75,160,159.8571429,166,22,NA,NA,NA,NA
7413,69.25,48,NA,NA,NA,NA,NA,NA,NA,NA,NA,NA,NA,NA,NA,NA
7415,72.25,45.25,NA,102.1666667,103.6666667,105,126,154.7142857,160.8,159.8333333,165,NA,NA,NA,NA,NA
7416,81.5,78.66666667,NA,122.1666667,121,134.3333333,136,164.5714286,161.25,164.6666667,-9,28.66666667,59.8,NA,NA,NA
7417,86.3333333333,NA,NA,NA,NA,NA,NA,NA,NA,NA,NA,NA,NA,NA,NA,NA
7418,63.5,46.25,NA,NA,NA,NA,NA,NA,NA,NA,NA,16,NA,38.25,63,NA
7419,69,43.25,NA,111.8333333,113.25,128.3333333,128,158.4,162.1666667,162.3333333,168.6666667,NA,NA,NA,NA,NA
7424,57.75,35.5,NA,NA,NA,NA,NA,NA,NA,NA,NA,15.66666667,NA,30,43,NA
7427,101,91.5,NA,NA,NA,NA,NA,NA,NA,NA,NA,NA,NA,NA,NA,NA
7430,72.5,42.25,NA,118.2857143,125.5,130,136,161.5,159.6666667,166.5,172,17,NA,NA,NA,NA
7460,75,37,NA,NA,NA,NA,NA,NA,NA,NA,NA,7.666666667,NA,34.75,49,NA
7461,68,48.75,NA,NA,NA,NA,NA,NA,NA,NA,NA,NA,NA,51,61,NA
7471,56.25,34,NA,NA,NA,NA,NA,NA,NA,NA,NA,NA,NA,NA,NA,NA
7475,NA,NA,NA,NA,NA,NA,NA,NA,NA,NA,NA,NA,NA,NA,NA,NA
7477,74,52.25,NA,115.5,116.75,132,-9,163.8571429,165.6,164.1428571,-9,23,NA,43,59,NA
7514,80.25,57.33333333,NA,NA,NA,NA,NA,NA,NA,NA,NA,29,41.8,51,58,NA
7515,73.75,73.5,NA,NA,NA,NA,NA,NA,NA,NA,NA,34.33333333,50.6,62,49,NA
7516,105,117,NA,NA,NA,NA,NA,NA,NA,NA,NA,57,200,167,100,NA
7517,115,113.75,NA,NA,NA,NA,NA,NA,NA,NA,NA,NA,200,160,107,NA
7520,73.25,48.75,NA,NA,NA,NA,NA,NA,NA,NA,NA,19.66666667,36.8,42,60,NA
7521,70.75,54,NA,NA,NA,NA,NA,NA,NA,NA,NA,23.66666667,36.3,52,60,NA
7523,80,68.75,NA,NA,NA,NA,NA,NA,NA,NA,NA,29,63.8,60,57,NA
7525,63,41.75,NA,NA,NA,NA,NA,NA,NA,NA,NA,16.66666667,31.5,41,46,NA
7529,NA,NA,NA,NA,NA,NA,NA,NA,NA,NA,NA,NA,NA,NA,NA,NA
7530,NA,NA,NA,NA,NA,NA,NA,NA,NA,NA,NA,NA,NA,NA,NA,NA
7566,NA,NA,NA,NA,NA,NA,NA,NA,NA,NA,NA,NA,NA,NA,NA,NA
7568,NA,NA,NA,NA,NA,NA,NA,NA,NA,NA,NA,NA,NA,NA,NA,NA
7717,82.75,76.25,NA,NA,NA,NA,NA,NA,NA,NA,NA,NA,NA,NA,NA,NA
7757,NA,NA,NA,NA,NA,NA,NA,NA,NA,NA,NA,NA,NA,NA,NA,NA
7767,NA,NA,NA,NA,NA,NA,NA,NA,NA,NA,NA,NA,NA,NA,NA,NA
7917,82.25,68.75,NA,NA,NA,NA,NA,NA,NA,NA,NA,NA,NA,NA,NA,NA
7947,82.25,81.5,NA,NA,NA,NA,NA,NA,NA,NA,NA,NA,NA,NA,NA,NA
8037,NA,NA,NA,NA,NA,NA,NA,NA,NA,NA,NA,NA,NA,NA,NA,NA
8057,NA,NA,NA,NA,NA,NA,NA,NA,NA,NA,NA,NA,NA,NA,NA,NA
8077,70,57.75,NA,NA,NA,NA,NA,NA,NA,NA,NA,NA,NA,NA,NA,NA
8132,74,67.33333333,NA,NA,NA,NA,NA,NA,NA,NA,NA,NA,NA,NA,NA,NA
8171,NA,NA,NA,NA,NA,NA,NA,NA,NA,NA,NA,NA,NA,NA,NA,NA
8214,65,54.5,NA,99.16666667,100,106,-9,161.1666667,156.2,156.7142857,163,20.33333333,37.7,48,51,NA
8222,100,93.25,NA,NA,NA,NA,NA,NA,NA,NA,NA,26.66666667,NA,98,90,NA
8227,120,NA,NA,121.8333333,119.5,134.25,143,166.7142857,170.75,163.6666667,169,NA,NA,NA,NA,NA
8230,110.3333333333,103,NA,118,125,138.3333333,-9,162.5714286,164.8,166.5,172,NA,NA,163,97,NA
8231,100.75,108.6666667,NA,120.1666667,124.8,134.4,-9,163.5,165,168,172,37.66666667,NA,116,91,NA
8233,75.5,69.25,NA,NA,NA,NA,NA,NA,NA,NA,NA,NA,NA,79,59,NA
8234,102.6666666667,92.75,NA,120.6666667,130.6666667,128,-9,165.4285714,169.2,166,-9,37.66666667,NA,NA,NA,NA
8235,74.5,68.75,NA,111.8571429,111,124.2,122,161.5714286,154.3333333,165.6,165.3333333,23.5,NA,71,60,NA
8236,74,64.66666667,NA,115.8333333,121.4,128,129.5,162.2857143,164.4,163,167,26,NA,44,91,NA
8237,97.25,98.75,NA,120.4285714,122.5,136,151,164.8571429,167.4,161.6666667,172,NA,NA,43,97,NA
8238,79.5,52.25,NA,NA,NA,NA,NA,NA,NA,NA,NA,NA,NA,NA,NA,NA
8239,56,42.5,NA,NA,NA,NA,NA,NA,NA,NA,NA,18.33333333,NA,37,52,NA
8240,94.5,83,NA,119.5714286,117.75,119.5,122,162.5,163.2,165.6,166.3333333,38,NA,122,93,NA
8241,90.75,66.25,NA,125.3333333,128.6,132.2,-9,165.7142857,168.75,165.75,168,32.33333333,NA,66,73,NA
8242,116.75,132,NA,138.8571429,140.6666667,-9,-9,169.1666667,168.4,172,-9,54.66666667,NA,100,120,NA
8243,80,68.25,NA,104.6,108.8,104.8,-9,156.1666667,150.6,155,163,NA,NA,69,66,NA
8244,90.5,58.5,NA,117.2,121,136.5,-9,164.125,164,165.3333333,-9,23.66666667,NA,NA,NA,NA
8246,70.5,76.5,NA,122,121.5,127,133,161,163.8,167.6,167,33.66666667,NA,NA,NA,NA
8247,98,94.66666667,NA,126.6666667,127.1666667,118.3333333,121,165.8571429,165.4,165.6666667,-9,NA,NA,93,87,NA
8249,93.75,88,NA,117.2857143,120.3333333,127.3333333,-9,161.7142857,165.3333333,165.5,167.6666667,NA,NA,98,81,NA
8256,73.25,45.25,NA,NA,NA,NA,NA,NA,NA,NA,NA,NA,NA,41,61,NA
8258,93,NA,NA,NA,NA,NA,NA,NA,NA,NA,NA,NA,NA,63,73,NA
8259,88,65.5,NA,NA,NA,NA,NA,NA,NA,NA,NA,NA,NA,51,73,NA
8264,65.5,63.5,NA,101.7142857,102.4,111.25,122,152,143.6,154,167,20.66666667,NA,68,46,NA
8283,84.25,82.66666667,NA,NA,NA,NA,NA,NA,NA,NA,NA,NA,NA,84,71,NA
8284,83.25,76,NA,NA,NA,NA,NA,NA,NA,NA,NA,NA,NA,72,61,NA
8285,66.5,51.66666667,NA,NA,NA,NA,NA,NA,NA,NA,NA,NA,NA,51,70,NA
8290,63.25,44.25,NA,NA,NA,NA,NA,NA,NA,NA,NA,NA,NA,41,50,NA
8297,85.75,79,NA,NA,NA,NA,NA,NA,NA,NA,NA,26.66666667,NA,104,73,NA
8306,102.5,95,NA,NA,NA,NA,NA,NA,NA,NA,NA,41,NA,49,96,NA
8307,79.25,64.25,NA,NA,NA,NA,NA,NA,NA,NA,NA,NA,NA,NA,NA,NA
8311,65.5,59.25,NA,99.28571429,102.75,113.5714286,123,152.8571429,153,154.1666667,167,21,NA,51,49,NA
8312,65.75,52,NA,108.5,112.25,122.6666667,133,162,161,161.4,168.6666667,NA,NA,41,66,NA
8326,86.75,58,NA,NA,NA,NA,NA,NA,NA,NA,NA,27.33333333,NA,58,67,NA
8334,74.75,54,NA,NA,NA,NA,NA,NA,NA,NA,NA,NA,NA,52,64,NA
8335,100,92.25,NA,NA,NA,NA,NA,NA,NA,NA,NA,NA,NA,129,104,NA
8337,74,72.5,NA,105.8,118.75,110.4,107,155.4285714,157.25,155,165,NA,NA,74,70,NA
8343,81.25,59.75,NA,111.5714286,115.75,122,135,158.7142857,153,164.2,169,19,NA,45,62,NA
8351,103,97.5,NA,108.8333333,114,115.75,143,157.4285714,161.2,164,167,31,NA,112,78,NA
8354,82,58.75,NA,108.2857143,103,108.4,109,158.8571429,157,160,163,16.33333333,NA,45,70,NA
8357,71.75,55.5,NA,99.875,95.25,111,-9,142.625,148,159.4,168.5,19.66666667,NA,NA,NA,NA
8365,74,39.5,NA,99.71428571,107.25,108,94,156.4285714,148.6,161.2857143,166.5,12.66666667,NA,33,51,NA
8366,78.3333333333,62.75,NA,NA,NA,NA,NA,NA,NA,NA,NA,NA,NA,NA,NA,NA
8369,98,94.66666667,NA,NA,NA,NA,NA,NA,NA,NA,NA,NA,NA,67,76,NA
8376,103,104,NA,113.4,118.6666667,114.6666667,135,161,159.8333333,161.5,165,29.33333333,NA,134,84,NA
8386,75,49,NA,NA,NA,NA,NA,NA,NA,NA,NA,NA,NA,NA,NA,NA
8387,74.25,48.33333333,NA,106.6,111.75,113.4,121,154.5,158.8,160.5714286,166.3333333,19,NA,49,52,NA
8419,94.25,58.75,NA,NA,NA,NA,NA,NA,NA,NA,NA,16.66666667,NA,NA,NA,NA
8420,74.75,47.5,NA,110.6666667,113,124,107,159.7142857,161,162.7142857,167,19,NA,41,56,NA
8422,116.75,116.25,NA,NA,NA,NA,NA,NA,NA,NA,NA,NA,NA,172,106,NA
8424,68.25,80,NA,NA,NA,NA,NA,NA,NA,NA,NA,20.33333333,44.2,51,46,NA
8426,62.75,40.25,NA,NA,NA,NA,NA,NA,NA,NA,NA,NA,NA,31,49,NA
8427,NA,NA,NA,NA,NA,NA,NA,NA,NA,NA,NA,NA,NA,NA,NA,NA
8464,NA,NA,NA,NA,NA,NA,NA,NA,NA,NA,NA,NA,NA,NA,NA,NA
8483,NA,NA,NA,NA,NA,NA,NA,NA,NA,NA,NA,NA,NA,NA,NA,NA
8699,NA,NA,NA,NA,NA,NA,NA,NA,NA,NA,NA,NA,NA,NA,NA,NA
8723,NA,NA,NA,NA,NA,NA,NA,NA,NA,NA,NA,NA,NA,NA,NA,NA
9027,NA,NA,NA,NA,NA,NA,NA,NA,NA,NA,NA,NA,NA,NA,NA,NA
9057,87.5,67.5,NA,117,120.6,147,138.6666667,163.6666667,165,167,168,NA,NA,60,76,NA
9058,113.25,123,NA,121.2,129.6666667,132,-9,165.1666667,166.5,166.6,167,NA,NA,128,101,NA
9067,101.75,130,NA,NA,NA,NA,NA,NA,NA,NA,NA,NA,NA,NA,NA,NA
9069,82.75,90.75,NA,NA,NA,NA,NA,NA,NA,NA,NA,NA,NA,NA,NA,NA
9070,80,88.5,NA,NA,NA,NA,NA,NA,NA,NA,NA,NA,NA,NA,NA,NA
9075,93.25,98.25,NA,NA,NA,NA,NA,NA,NA,NA,NA,NA,NA,NA,NA,NA
9078,100.25,104.25,NA,NA,NA,NA,NA,NA,NA,NA,NA,NA,NA,NA,NA,NA
9079,101,102,NA,NA,NA,NA,NA,NA,NA,NA,NA,NA,NA,NA,NA,NA
9081,91.25,99.66666667,NA,NA,NA,NA,NA,NA,NA,NA,NA,NA,NA,NA,NA,NA
9084,103.75,114.25,NA,NA,NA,NA,NA,NA,NA,NA,NA,NA,NA,NA,NA,NA
9085,103,101,NA,NA,NA,NA,NA,NA,NA,NA,NA,NA,NA,NA,NA,NA
9089,88.6666666667,125.5,NA,NA,NA,NA,NA,NA,NA,NA,NA,NA,NA,NA,NA,NA
9091,99.75,97.5,NA,NA,NA,NA,NA,NA,NA,NA,NA,NA,NA,NA,NA,NA
9095,104,113.3333333,NA,NA,NA,NA,NA,NA,NA,NA,NA,NA,NA,NA,NA,NA
9099,100.25,112.6666667,NA,NA,NA,NA,NA,NA,NA,NA,NA,NA,NA,NA,NA,NA
9100,77.5,74,NA,NA,NA,NA,NA,NA,NA,NA,NA,NA,NA,NA,NA,NA
9102,83.75,80.75,NA,NA,NA,NA,NA,NA,NA,NA,NA,NA,NA,NA,NA,NA
9103,83.25,82.75,NA,NA,NA,NA,NA,NA,NA,NA,NA,NA,NA,NA,NA,NA
9104,60.75,60,NA,NA,NA,NA,NA,NA,NA,NA,NA,NA,NA,NA,NA,NA
9105,77.25,78.75,NA,NA,NA,NA,NA,NA,NA,NA,NA,NA,NA,NA,NA,NA
9106,87.25,87.5,NA,NA,NA,NA,NA,NA,NA,NA,NA,NA,NA,NA,NA,NA
9111,100.5,89.25,NA,NA,NA,NA,NA,NA,NA,NA,NA,NA,NA,NA,NA,NA
9113,76,70.25,NA,NA,NA,NA,NA,NA,NA,NA,NA,NA,NA,NA,NA,NA
9114,99.75,100.5,NA,NA,NA,NA,NA,NA,NA,NA,NA,NA,NA,NA,NA,NA
9115,91.25,71.75,NA,119.8,121.25,133,-9,164,163.6,166.3333333,-9,NA,NA,NA,NA,NA
9121,105.25,102,NA,119.8571429,123.2,133.6666667,147,162.5,166.75,163.8,-9,NA,NA,NA,NA,NA
9125,74,69.25,NA,109.6666667,102.25,114,107,157.3333333,162.4285714,161.8333333,165.6,NA,NA,NA,NA,NA
9128,69.5,61,NA,NA,NA,NA,NA,NA,NA,NA,NA,NA,NA,NA,NA,NA
9130,72.75,63.25,NA,NA,NA,NA,NA,NA,NA,NA,NA,NA,NA,NA,NA,NA
9131,72.5,63.5,NA,NA,NA,NA,NA,NA,NA,NA,NA,NA,NA,NA,NA,NA
9133,73.25,68,NA,NA,NA,NA,NA,NA,NA,NA,NA,NA,NA,NA,NA,NA
9134,79.75,64.5,NA,NA,NA,NA,NA,NA,NA,NA,NA,NA,NA,NA,NA,NA
9298,60,45.5,NA,104.7142857,108.8,110,-9,156.125,159.4,158.2,160.75,NA,NA,NA,NA,NA
9312,75.25,57.5,NA,NA,NA,NA,NA,NA,NA,NA,NA,NA,NA,NA,NA,NA
9314,74.25,60,NA,115.7142857,114.3333333,116.25,-9,154.5,149.2,159.2857143,166.5,NA,NA,NA,NA,NA
9321,106.75,140,NA,NA,NA,NA,NA,NA,NA,NA,NA,NA,NA,NA,NA,NA
9323,97,80.75,NA,NA,NA,NA,NA,NA,NA,NA,NA,NA,NA,NA,NA,NA
9332,114.25,129,NA,120.4285714,114.6666667,124.2,-9,163.1428571,161.25,165.8333333,157.5,NA,NA,NA,NA,NA
9336,84,66.75,NA,112.8571429,116.3333333,122.5,-9,156,160.6,162.6666667,166,NA,NA,NA,NA,NA
9339,104.5,116.5,NA,129,135.6666667,134,143,167.4,172.2,168,169.5,NA,NA,NA,NA,NA
9343,94.5,88,NA,120.1428571,114.5,132.75,139,160.7142857,163.3333333,163.1666667,169,NA,NA,NA,NA,NA
9352,127.75,134.3333333,NA,NA,NA,NA,NA,NA,NA,NA,NA,NA,NA,NA,NA,NA
9353,126,134,NA,NA,NA,NA,NA,NA,NA,NA,NA,NA,NA,NA,NA,NA
9363,134,NA,NA,126.1666667,135.2,134,-9,165.5714286,166,167,172,NA,NA,NA,NA,NA
9369,81.75,71.25,NA,NA,NA,NA,NA,NA,NA,NA,NA,NA,NA,NA,NA,NA
9370,NA,NA,NA,NA,NA,NA,NA,NA,NA,NA,NA,NA,NA,NA,NA,NA
9371,129.25,145,NA,121.8,121.4,130.8333333,136,165.1428571,165.8333333,165.8333333,-9,NA,NA,NA,NA,NA
9380,101,98.25,NA,122.2857143,122.75,131,136,165.7142857,166.6,169,-9,NA,NA,NA,NA,NA
9381,98.25,NA,NA,NA,NA,NA,NA,NA,NA,NA,NA,NA,NA,NA,NA,NA
9382,99,110.6666667,NA,NA,NA,NA,NA,NA,NA,NA,NA,NA,NA,NA,NA,NA
9383,99.3333333333,103,NA,NA,NA,NA,NA,NA,NA,NA,NA,NA,NA,NA,NA,NA
9386,115.5,107.75,NA,NA,NA,NA,NA,NA,NA,NA,NA,NA,NA,NA,NA,NA
9388,127.25,137,NA,NA,NA,NA,NA,NA,NA,NA,NA,NA,NA,NA,NA,NA
9390,79.75,55,NA,NA,NA,NA,NA,NA,NA,NA,NA,NA,NA,NA,NA,NA
9391,85,64.5,NA,NA,NA,NA,NA,NA,NA,NA,NA,NA,NA,NA,NA,NA
9392,87.25,59,NA,NA,NA,NA,NA,NA,NA,NA,NA,NA,NA,NA,NA,NA
9394,110.6666666667,110.5,NA,111.8333333,121,119,133.4,160.1428571,159.5,165.1666667,169.5,NA,NA,NA,NA,NA
9395,104.5,118.25,NA,NA,NA,NA,NA,NA,NA,NA,NA,NA,NA,NA,NA,NA
9399,97,91,NA,122.6,125,-9,-9,166,165.6,167,169.5,NA,NA,NA,NA,NA
9402,92.25,78.75,NA,120.1666667,125.3333333,132,130,164.4285714,167,166.3333333,-9,NA,NA,NA,NA,NA
9404,95,78.75,NA,NA,NA,NA,NA,NA,NA,NA,NA,NA,NA,NA,NA,NA
9405,103.5,95.5,NA,NA,NA,NA,NA,NA,NA,NA,NA,NA,NA,NA,NA,NA
9407,91.75,75,NA,NA,NA,NA,NA,NA,NA,NA,NA,NA,NA,NA,NA,NA
9408,108.25,124,NA,129.4,135,140,-9,166.5,169.4,170.3333333,-9,NA,NA,NA,NA,NA
9409,108.25,119.25,NA,122,123.8,131,140,164.1428571,165.8,167.5,167,NA,NA,NA,NA,NA
9412,87.25,64,NA,NA,NA,NA,NA,NA,NA,NA,NA,NA,NA,NA,NA,NA
9413,86,75,NA,NA,NA,NA,NA,NA,NA,NA,NA,NA,NA,NA,NA,NA
9416,135.5,129,NA,115,113.6666667,129,-9,159.5714286,164.4,164.3333333,-9,NA,NA,NA,NA,NA
9421,107,103,NA,127.5,129.5,138,-9,166.3333333,167.8,166,-9,NA,NA,NA,NA,NA
9427,96.75,119.5,NA,117.7142857,121.4,125.6,126,163.625,165.2,166.3333333,166,NA,NA,NA,NA,NA
9433,138,137,NA,NA,NA,NA,NA,NA,NA,NA,NA,NA,NA,NA,NA,NA
9436,89,77.5,NA,NA,NA,NA,NA,NA,NA,NA,NA,NA,NA,NA,NA,NA
9437,91.75,90,NA,NA,NA,NA,NA,NA,NA,NA,NA,NA,NA,NA,NA,NA
9442,104.75,113.25,NA,NA,NA,NA,NA,NA,NA,NA,NA,NA,NA,NA,NA,NA
9450,88,78.5,NA,NA,NA,NA,NA,NA,NA,NA,NA,NA,NA,NA,NA,NA
9451,107.5,113.6666667,NA,NA,NA,NA,NA,NA,NA,NA,NA,NA,NA,NA,NA,NA
9452,101.5,103,NA,NA,NA,NA,NA,NA,NA,NA,NA,NA,NA,NA,NA,NA
9453,106.5,129.5,NA,NA,NA,NA,NA,NA,NA,NA,NA,NA,NA,NA,NA,NA
9454,101.25,138,NA,NA,NA,NA,NA,NA,NA,NA,NA,NA,NA,NA,NA,NA
9455,93.25,102.75,NA,NA,NA,NA,NA,NA,NA,NA,NA,NA,NA,NA,NA,NA
9470,102.6666666667,90.5,NA,125.5714286,133.4,132.25,-9,166.8571429,168.25,168,172,NA,NA,NA,NA,NA
9471,NA,NA,NA,NA,NA,NA,NA,NA,NA,NA,NA,NA,NA,NA,NA,NA
9476,120.25,126.3333333,NA,NA,NA,NA,NA,NA,NA,NA,NA,NA,NA,NA,NA,NA
9481,110.5,121,NA,124.6666667,129,140,-9,166.8333333,163,168.6666667,-9,NA,NA,NA,NA,NA
9503,64,53.5,NA,107.8333333,108.25,110.4,127,155,156.4,156.6,164.2,NA,NA,NA,NA,NA
9506,77.75,69,71.23529412,109.4,107.3333333,105.8,-9,155.625,153,161,165,NA,NA,NA,NA,124
9507,55,46.66666667,53.41176471,86.42857143,92.4,81.83333333,84.5,133.5714286,120.5,133.8333333,151.75,NA,NA,NA,NA,93.38
9508,62,60.66666667,67.13333333,107.8333333,107,108,-9,157.2,150.2,164.6666667,164.5,NA,NA,NA,NA,128.38
9509,64.5,59,61.64705882,96.33333333,93.33333333,100,106,147.5555556,132,145,162.5,NA,NA,NA,NA,115.5
9510,59.25,55.75,60.11111111,103.8,89,99,127,139.8571429,133.1428571,146.4285714,147.5,NA,NA,NA,NA,107
9511,64.25,55,52.52941176,92,91.5,102,107,130.8,142.5714286,151.4,162.5,NA,NA,NA,NA,121.38
9512,51.25,40.25,39.64285714,92.33333333,82.83333333,82,103,127.5714286,109.4,123.3333333,151,NA,NA,NA,NA,93.75
9513,71.75,63.33333333,86.21428571,97.4,103,95.66666667,104,150.2857143,136.8333333,146.6666667,156.25,NA,NA,NA,NA,138.5
9514,72.5,83.33333333,65.17647059,101.6,107.25,108.8,113,154.875,150,154.75,165.5,NA,NA,NA,NA,127.5
9515,56.25,51.25,64.06666667,88.71428571,86.2,86,-9,124.5714286,123.25,139.6666667,153,NA,NA,NA,NA,112.25
9517,64,35.75,29.42105263,91.33333333,83.33333333,96.33333333,121,145.8333333,125.5,137,153,NA,NA,NA,NA,95.75
9518,92,87.5,129.25,115,122.3333333,128.5,-9,159.7142857,147,165.8333333,166,NA,NA,NA,NA,146.75
9519,77.25,64.5,NA,98.71428571,108,103,105,135,143.6,146.3333333,160.4,NA,NA,NA,NA,119.63
9520,113.5,120.5,220,122.8571429,126,140,135,163.1666667,163,165.4285714,167,NA,NA,NA,NA,166.86
9521,69.75,68,137.6666667,112,114,123.6666667,-9,159.1428571,151.25,155.75,167,NA,NA,NA,NA,138
9522,59,60.33333333,55.5625,94,89,92.66666667,-9,137,121.2,138.75,158.6,NA,NA,NA,NA,103.57
9523,86.75,84.66666667,119.75,102.5,111.6,113.6,-9,159.8571429,156,163.2,167,NA,NA,NA,NA,134.63
9524,97.25,99.66666667,191.5333333,119.2,119.6,120.75,126,162.8571429,162.5,166.6,-9,NA,NA,NA,NA,149.88
9525,91.75,81.25,104.6875,122.1666667,130.25,132,144,164.1428571,163.6,168.5,-9,NA,NA,NA,NA,163.75
9526,65,56.33333333,56.93333333,101,97.5,101.6,114,147.7142857,137.6,151.5714286,160.6666667,NA,NA,NA,NA,122.43
9527,86.25,76.5,94.15384615,115.7142857,121.6666667,132,-9,164.6666667,165,167,167,NA,NA,NA,NA,162.25
9528,105.3333333333,89.5,NA,119,113.3333333,132,147,163.2857143,162,163.8,167,NA,NA,NA,NA,164.63
9529,65,63,147.2857143,101.5714286,101,101.3333333,107,152.6666667,148.6,158.125,164.75,NA,NA,NA,NA,144.5
9530,90.5,123,135.2727273,110.7142857,115.6666667,107,-9,158.7142857,156.4,160.8,169.5,NA,NA,NA,NA,139.13
9531,91,92,164.0714286,123.4285714,128,133,133,163.8333333,163.8333333,165.6,167,NA,NA,NA,NA,165.25
9532,106,108.6666667,220,119,123,-9,133,156.75,161,159.8,165.3333333,NA,NA,NA,NA,153.75
9533,89,79,120.4375,113.2857143,117.3333333,123,123,154.7142857,153.2,160,164.6666667,NA,NA,NA,NA,147.25
9534,69.75,65.66666667,66.06666667,102.1428571,100.25,107,116,163.2857143,166,166.5,170.5,NA,NA,NA,NA,124.38
9535,93.5,89,NA,114.4,119.3333333,132.4,133,164,164,166.6,-9,NA,NA,NA,NA,158.63
9536,99,103,142.75,117.2857143,119.6,125.75,-9,159.5714286,159,162,169.3333333,NA,NA,NA,NA,146
9537,64.25,56,64.81818182,95.57142857,94.33333333,98.16666667,113.5,136.1666667,127.5,151.5,161.75,NA,NA,NA,NA,119.13
9539,78.5,91.25,86.17647059,103.3333333,103.6,114.6666667,126.5,151.2857143,149.8333333,153.7142857,167.25,NA,NA,NA,NA,132.75
9540,75.25,88.25,178.3333333,113.3333333,112,123,133,157.6666667,158.5,165.4285714,-9,NA,NA,NA,NA,143.13
9541,68.5,61.5,68.26666667,97.42857143,107,107,108,151.8333333,145.1428571,155.1666667,167,NA,NA,NA,NA,128.38
9542,90,107.25,220,119.6666667,125.5,132,151,163.2857143,164.6666667,166.2,-9,NA,NA,NA,NA,160
9543,94.3333333333,89.66666667,128.2777778,119.5,120.8,118.25,135,165.4285714,162.8,163.625,167,NA,NA,NA,NA,148.71
9544,57.25,53.5,68.77777778,100.7142857,97.5,107.4,-9,137.1428571,139,146.5,160.6666667,NA,NA,NA,NA,114.63
9545,83.5,101,126.1428571,94,99.4,97.75,120,149.1666667,144,147.8,156,NA,NA,NA,NA,128.38
9546,148.5,NA,220,133,131.8,141.5,143,167,173.6666667,-9,-9,NA,NA,NA,NA,176.5
9547,79.25,70,89.6,112.6666667,116.75,119.25,-9,158.8571429,154.2,163.5,167,NA,NA,NA,NA,127.5
9548,128,NA,220,132.5,129.75,105,-9,166.2857143,168.5,168,-9,NA,NA,NA,NA,179.63
9549,91,106.6666667,122.5,112.1666667,110.25,134,128,154.1666667,151.8333333,161,163.5,NA,NA,NA,NA,148.38
9550,130.25,132,220,NA,NA,NA,NA,NA,NA,NA,NA,NA,NA,NA,NA,187.5
9551,102,123,220,128.4,125.75,-9,140,166,164,166.2,172,NA,NA,NA,NA,160.88
9552,128.75,NA,220,NA,NA,NA,NA,NA,NA,NA,NA,NA,NA,NA,NA,175.67
9553,100.75,106,217.6,116.1666667,115.75,123.5,-9,161,161,162.6666667,167,NA,NA,NA,NA,149.88
9554,94,104.25,183,114.1666667,118.8333333,115.25,-9,157,157.2,160,153.6666667,NA,NA,NA,NA,143.5
9555,93.5,100,NA,97.83333333,104,103.8333333,128,147.2857143,136,146.2,155,NA,NA,NA,NA,142.25
9556,76.25,65,77.44444444,101,105.75,110,107,152.2,149.4,155.25,163.5,NA,NA,NA,NA,134.63
9557,107.25,112,171.3076923,123.2,130.8,131.3333333,143,164,166.8,167.6666667,-9,NA,NA,NA,NA,159.75
9558,96.5,114.6666667,126,120,119.6,133.75,135,163.1428571,163.8,166.6,-9,NA,NA,NA,NA,151.38
9559,56.75,66.5,62.35294118,95.42857143,91,101.5,-9,145.2857143,139.4,148.4285714,163.2,NA,NA,NA,NA,115.13
9560,69.25,53.75,42.4,97.66666667,102,109.2,-9,155.875,-9,156.3333333,163.3333333,NA,NA,NA,NA,124.75
9561,101,92,220,124.5,126,-9,120,164,168.75,167,169,NA,NA,NA,NA,169
9562,93.25,83.5,184.6111111,108.5714286,114.8,115.8,-9,160.4285714,160.6,161,166,NA,NA,NA,NA,146
9564,122.25,NA,215.3333333,123.8571429,123.25,133,143,162.8571429,167.8,165.8,-9,NA,NA,NA,NA,169
9565,74.5,72.33333333,96.70588235,112,112.25,119.3333333,114,158.8571429,160.25,162.6666667,169.5,NA,NA,NA,NA,141.75
9567,113,103.5,206.2941176,125,125.6,130.3333333,122,166.7142857,169.5,169.5,-9,NA,NA,NA,NA,172
9568,103.75,109.5,213.8888889,NA,NA,NA,NA,NA,NA,NA,NA,NA,NA,NA,NA,156.38
9569,99,96.5,118.3,112.8571429,115.25,119.5,133,156.8,161.6,165.2,-9,NA,NA,NA,NA,145.25
9571,56.5,35.25,NA,92,90.66666667,89.8,-9,139.5714286,133.5,144.2857143,152.75,NA,NA,NA,NA,118.25
9573,70.25,60,67.45454545,94.66666667,108,108.8,-9,151,150.6,152.25,163,NA,NA,NA,NA,116.38
9574,112,NA,106.4444444,121,115.5,122.3333333,-9,162.2857143,159,162.4,-9,NA,NA,NA,NA,145
9576,106,106.5,220,130.2,135.6666667,-9,-9,166.6666667,169.6,168,170.3333333,NA,NA,NA,NA,170.38
9577,99.5,123.5,216.5,121,129.4,137.6666667,151,163.8,168.4,166.6666667,-9,NA,NA,NA,NA,176.88
9578,75.25,59.25,57.44444444,104.1666667,106.75,116.6666667,113,154.7142857,157.4,158.75,166,NA,NA,NA,NA,130
9579,77,79.25,118.7333333,110,108.75,111,107,154.8571429,149,158.75,164.5,NA,NA,NA,NA,138.13
9581,111,118.5,220,124.1666667,121,131.5,-9,165,165.75,166,166,NA,NA,NA,NA,166.86
9582,95.75,93.75,175.8,112.7142857,121.8,126.5,133,159.7142857,159.6666667,157.1428571,167,NA,NA,NA,NA,148.25
9583,96.75,89.5,NA,115.7142857,120.8,123.5,130,163.5,167,164.8,-9,NA,NA,NA,NA,170.88
9584,88.5,85.5,192,117.3333333,122.8,135,-9,164.125,164.25,167.6666667,-9,NA,NA,NA,NA,173
9585,52.25,32,24.95652174,90.14285714,88,89,-9,133.3333333,128.8,140,160.6666667,NA,NA,NA,NA,85.88
9586,97.5,NA,208.6428571,125,126.75,132.3333333,-9,154.4,151,160.6666667,-9,NA,NA,NA,NA,166.88
9587,101,101.75,217.7058824,115.8333333,121.6,138,132.5,163.1666667,164.8,167,-9,NA,NA,NA,NA,162.75
9588,85,79.33333333,NA,117.1666667,119,117.3333333,-9,157.8571429,163,164.5714286,157.5,NA,NA,NA,NA,145
9589,85.75,77.33333333,195.1333333,124.1666667,113.2,133,-9,162,163,166.5,172,NA,NA,NA,NA,158.88
9590,51.25,50.5,28.94444444,87.28571429,88.25,97.85714286,105,140.3333333,132.2,143.3333333,153.6666667,NA,NA,NA,NA,113.63
9591,67,46,45.8,110.8571429,114.25,118,-9,156.5,163.4,163.5714286,167,NA,NA,NA,NA,139.43
9592,95,100,208.1176471,NA,NA,NA,NA,NA,NA,NA,NA,NA,NA,NA,NA,151.63
9593,109.5,109,211.7333333,123.2857143,131.75,133.6666667,141.5,165,172.3333333,167,172,NA,NA,NA,NA,170.5
9594,95,110.6666667,217.3529412,120.8571429,122.5,126.25,131,163.1428571,167,166.8,-9,NA,NA,NA,NA,169.5
9595,80.5,66.75,88.82352941,110.4285714,113.75,124.5,143,163.1428571,162,166.2,172,NA,NA,NA,NA,150.43
9596,73,61,50.4375,97.42857143,101.5,96.5,-9,151.5714286,145.5,151,168.6666667,NA,NA,NA,NA,120.88
9597,69.75,60.66666667,48.55555556,109.8333333,105.75,111.6666667,-9,156.7142857,152.8,161.3333333,167,NA,NA,NA,NA,142.13
9598,87,91,136.5,113.3333333,118,-9,130,161.4285714,158.6,163.7142857,167,NA,NA,NA,NA,145.13
9599,84.75,90.25,171.5625,123.5714286,120,-9,-9,165.1428571,164.5,168.4,167,NA,NA,NA,NA,156.38
9600,89.5,73,98,91,99.25,93.6,102,145.1428571,136.4285714,143.8571429,153.4,NA,NA,NA,NA,116.88
9601,97,77,168.3636364,119.375,115.6666667,132.25,-9,162,161.8,164,161.6666667,NA,NA,NA,NA,154.14
9602,77.25,75.33333333,98.6875,104.7142857,111.3333333,116,126,156.4285714,158.2,162.3333333,166,NA,NA,NA,NA,142.5
9606,63,41,NA,86.71428571,85.25,89.25,98.33333333,140.75,121.3333333,136,149.5,NA,NA,NA,NA,NA
9607,88.75,107.6666667,NA,NA,NA,NA,NA,NA,NA,NA,NA,NA,NA,NA,NA,NA
9608,58,45.25,NA,NA,NA,NA,NA,NA,NA,NA,NA,NA,NA,NA,NA,NA
9609,74.5,51,NA,105.1428571,98.66666667,112,107.5,155.8571429,162,162.8571429,167,NA,NA,NA,NA,NA
9610,82.25,69.5,NA,102.7142857,104,105.375,-9,155.2857143,155.4,157.2857143,155.6666667,NA,NA,NA,NA,NA
9611,73.5,68,NA,101.7142857,106,103.3333333,115,158,151.2,155.1666667,166,NA,NA,NA,NA,NA
9612,86.5,71.5,NA,106.7142857,107.5,111.4,126,157.7142857,154.8,163.5,165.25,NA,NA,NA,NA,NA
9613,81.75,71.66666667,NA,NA,NA,NA,NA,NA,NA,NA,NA,NA,NA,NA,NA,NA
9615,85.75,86,NA,114.6666667,117.75,119.3333333,128,163,164,163,-9,NA,NA,NA,NA,NA
9616,93.5,110.75,NA,116.4285714,119.6666667,129,144,164.1666667,166,165.6666667,170.5,NA,NA,NA,NA,NA
9617,70.75,66,NA,NA,NA,NA,NA,NA,NA,NA,NA,NA,NA,NA,NA,NA
9619,77.3333333333,83,NA,109.3333333,113,113,129.3333333,162.5714286,162.8,163,172,NA,NA,NA,NA,NA
9620,89.75,74.33333333,NA,NA,NA,NA,NA,NA,NA,NA,NA,NA,NA,NA,NA,NA
9621,92,90.5,NA,NA,NA,NA,NA,NA,NA,NA,NA,NA,NA,NA,NA,NA
9622,92,81.66666667,NA,113.8333333,114.4,111.7142857,113.5,162.125,163,160.2,165,NA,NA,NA,NA,NA
9624,79.5,74.33333333,NA,NA,NA,NA,NA,NA,NA,NA,NA,NA,NA,NA,NA,NA
9625,91.75,101.5,NA,119.7142857,121.6666667,120.6,127,164.2857143,167.4,167.5,165.6666667,NA,NA,NA,NA,NA
9626,77.3333333333,70.25,NA,115.8571429,111.75,113.8333333,131.5,160,159.8,164.6666667,-9,NA,NA,NA,NA,NA
9627,90.5,88.25,NA,NA,NA,NA,NA,NA,NA,NA,NA,NA,NA,NA,NA,NA
9628,78.5,69.25,NA,NA,NA,NA,NA,NA,NA,NA,NA,NA,NA,NA,NA,NA
9629,98,74.66666667,NA,114.6666667,112,112.1666667,121,163.75,158.6,164,169.5,NA,NA,NA,NA,NA
9630,84.75,79.5,NA,110.2,110.75,108.25,130,161.8333333,159.8,166.5,167,NA,NA,NA,NA,NA
9631,98.5,140,NA,105.7142857,107.75,104,112.5,156.1428571,159.2,161.8333333,164,NA,NA,NA,NA,NA
9632,92,90.33333333,NA,116,121,115.6666667,-9,163.5714286,165.25,165.8571429,167,NA,NA,NA,NA,NA
9633,88.25,77,NA,NA,NA,NA,NA,NA,NA,NA,NA,NA,NA,NA,NA,NA
9634,91,98,NA,119.1666667,122,119.5,137.5,158.1666667,164.6,165.2,167,NA,NA,NA,NA,NA
9635,93.25,84.66666667,NA,107,107.3333333,108,-9,157.4,159,155.1666667,161,NA,NA,NA,NA,NA
9636,109.75,141,NA,114.7142857,115.75,126.6666667,113,161.2857143,163,164.6,-9,NA,NA,NA,NA,NA
9637,81.25,82.5,NA,102.3333333,108.75,100,108.25,153.1428571,145,154.3333333,157.2,NA,NA,NA,NA,NA
9638,88.25,87.66666667,NA,113.5,114.5,120.25,136.5,160,162.8,162,167,NA,NA,NA,NA,NA
9639,78,73.25,NA,NA,NA,NA,NA,NA,NA,NA,NA,NA,NA,NA,NA,NA
9640,92.75,80.75,NA,115.7142857,121.6666667,124.75,-9,163.8571429,166.2,167.4,146,NA,NA,NA,NA,NA
9641,82.6666666667,87.66666667,NA,111.3333333,113.6,113,119,163.4285714,160.6,161.1666667,163.5,NA,NA,NA,NA,NA
9642,95.5,86,NA,115.75,114.75,113.6666667,128,164,165.1428571,165.8,165.5,NA,NA,NA,NA,NA
9643,85,79,NA,114,115.6666667,123.5,137.5,161.8333333,158.75,164.6666667,172,NA,NA,NA,NA,NA
9644,76.75,69,NA,107.2857143,108.2,121,137,159.5,160.6,161.75,165,NA,NA,NA,NA,NA
9645,77.5,66.25,NA,111,112.5,121,-9,159.7142857,159,161.4,169.5,NA,NA,NA,NA,NA
9646,62.5,55.25,NA,NA,NA,NA,NA,NA,NA,NA,NA,NA,NA,NA,NA,NA
9647,67.75,55,NA,100.6,96.5,92.5,-9,156.6666667,130.6,153.5,162.6,NA,NA,NA,NA,NA
9648,60,61,NA,NA,NA,NA,NA,NA,NA,NA,NA,NA,NA,NA,NA,NA
9649,76.25,67.25,NA,105.1428571,104.5,120,-9,146.5714286,138.8333333,152.8571429,167,NA,NA,NA,NA,NA
9651,64,49.66666667,NA,95.5,99.8,119.5,107,141,138,145.5714286,165,NA,NA,NA,NA,NA
9653,59.5,52.5,NA,89,91,95.75,106,134.5,135.75,145.8,164.25,NA,NA,NA,NA,NA
9655,79,71.66666667,NA,NA,NA,NA,NA,NA,NA,NA,NA,NA,NA,NA,NA,NA
9656,78.25,89,NA,105.5,106.4,107.5,-9,153,150.8,153.8333333,159,NA,NA,NA,NA,NA
9657,58.5,48,NA,90.71428571,94.5,91.71428571,103.5,135.5714286,129.75,139.5714286,150.75,NA,NA,NA,NA,NA
9658,71.3333333333,66.5,NA,NA,NA,NA,NA,NA,NA,NA,NA,NA,NA,NA,NA,NA
9659,71.25,66.66666667,NA,101.6,97.75,109.25,116,149.4285714,148.6666667,151.6,162,NA,NA,NA,NA,NA
9660,53.25,40,NA,89.8,90.66666667,88.8,86,144,130.75,148.4,158.3333333,NA,NA,NA,NA,NA
9661,55.25,42,NA,91.71428571,83.25,89.8,88.33333333,132.375,119.6,119.5714286,150.4,NA,NA,NA,NA,NA
9663,69.75,69.33333333,NA,104.2857143,107.75,107,125.6666667,155.7142857,153.1666667,154.8,165.6666667,NA,NA,NA,NA,NA
9664,85.5,109.6666667,NA,NA,NA,NA,NA,NA,NA,NA,NA,NA,NA,NA,NA,NA
9665,85.5,86.66666667,NA,NA,NA,NA,NA,NA,NA,NA,NA,NA,NA,NA,NA,NA
9666,86.5,112,NA,NA,NA,NA,NA,NA,NA,NA,NA,NA,NA,NA,NA,NA
9667,89,107,NA,NA,NA,NA,NA,NA,NA,NA,NA,NA,NA,NA,NA,NA
9668,82.5,79.5,NA,NA,NA,NA,NA,NA,NA,NA,NA,NA,NA,NA,NA,NA
9669,81,86,NA,NA,NA,NA,NA,NA,NA,NA,NA,NA,NA,NA,NA,NA
9670,105.5,112.5,NA,NA,NA,NA,NA,NA,NA,NA,NA,NA,NA,NA,NA,NA
9671,90.5,95,NA,NA,NA,NA,NA,NA,NA,NA,NA,NA,NA,NA,NA,NA
9672,85.3333333333,90.5,NA,NA,NA,NA,NA,NA,NA,NA,NA,NA,NA,NA,NA,NA
9673,87.5,99.66666667,NA,NA,NA,NA,NA,NA,NA,NA,NA,NA,NA,NA,NA,NA
9676,87.75,89,NA,NA,NA,NA,NA,NA,NA,NA,NA,NA,NA,NA,NA,NA
9677,81.75,110.5,NA,NA,NA,NA,NA,NA,NA,NA,NA,NA,NA,NA,NA,NA
9678,69,87,NA,NA,NA,NA,NA,NA,NA,NA,NA,NA,NA,NA,NA,NA
9679,69.25,79.75,NA,NA,NA,NA,NA,NA,NA,NA,NA,NA,NA,NA,NA,NA
9680,62.75,59.33333333,NA,NA,NA,NA,NA,NA,NA,NA,NA,NA,NA,NA,NA,NA
9681,66.25,92.25,NA,NA,NA,NA,NA,NA,NA,NA,NA,NA,NA,NA,NA,NA
9682,77.75,74.75,NA,NA,NA,NA,NA,NA,NA,NA,NA,NA,NA,NA,NA,NA
9683,64,71.75,NA,NA,NA,NA,NA,NA,NA,NA,NA,NA,NA,NA,NA,NA
9684,84,89.5,NA,NA,NA,NA,NA,NA,NA,NA,NA,NA,NA,NA,NA,NA
9685,84.75,89.75,NA,NA,NA,NA,NA,NA,NA,NA,NA,NA,NA,NA,NA,NA
9686,84.3333333333,88,NA,NA,NA,NA,NA,NA,NA,NA,NA,NA,NA,NA,NA,NA
9687,88.5,83.33333333,NA,NA,NA,NA,NA,NA,NA,NA,NA,NA,NA,NA,NA,NA
9689,67.75,83,NA,NA,NA,NA,NA,NA,NA,NA,NA,NA,NA,NA,NA,NA
9690,75.5,81.66666667,NA,NA,NA,NA,NA,NA,NA,NA,NA,NA,NA,NA,NA,NA
9691,74,72.75,NA,NA,NA,NA,NA,NA,NA,NA,NA,NA,NA,NA,NA,NA
9692,72,70.75,NA,NA,NA,NA,NA,NA,NA,NA,NA,NA,NA,NA,NA,NA
9693,68.5,75,NA,NA,NA,NA,NA,NA,NA,NA,NA,NA,NA,NA,NA,NA
9694,76.5,74.25,NA,NA,NA,NA,NA,NA,NA,NA,NA,NA,NA,NA,NA,NA
9695,103.5,84.5,NA,NA,NA,NA,NA,NA,NA,NA,NA,NA,NA,NA,NA,NA
9696,77.5,76.75,NA,NA,NA,NA,NA,NA,NA,NA,NA,NA,NA,NA,NA,NA
9697,77.5,63,NA,113,112,116,128,161.1666667,163.6,156.6,162,NA,NA,NA,NA,NA
9698,81,74.5,NA,118,120.3333333,123.6,120.5,163,160.8333333,164.1428571,167,NA,NA,NA,NA,NA
9699,74.25,63.66666667,NA,108.3333333,105.3333333,115.6666667,-9,154.1428571,153.6,165.6,167,NA,NA,NA,NA,NA
9700,80,81,NA,NA,NA,NA,NA,NA,NA,NA,NA,NA,NA,NA,NA,NA
9701,85.5,82,NA,106,110,114.5,136.5,158.4285714,161,157.5,167,NA,NA,NA,NA,NA
9703,76.5,69.75,NA,NA,NA,NA,NA,NA,NA,NA,NA,NA,NA,NA,NA,NA
9704,75.5,70.33333333,NA,NA,NA,NA,NA,NA,NA,NA,NA,NA,NA,NA,NA,NA
9705,71.3333333333,67,NA,108.2857143,110.75,111.5,-9,157.7142857,157.3333333,159.4285714,165.5,NA,NA,NA,NA,NA
9706,95.25,78.66666667,NA,123,124.6,-9,142,163.8333333,164.8,167,-9,NA,NA,NA,NA,NA
9707,80.5,72.75,NA,119.1428571,121.5,135,140,164.2857143,166,167.4285714,172,NA,NA,NA,NA,NA
9708,89,85,NA,105.6,110,110,115.3333333,156,152.6666667,157.375,166.5,NA,NA,NA,NA,NA
9709,82,73.5,NA,NA,NA,NA,NA,NA,NA,NA,NA,NA,NA,NA,NA,NA
9710,80.5,83.25,NA,NA,NA,NA,NA,NA,NA,NA,NA,NA,NA,NA,NA,NA
9711,75,82.5,NA,NA,NA,NA,NA,NA,NA,NA,NA,NA,NA,NA,NA,NA
9712,77,78,NA,NA,NA,NA,NA,NA,NA,NA,NA,NA,NA,NA,NA,NA
9713,75.25,68.33333333,NA,110.2857143,108.3333333,111.6666667,-9,157.8571429,160,165.25,166,NA,NA,NA,NA,NA
9714,80.75,82.33333333,NA,116.5,123.25,136.5,-9,158.8,163.6666667,165.8,-9,NA,NA,NA,NA,NA
9716,102.6666666667,122,NA,120.3333333,118.5,130,-9,162.5714286,163.3333333,163,162,NA,NA,NA,NA,NA
9717,90.25,93.33333333,NA,116.7142857,119.5,130,130,160.6666667,157.6,165.2,167,NA,NA,NA,NA,NA
9718,78.75,79,NA,115.875,117.8,128,135,164.5714286,165.6,167,172,NA,NA,NA,NA,NA
9719,72.5,57.75,NA,111.2,114.75,-9,-9,156.7142857,156.75,161.8333333,167,NA,NA,NA,NA,NA
9720,100.75,104,NA,120.1428571,119,129.6666667,135,164.2857143,163,167,166,NA,NA,NA,NA,NA
9721,77.5,78,NA,NA,NA,NA,NA,NA,NA,NA,NA,NA,NA,NA,NA,NA
9722,99.5,108,NA,114,119.5,123,126,161.5714286,164.4,166.6666667,165,NA,NA,NA,NA,NA
9723,76,68.5,NA,112,110.4,109.6,140,160.4285714,159.4,160.6666667,162,NA,NA,NA,NA,NA
9725,61.25,56.5,NA,91.2,94.25,98,103.5,143.5,145.6666667,146.5714286,156.2,NA,NA,NA,NA,NA
9726,67,56.5,NA,104.25,103.3333333,108,114.5,159.5,142.2857143,154.8,165.2,NA,NA,NA,NA,NA
9727,61.25,43.5,NA,NA,NA,NA,NA,NA,NA,NA,NA,NA,NA,NA,NA,NA
9728,77.5,77.75,NA,NA,NA,NA,NA,NA,NA,NA,NA,NA,NA,NA,NA,NA
9729,96.75,79,NA,NA,NA,NA,NA,NA,NA,NA,NA,NA,NA,NA,NA,NA
9730,89,97,NA,NA,NA,NA,NA,NA,NA,NA,NA,NA,NA,NA,NA,NA
9731,92.5,66,NA,NA,NA,NA,NA,NA,NA,NA,NA,NA,NA,NA,NA,NA
9732,82,88.25,NA,-9,122.6,119,136,163.375,164.2,166.3333333,167,NA,NA,NA,NA,NA
9733,80,83.75,NA,NA,NA,NA,NA,NA,NA,NA,NA,NA,NA,NA,NA,NA
9735,85.5,74,NA,NA,NA,NA,NA,NA,NA,NA,NA,NA,NA,NA,NA,NA
9736,78,81,NA,116.75,120.75,130,-9,161.4285714,161.8,166.8,166,NA,NA,NA,NA,NA
9737,85.75,63.66666667,NA,109.3333333,114.2,134,-9,160.2222222,164,164.75,-9,NA,NA,NA,NA,NA
9738,79,73.75,NA,118,115,-9,130,164.4285714,164,163.6666667,-9,NA,NA,NA,NA,NA
9739,86,68.5,NA,117.8,118.25,127,-9,163.1428571,160.8,167,-9,NA,NA,NA,NA,NA
9741,88,71.5,NA,114.4285714,122.8,121,-9,161.7142857,164,166.2,165,NA,NA,NA,NA,NA
9743,79.5,75,NA,114.3333333,116,127.4,-9,160.3333333,166.2,164.4,167,NA,NA,NA,NA,NA
9744,78.75,63.33333333,NA,116.5,115.6666667,126,-9,164,163.6,164,162,NA,NA,NA,NA,NA
9745,79.5,76,NA,NA,NA,NA,NA,NA,NA,NA,NA,NA,NA,NA,NA,NA
9747,86,94.66666667,NA,118.5714286,124,123.3333333,-9,160.3333333,163.8,165.5,167,NA,NA,NA,NA,NA
9748,81,86.25,NA,111.8333333,114.8,131.3333333,-9,161.3333333,162.2,163,164.6666667,NA,NA,NA,NA,NA
9749,74.75,63.75,NA,104.7142857,101.25,102.3333333,-9,153,155.2,151.4,166,NA,NA,NA,NA,NA
9754,79.25,NA,NA,117.1428571,120.5,111.3333333,-9,157.1428571,165.2,165.6,168.5,NA,NA,NA,NA,NA
9755,88.75,82,NA,105.6666667,112.8,107.5,113,157.6666667,159.4,161.8,168.6666667,NA,NA,NA,NA,NA
9756,88.75,73,NA,NA,NA,NA,NA,NA,NA,NA,NA,NA,NA,NA,NA,NA
9757,93.75,93,NA,NA,NA,NA,NA,NA,NA,NA,NA,NA,NA,NA,NA,NA
9758,71.25,73,NA,106.8571429,107.5,127,125.5,160.2857143,160.6,159.5,164.2,NA,NA,NA,NA,NA
9759,61.5,58.5,NA,100.4285714,101.8,113,106,141.8571429,142.2,150.8,162.25,NA,NA,NA,NA,NA
9761,65.25,58,NA,89.5,92.75,108,137.5,136.4285714,139.8,147,160,NA,NA,NA,NA,NA
9762,95.5,72.75,NA,113.2857143,119.5,133,100,162.7142857,166.2,167,167,NA,NA,NA,NA,NA
9764,69.75,62.75,NA,87.4,88.25,93.33333333,97,134.7142857,129.1666667,136.8,155,NA,NA,NA,NA,NA
9766,57.75,39.5,NA,105.8,103.25,107.8,-9,153,154.4,156.7142857,-9,NA,NA,NA,NA,NA
9768,74.5,54.66666667,NA,NA,NA,NA,NA,NA,NA,NA,NA,NA,NA,NA,NA,NA
9769,66.5,44.66666667,NA,103.8333333,107.8,134,-9,157.1428571,161.6,163,166.5,NA,NA,NA,NA,NA
9770,67,44.75,NA,NA,NA,NA,NA,NA,NA,NA,NA,NA,NA,NA,NA,NA
9771,62.5,44.25,NA,118.8333333,111.3333333,128.8,136,163.375,164.1666667,166.6666667,-9,NA,NA,NA,NA,NA
9772,67,40.75,NA,106.1666667,113.25,125,127,157.1428571,162,165.2,167.6666667,NA,NA,NA,NA,NA
9774,68,43,NA,105.1666667,106.6666667,120.3333333,123,159.5714286,157.4,164.3333333,167,NA,NA,NA,NA,NA
9775,60,44.25,NA,109.5714286,119.6,123,119,159.4285714,159,166,-9,NA,NA,NA,NA,NA
9776,65.25,57.5,NA,NA,NA,NA,NA,NA,NA,NA,NA,NA,NA,NA,NA,NA
9777,66.5,43.5,NA,114.7142857,112,132,-9,160.3333333,158.8,166.2,-9,NA,NA,NA,NA,NA
9778,71.5,49.25,NA,NA,NA,NA,NA,NA,NA,NA,NA,NA,NA,NA,NA,NA
9779,63.25,44.66666667,NA,105,105.4,113,124.5,151,159,162.25,170.3333333,NA,NA,NA,NA,NA
9780,72.25,45.75,NA,NA,NA,NA,NA,NA,NA,NA,NA,NA,NA,NA,NA,NA
9781,60,41.66666667,NA,108,113.5,113,139,161.5,163,162.2,167,NA,NA,NA,NA,NA
9782,63.25,44.5,NA,109.8333333,119.5,128.6666667,-9,162.6666667,165.2,167,-9,NA,NA,NA,NA,NA
9783,76.5,66.33333333,NA,NA,NA,NA,NA,NA,NA,NA,NA,NA,NA,NA,NA,NA
9784,60.25,43.5,NA,106.2857143,111.6,115.3333333,-9,159.5714286,162.2,160.8333333,-9,NA,NA,NA,NA,NA
9785,63.25,45.25,NA,NA,NA,NA,NA,NA,NA,NA,NA,NA,NA,NA,NA,NA
9786,64.75,40.25,NA,NA,NA,NA,NA,NA,NA,NA,NA,NA,NA,NA,NA,NA
9787,70.5,49.33333333,NA,108.1666667,115.3333333,119.5,133,162,158,166,169,NA,NA,NA,NA,NA
9788,62.5,38.33333333,NA,NA,NA,NA,NA,NA,NA,NA,NA,NA,NA,NA,NA,NA
9789,65,42.25,NA,108.1666667,109.8,123.6666667,126,163.2857143,160.4,164.25,-9,NA,NA,NA,NA,NA
9790,66.75,41.75,NA,115.2,113.6,131,133,155.5714286,162.4,165.6,172,NA,NA,NA,NA,NA
9791,65.3333333333,38.33333333,NA,112,114,116.5,-9,159.7142857,164,161.8571429,164.6666667,NA,NA,NA,NA,NA
9792,62.75,42.75,NA,NA,NA,NA,NA,NA,NA,NA,NA,NA,NA,NA,NA,NA
9793,62,63.33333333,NA,NA,NA,NA,NA,NA,NA,NA,NA,NA,NA,NA,NA,NA
9794,69.25,44.5,NA,NA,NA,NA,NA,NA,NA,NA,NA,NA,NA,NA,NA,NA
9795,57.75,38.25,NA,109.3333333,112.75,110.3333333,143,159.6666667,157.8,160.8571429,168.6666667,NA,NA,NA,NA,NA
9796,73.5,46,NA,NA,NA,NA,NA,NA,NA,NA,NA,NA,NA,NA,NA,NA
9797,69,46.5,NA,NA,NA,NA,NA,NA,NA,NA,NA,NA,NA,NA,NA,NA
9798,65.25,44.66666667,NA,NA,NA,NA,NA,NA,NA,NA,NA,NA,NA,NA,NA,NA
9799,66.25,50.5,NA,107.2857143,114.4,126.3333333,-9,161.5714286,158.6,162.5,167,NA,NA,NA,NA,NA
9800,68.5,42.5,NA,NA,NA,NA,NA,NA,NA,NA,NA,NA,NA,NA,NA,NA
9801,62,36.33333333,NA,NA,NA,NA,NA,NA,NA,NA,NA,NA,NA,NA,NA,NA
9802,69.75,42.75,NA,105.2857143,108.5,114.4,113,154.3333333,159,160.3333333,168.5,NA,NA,NA,NA,NA
9803,63,41.25,NA,125.1666667,110,125.4,134,157.2857143,160.8333333,167.1428571,167,NA,NA,NA,NA,NA
9804,65.75,45.75,NA,109.5,112.6,143,-9,158.2857143,162.8,164.8,-9,NA,NA,NA,NA,NA
9805,70.5,53,NA,NA,NA,NA,NA,NA,NA,NA,NA,NA,NA,NA,NA,NA
9806,67,43,NA,NA,NA,NA,NA,NA,NA,NA,NA,NA,NA,NA,NA,NA
9807,67.5,43,NA,117.2857143,120,129.5,-9,163.3333333,164.6666667,165.25,165.5,NA,NA,NA,NA,NA
9808,75.25,53,NA,NA,NA,NA,NA,NA,NA,NA,NA,NA,NA,NA,NA,NA
9809,74.75,51.25,NA,NA,NA,NA,NA,NA,NA,NA,NA,NA,NA,NA,NA,NA
9810,69.25,42.25,NA,118.8571429,117.5,123.5,-9,164.3333333,160,163.8,-9,NA,NA,NA,NA,NA
9811,69.75,45,NA,NA,NA,NA,NA,NA,NA,NA,NA,NA,NA,NA,NA,NA
9812,67.75,45.75,NA,120,117,119,120,163,161.8,167.8,-9,NA,NA,NA,NA,NA
9813,65.75,45.5,NA,112.6666667,112.25,135.5,-9,161.3333333,163.6,166.1666667,-9,NA,NA,NA,NA,NA
9814,71.5,48.33333333,NA,115.5,118,130.75,130,159.7142857,163.4,164.4,-9,NA,NA,NA,NA,NA
9815,72.5,48,NA,NA,NA,NA,NA,NA,NA,NA,NA,NA,NA,NA,NA,NA
9816,63,39,NA,NA,NA,NA,NA,NA,NA,NA,NA,NA,NA,NA,NA,NA
9817,64.25,63.75,NA,104.8,101.3333333,107.75,-9,151.8571429,152,146.5,-9,NA,NA,NA,NA,NA
9819,98,98.5,220,118.1428571,122.6666667,130.75,-9,164.5714286,164.75,162.8333333,167,NA,NA,NA,NA,168.75
9820,61.75,55.75,64.8,101.4,101.6666667,123.3333333,108,148.1428571,144.6,151.4285714,168.5,NA,NA,NA,NA,150.29
9821,79.5,72.25,87,114.3333333,113.25,115.6666667,-9,160.7142857,159.8,164.8,167,NA,NA,NA,NA,144.75
9822,82,62.33333333,67.42857143,109,107.2,114.25,117,157.4285714,155.6,163.5,166,NA,NA,NA,NA,140.88
9823,63,42,41.35294118,89.875,114.5,97.5,-9,139.5714286,116.1428571,140.5,163,NA,NA,NA,NA,126.63
9824,115.5,143,220,NA,NA,NA,NA,NA,NA,NA,NA,NA,NA,NA,NA,174
9825,68.5,63.5,78.8,100.4285714,99.16666667,102.5,-9,153.1428571,144,160.5,165,NA,NA,NA,NA,131.88
9826,77,73,76.54545455,111.8571429,101,106,-9,154,153.2,161,165,NA,NA,NA,NA,141
9827,69.25,60,84.29411765,103.7142857,106.6,111,127,152.7142857,156.2,154.3333333,161.6666667,NA,NA,NA,NA,131.88
9828,82.25,78.75,128.4117647,118.7142857,117,121,-9,161,158.2,163.3333333,167,NA,NA,NA,NA,145.75
9830,61.5,51.25,68.17647059,95.28571429,95.4,106,123,145.3333333,143.2,149.1428571,156.5,NA,NA,NA,NA,127.5
9831,86.25,88.25,167.4,104.3333333,101.25,104.8,107,151.7142857,150.75,152.3333333,163.5,NA,NA,NA,NA,NA
9832,97,90.33333333,120.5294118,104.8571429,106,107.1428571,118,151.2,147.8333333,157.3333333,159.5,NA,NA,NA,NA,NA
9833,75.75,65.66666667,NA,104.2857143,114.5,109.6666667,-9,154.2857143,149.5,157,163.5,NA,NA,NA,NA,132.88
9834,75,63.75,98.21428571,113.8571429,109.2,134.6666667,151,160.8,153,163.5,167,NA,NA,NA,NA,147.63
9835,81.75,69.75,82.21428571,110.8333333,109.2,111,-9,156.4285714,151.1428571,161.1666667,164.6666667,NA,NA,NA,NA,131.88
9836,109.5,128.5,201.4615385,125.2857143,122,136.5,-9,164.4285714,162.75,167,165,NA,NA,NA,NA,NA
9837,76.3333333333,64.25,90.5,99.85714286,91,101,-9,145.5714286,136.6,149.2,162.3333333,NA,NA,NA,NA,125.75
9838,73.5,67,65.05882353,99.57142857,97,98.66666667,-9,141.1666667,136,148.6666667,161.3333333,NA,NA,NA,NA,101.29
9839,102.75,115,195.5454545,129.2857143,122,-9,-9,166.7142857,165.6,167,-9,NA,NA,NA,NA,163.71
9840,100.5,120.5,208.2941176,117.8571429,119.5,121,-9,162.5,158,163.8333333,165,NA,NA,NA,NA,NA
9841,77.75,68,157.375,110.5714286,105.6666667,119,140,158.7142857,152.6666667,164.2,169,NA,NA,NA,NA,131.88
9843,62.75,58.66666667,69.09090909,97.5,99,109.5,-9,149.1428571,139.8,154.75,167,NA,NA,NA,NA,131
9844,89.25,84.25,155.5714286,NA,NA,NA,NA,NA,NA,NA,NA,NA,NA,NA,NA,NA
9845,77.5,65,74.73333333,100.8333333,100.25,112.1666667,109,152.5714286,151.6,156,156.5,NA,NA,NA,NA,127.5
9846,116,119.6666667,220,122.25,134,136,-9,165.4285714,166.8,166.5,-9,NA,NA,NA,NA,161.25
9847,60,45,40.33333333,99.66666667,101.4,98,108,152.8571429,138.2,153.2857143,162.8333333,NA,NA,NA,NA,133.38
9848,85.75,98,113.8333333,116.625,112,123.5,130,159,151.6,161.4,172,NA,NA,NA,NA,135.38
9849,99,99.66666667,187,116.8333333,119,126,124.5,162.4285714,167.6,164.2,167,NA,NA,NA,NA,164.63
9850,95.5,83,136.8,120.6666667,124.5,129.75,-9,160.6666667,165,166.6666667,-9,NA,NA,NA,NA,151.29
9851,119.5,144,220,NA,NA,NA,NA,NA,NA,NA,NA,NA,NA,NA,NA,173.5
9852,76.25,67.33333333,66.82352941,105.2857143,102,114.2857143,106,156.4285714,149.4,156,167,NA,NA,NA,NA,136
9853,56.75,35.5,27.5,94.66666667,94.16666667,94,128,144.7142857,143.2,147.3333333,154.25,NA,NA,NA,NA,110.13
9854,58.75,40.66666667,34.5,91.4,86.5,99.75,103,142.1428571,123.4,142.4,158.3333333,NA,NA,NA,NA,133.25
9855,73,61.66666667,74.92857143,100.7142857,102.3333333,96.5,104.5,153,154.5,151.2857143,163,NA,NA,NA,NA,126.63
9856,75.25,63.5,64,NA,NA,NA,NA,NA,NA,NA,NA,NA,NA,NA,NA,NA
9857,65.75,66.5,80.5,NA,NA,NA,NA,NA,NA,NA,NA,NA,NA,NA,NA,135.63
9858,120.75,123.5,220,NA,NA,NA,NA,NA,NA,NA,NA,NA,NA,NA,NA,172.5
9859,76.25,83,132.2,NA,NA,NA,NA,NA,NA,NA,NA,NA,NA,NA,NA,138.63
9860,80.75,64.33333333,113.2777778,NA,NA,NA,NA,NA,NA,NA,NA,NA,NA,NA,NA,154.63
9861,107.5,114.5,174.3846154,NA,NA,NA,NA,NA,NA,NA,NA,NA,NA,NA,NA,NA
9862,67.5,53.75,56,NA,NA,NA,NA,NA,NA,NA,NA,NA,NA,NA,NA,129.25
9864,63.25,57.25,62.6,NA,NA,NA,NA,NA,NA,NA,NA,NA,NA,NA,NA,122.25
9866,104.75,118,220,125.2,133.75,-9,151,164.2857143,167,166.6,-9,NA,NA,NA,NA,170.5
9867,101.75,101.6666667,201.4285714,119.4285714,118.2,131.5,-9,163.8571429,151,166.5,167,NA,NA,NA,NA,155.25
9868,70.25,68.66666667,91.41666667,106.6666667,101.25,107.3333333,107.5,154.8571429,145.25,160,168.6666667,NA,NA,NA,NA,146
9869,86.25,80.75,102.6428571,104,106.5,110,130.5,152.7142857,148.75,157.6,166,NA,NA,NA,NA,NA
9870,100.5,111,133.5454545,115.8333333,112.6666667,121,130,159.3333333,158.8,162.3333333,169.6666667,NA,NA,NA,NA,NA
9871,105,117.6666667,220,122.6,124.8,127,-9,160.8571429,166,165.8,-9,NA,NA,NA,NA,157.13
9873,66.75,55.66666667,50.86666667,91.66666667,87,93.83333333,133,130.4285714,129,138.375,157,NA,NA,NA,NA,96.25
9874,68.75,56.25,64,101.2857143,96,99,100,150.5,142.5,147.3333333,161,NA,NA,NA,NA,139
9875,63.75,44.75,37,98.2,97.75,107,105,158.6666667,155.25,154.5,163.5,NA,NA,NA,NA,131.5
9876,87.25,74.75,152.1538462,117.5714286,122.8,128.6666667,143,164,164.8,166,166,NA,NA,NA,NA,152.13
9877,124.75,NA,216.0666667,NA,NA,NA,NA,NA,NA,NA,NA,NA,NA,NA,NA,NA
9878,113.25,116,208.4285714,122.3333333,119.3333333,120,-9,161.5,154,161,167,NA,NA,NA,NA,NA
9879,68.5,59.5,86.36363636,94.42857143,85,92.5,85,147,124,135.2,153.5,NA,NA,NA,NA,NA
9880,91.5,87.5,220,117,119.25,121,-9,159.8333333,152.2,164.2,138,NA,NA,NA,NA,NA
9881,82,78.5,103.8571429,105.6,114.5,-9,-9,159.1666667,154.6,164.2,169,NA,NA,NA,NA,146.75
9882,78.5,70.33333333,81,103.1428571,105.25,107.5,-9,147.5714286,146.6,154,165.3333333,NA,NA,NA,NA,129.25
9883,60,41.75,35.44444444,103.3333333,99.66666667,107,113,152.2857143,153.6,158,167,NA,NA,NA,NA,144
9885,116.25,119,220,129,128,-9,-9,166.2857143,168.6,166.5,153,NA,NA,NA,NA,170
9886,85.75,57,57.27777778,113.8571429,113.75,123,134.5,161.7142857,160.4,166.2,167,NA,NA,NA,NA,134.63
9887,89.3333333333,90.75,134.0625,110.75,115.8,115,131.6666667,160,153.2,157,165.6666667,NA,NA,NA,NA,NA
9888,86.25,96.66666667,99.13333333,111.7142857,115.7142857,122.3333333,-9,158.7142857,155.6,162.6666667,167.75,NA,NA,NA,NA,143
9890,96,94.33333333,145.2222222,118.1666667,124.8,-9,-9,160.4285714,163.2,165.8,-9,NA,NA,NA,NA,147.5
9891,83,NA,85.38461538,110.5,108,121.5,123,156.3333333,155.4,161.1666667,168,NA,NA,NA,NA,132.75
9892,88.5,84.5,84.75,113,122,-9,135,162.5,159.8,164.6666667,-9,NA,NA,NA,NA,149
9894,88.25,76.66666667,132.8181818,112.5714286,122.6666667,124.25,144,164,166.8,165.6666667,-9,NA,NA,NA,NA,164.38
9895,75.75,71,104.4444444,105.7142857,102.75,113.5,-9,153.5,148.6,161,172,NA,NA,NA,NA,125.75
9897,81,81.5,86.66666667,105,107.3333333,118.5,-9,157,158.2,161.5,168.6666667,NA,NA,NA,NA,130
9898,97.75,97.25,201.5,125.7142857,122,140,116.5,164.5714286,164,168.4,165,NA,NA,NA,NA,NA
9899,70.75,58,73.92857143,106,106.5,122.25,126,159.7142857,164,159.4,-9,NA,NA,NA,NA,150
9900,53,50,44.36363636,87.5,84.4,84.57142857,90.33333333,128.5714286,118,132.1428571,169.5,NA,NA,NA,NA,NA
9901,117,102.5,NA,132.4,133.5,-9,-9,170.2,171.5,-9,167,NA,NA,NA,NA,178
9902,98,110.3333333,189,112.4285714,109,123,137,161,161.6,162,-9,NA,NA,NA,NA,NA
9903,108,108.75,211.5333333,127.5,122,-9,-9,164.5714286,167,168,-9,NA,NA,NA,NA,169.38
9904,107.5,114.6666667,156.4,118.6666667,122.75,129.75,134,163.4285714,163,166,-9,NA,NA,NA,NA,153.75
9905,89.75,95,220,118.4285714,125.75,135,-9,164,165.4,165.6666667,-9,NA,NA,NA,NA,154.63
9906,88,80,NA,99.71428571,111.4,109,-9,148.2857143,158.5,159.4,164.25,NA,NA,NA,NA,NA
9908,65.25,46.5,NA,NA,NA,NA,NA,NA,NA,NA,NA,NA,NA,NA,NA,NA
9909,87,57,NA,NA,NA,NA,NA,NA,NA,NA,NA,NA,NA,NA,NA,NA
9910,70,43.5,NA,112.4285714,117.25,121.75,-9,158,161.6,162.3333333,165,NA,NA,NA,NA,NA
9911,66,44.5,NA,NA,NA,NA,NA,NA,NA,NA,NA,NA,NA,NA,NA,NA
9912,NA,NA,NA,NA,NA,NA,NA,NA,NA,NA,NA,NA,NA,NA,NA,NA
9914,74.75,55.25,NA,NA,NA,NA,NA,NA,NA,NA,NA,NA,NA,NA,NA,NA
9915,84.25,75.5,NA,108.2,113.75,114.25,-9,163.4285714,157.6,166.3333333,-9,NA,NA,NA,NA,NA
9917,75.25,54.25,NA,NA,NA,NA,NA,NA,NA,NA,NA,NA,NA,NA,NA,NA
9918,81.25,90,NA,113,98,125,-9,160.375,161,163.2,168.3333333,NA,NA,NA,NA,NA
9920,64,48.66666667,NA,109.3333333,109.75,117,123,157.75,158.2,159.8,164.6666667,NA,NA,NA,NA,NA
9921,64.5,48.25,NA,NA,NA,NA,NA,NA,NA,NA,NA,NA,NA,NA,NA,NA
9924,66.5,57,NA,111.1666667,119,130,134,159.1428571,164.6,163.6,167,NA,NA,NA,NA,NA
9925,92.5,79,NA,110.8571429,111.5,108,-9,160.2857143,160.4,162.8571429,167,NA,NA,NA,NA,NA
9926,67,44.33333333,NA,NA,NA,NA,NA,NA,NA,NA,NA,NA,NA,NA,NA,141.33
9927,87.75,73.25,NA,110,113.6,118,-9,157.8333333,149.3333333,154.2,167,NA,NA,NA,NA,NA
9928,83.5,77,NA,106,102.6,113.1428571,-9,151.5555556,149.5,151.7142857,161,NA,NA,NA,NA,NA
9929,85.25,88,NA,NA,NA,NA,NA,NA,NA,NA,NA,NA,NA,NA,NA,NA
9930,75.75,68.66666667,NA,NA,NA,NA,NA,NA,NA,NA,NA,NA,NA,NA,NA,NA
9932,81.5,76,NA,NA,NA,NA,NA,NA,NA,NA,NA,NA,NA,NA,NA,NA
9933,76.75,49,NA,104.8571429,104.75,100.1428571,107.3333333,152.2857143,156,155.75,163.2,NA,NA,NA,NA,NA
9935,79.25,73.75,NA,112,111,116,-9,161.7142857,160.6,162.75,167,NA,NA,NA,NA,NA
9937,67,47.75,NA,109.5714286,123.5,111.4,109,159.4285714,157.1666667,160.4285714,163,NA,NA,NA,NA,NA
9938,67.25,74,NA,102.6666667,105.2,107.5,-9,151.3333333,156,153.4285714,163.5,NA,NA,NA,NA,NA
9939,75.25,60.75,NA,NA,NA,NA,NA,NA,NA,NA,NA,NA,NA,NA,NA,NA
9941,70,42.5,52.66666667,104.4285714,101,99.8,115,154.4285714,151.5,156.2,162.5,16.33333333,33.7,NA,NA,144
9942,65.6666666667,110.6666667,NA,NA,NA,NA,NA,NA,NA,NA,NA,NA,NA,NA,NA,159.38
9943,74,61.5,55.23529412,NA,NA,NA,NA,NA,NA,NA,NA,NA,NA,NA,NA,125.75
9944,75.75,68,69.72222222,92.625,92.33333333,95.83333333,-9,146.5,142.5,146.6666667,157.6666667,NA,NA,NA,NA,107.38
9945,113.5,110,NA,NA,NA,NA,NA,NA,NA,NA,NA,NA,NA,NA,NA,174.5
9946,61.5,54.5,59.52941176,NA,NA,NA,NA,NA,NA,NA,NA,NA,NA,NA,NA,114.25
9947,104.5,125,189.5,120.8,115.6666667,119.75,129.3333333,162.1428571,161,163.8333333,166.3333333,NA,NA,NA,NA,146.63
9948,105,NA,220,NA,NA,NA,NA,NA,NA,NA,NA,NA,NA,NA,NA,151.38
9949,76.75,61.5,69.875,NA,NA,NA,NA,NA,NA,NA,NA,NA,NA,NA,NA,NA
9950,99,86.25,122.8571429,NA,NA,NA,NA,NA,NA,NA,NA,NA,NA,NA,NA,157.25
9951,98.75,109.6666667,NA,NA,NA,NA,NA,NA,NA,NA,NA,NA,NA,NA,NA,NA
9952,86,104.3333333,NA,NA,NA,NA,NA,NA,NA,NA,NA,NA,NA,NA,NA,NA
9953,88,93.25,NA,NA,NA,NA,NA,NA,NA,NA,NA,NA,NA,NA,NA,NA
9955,80.5,73,NA,NA,NA,NA,NA,NA,NA,NA,NA,NA,NA,NA,NA,NA
9956,72.75,61,NA,NA,NA,NA,NA,NA,NA,NA,NA,NA,NA,NA,NA,NA
9957,83.75,85,NA,NA,NA,NA,NA,NA,NA,NA,NA,NA,NA,NA,NA,NA
9958,82,76.5,NA,NA,NA,NA,NA,NA,NA,NA,NA,NA,NA,NA,NA,NA
9959,81.5,78.75,NA,NA,NA,NA,NA,NA,NA,NA,NA,NA,NA,NA,NA,NA
9960,82.5,66.66666667,NA,NA,NA,NA,NA,NA,NA,NA,NA,NA,NA,NA,NA,NA
9962,78,71.75,NA,NA,NA,NA,NA,NA,NA,NA,NA,NA,NA,NA,NA,NA
9963,75,66.66666667,NA,NA,NA,NA,NA,NA,NA,NA,NA,NA,NA,NA,NA,NA
9964,70,64.5,NA,NA,NA,NA,NA,NA,NA,NA,NA,NA,NA,NA,NA,NA
9965,70.5,56,NA,NA,NA,NA,NA,NA,NA,NA,NA,NA,NA,NA,NA,NA
9966,90.5,80,NA,NA,NA,NA,NA,NA,NA,NA,NA,NA,NA,NA,NA,NA
9968,66.75,57.75,NA,NA,NA,NA,NA,NA,NA,NA,NA,NA,NA,NA,NA,NA
9969,68.75,69.25,NA,NA,NA,NA,NA,NA,NA,NA,NA,NA,NA,NA,NA,NA
9970,86.5,81.75,NA,NA,NA,NA,NA,NA,NA,NA,NA,NA,NA,NA,NA,NA
9971,70.5,61,NA,NA,NA,NA,NA,NA,NA,NA,NA,NA,NA,NA,NA,NA
9972,63,58.75,NA,NA,NA,NA,NA,NA,NA,NA,NA,NA,NA,NA,NA,NA
9973,94.25,110,NA,NA,NA,NA,NA,NA,NA,NA,NA,NA,NA,NA,NA,NA
9974,94,93.5,NA,NA,NA,NA,NA,NA,NA,NA,NA,NA,NA,NA,NA,NA
9975,79.25,82.33333333,NA,NA,NA,NA,NA,NA,NA,NA,NA,NA,NA,NA,NA,NA
9976,79,72.5,NA,NA,NA,NA,NA,NA,NA,NA,NA,NA,NA,NA,NA,NA
9978,80.25,94.5,NA,NA,NA,NA,NA,NA,NA,NA,NA,NA,NA,NA,NA,NA
9979,82.5,68.5,NA,NA,NA,NA,NA,NA,NA,NA,NA,NA,NA,NA,NA,NA
9980,68.5,60.5,NA,NA,NA,NA,NA,NA,NA,NA,NA,NA,NA,NA,NA,NA
9981,69.25,55.5,NA,NA,NA,NA,NA,NA,NA,NA,NA,NA,NA,NA,NA,NA
9982,85.5,79.25,NA,NA,NA,NA,NA,NA,NA,NA,NA,NA,NA,NA,NA,NA
9983,63,58.5,NA,NA,NA,NA,NA,NA,NA,NA,NA,NA,NA,NA,NA,NA
9984,65.75,56,NA,NA,NA,NA,NA,NA,NA,NA,NA,NA,NA,NA,NA,NA
9985,71,63.5,NA,NA,NA,NA,NA,NA,NA,NA,NA,NA,NA,NA,NA,NA
9986,89.3333333333,86,NA,NA,NA,NA,NA,NA,NA,NA,NA,NA,NA,NA,NA,NA
9987,91,82.25,NA,NA,NA,NA,NA,NA,NA,NA,NA,NA,NA,NA,NA,NA
9988,95.5,112.3333333,NA,NA,NA,NA,NA,NA,NA,NA,NA,NA,NA,NA,NA,NA
9990,83.75,75,NA,NA,NA,NA,NA,NA,NA,NA,NA,NA,NA,NA,NA,NA
9991,90.5,92.75,NA,NA,NA,NA,NA,NA,NA,NA,NA,NA,NA,NA,NA,NA
9993,97.75,119.6666667,NA,NA,NA,NA,NA,NA,NA,NA,NA,NA,NA,NA,NA,NA
9995,64.25,41.75,NA,NA,NA,NA,NA,NA,NA,NA,NA,NA,NA,NA,NA,NA
9996,61.3333333333,38.25,NA,NA,NA,NA,NA,NA,NA,NA,NA,NA,NA,NA,NA,NA
9997,70.25,51.5,NA,NA,NA,NA,NA,NA,NA,NA,NA,NA,NA,NA,NA,NA
9998,68,46.25,NA,NA,NA,NA,NA,NA,NA,NA,NA,NA,NA,NA,NA,NA
9999,72,54.25,NA,NA,NA,NA,NA,NA,NA,NA,NA,NA,NA,NA,NA,NA
10001,68.75,49.5,NA,NA,NA,NA,NA,NA,NA,NA,NA,NA,NA,NA,NA,NA
10002,61,42.5,NA,NA,NA,NA,NA,NA,NA,NA,NA,NA,NA,NA,NA,NA
10004,81.75,79,NA,NA,NA,NA,NA,NA,NA,NA,NA,NA,NA,NA,NA,NA
10005,76.6666666667,67.25,NA,NA,NA,NA,NA,NA,NA,NA,NA,NA,NA,NA,NA,NA
10006,113.5,131.5,NA,120.8,120.25,134.5,135,165.1666667,164.25,165.8,169.5,NA,NA,NA,NA,NA
10008,79.25,73,NA,NA,NA,NA,NA,NA,NA,NA,NA,NA,NA,NA,NA,NA
10009,80.75,77.75,NA,NA,NA,NA,NA,NA,NA,NA,NA,NA,NA,NA,NA,NA
10010,85,75.25,NA,NA,NA,NA,NA,NA,NA,NA,NA,NA,NA,NA,NA,NA
10011,71,65.25,NA,NA,NA,NA,NA,NA,NA,NA,NA,NA,NA,NA,NA,NA
10012,113.5,105.6666667,NA,NA,NA,NA,NA,NA,NA,NA,NA,NA,NA,NA,NA,NA
10013,92.25,100,NA,NA,NA,NA,NA,NA,NA,NA,NA,NA,NA,NA,NA,NA
10014,96.75,132,NA,123.5714286,124,127,107,162.5,162.4,166.2,168,NA,NA,NA,NA,NA
10015,69.75,51.25,NA,NA,NA,NA,NA,NA,NA,NA,NA,11.66666667,NA,NA,NA,NA
10017,87.5,76.5,NA,NA,NA,NA,NA,NA,NA,NA,NA,NA,NA,NA,NA,NA
10018,90,81.33333333,NA,NA,NA,NA,NA,NA,NA,NA,NA,NA,NA,NA,NA,NA
10020,72.5,48,NA,106.1666667,103.6,111.8333333,123.6666667,151.6666667,154.5,155.5714286,162.3333333,NA,NA,NA,NA,NA
10022,73.5,45.25,NA,NA,NA,NA,NA,NA,NA,NA,NA,NA,NA,NA,NA,NA
10023,96.25,90,NA,NA,NA,NA,NA,NA,NA,NA,NA,NA,NA,NA,NA,NA
10027,NA,NA,NA,NA,NA,NA,NA,NA,NA,NA,NA,NA,NA,NA,NA,NA
14312,NA,NA,NA,NA,NA,NA,NA,NA,NA,NA,NA,NA,NA,NA,NA,NA
14313,NA,NA,NA,NA,NA,NA,NA,NA,NA,NA,NA,NA,NA,NA,NA,NA
14314,NA,NA,NA,NA,NA,NA,NA,NA,NA,NA,NA,NA,NA,NA,NA,NA
14315,NA,NA,NA,NA,NA,NA,NA,NA,NA,NA,NA,NA,NA,NA,NA,NA
14318,NA,NA,NA,NA,NA,NA,NA,NA,NA,NA,NA,NA,NA,NA,NA,NA
14319,NA,NA,NA,NA,NA,NA,NA,NA,NA,NA,NA,NA,NA,NA,NA,NA
15560,NA,NA,NA,NA,NA,NA,NA,NA,NA,NA,NA,NA,NA,NA,NA,NA
15591,NA,NA,NA,NA,NA,NA,NA,NA,NA,NA,NA,NA,NA,NA,NA,NA
15592,NA,NA,NA,NA,NA,NA,NA,NA,NA,NA,NA,NA,NA,NA,NA,NA
15593,NA,NA,NA,NA,NA,NA,NA,NA,NA,NA,NA,NA,NA,NA,NA,NA
18694,NA,NA,NA,NA,NA,NA,NA,NA,NA,NA,NA,NA,NA,NA,NA,NA
18696,NA,NA,NA,NA,NA,NA,NA,NA,NA,NA,NA,NA,NA,NA,NA,NA
19949,NA,NA,NA,NA,NA,NA,NA,NA,NA,NA,NA,NA,NA,NA,NA,NA
19950,NA,NA,NA,NA,NA,NA,NA,NA,NA,NA,NA,NA,NA,NA,NA,NA
19951,NA,NA,NA,NA,NA,NA,NA,NA,NA,NA,NA,NA,NA,NA,NA,NA
