name	pve	se_pve
FT10	0.890163	0.0189493
FT16	0.907697	0.0178466
DSDS10	0.54709	0.139195
DSDS50	0.603248	0.132345
DSDS90	0.712253	0.108699
FT	0.930989	0.0589428
GAS	0.404915	0.121351
SS	0.567128	0.126977
t10	0.580521	0.170826
t50	0.491846	0.153411
U8416	0.428883	0.192408
HL23_mm_	0.534389	0.529528
HL27_mm_	0.999988	0.000780055
SensHL	8.36995e-06	0.105271
VarTemp	8.36995e-06	0.198998
G2H3B	0.640415	0.0994764
G2H4P	0.691603	0.0805165
G2P	0.77951	0.0761399
G3B	0.885645	0.0585946
G3BOP	0.490068	0.119711
G3HP	0.885903	0.051854
G3MSP	0.643688	0.0806517
G3MTP	0.356499	0.113086
G4BOB	0.167236	0.110477
G4HB	0.757347	0.0928729
G4MSB	0.9308	0.0432761
G4MTB	0.881252	0.056278
G4P	0.507298	0.119067
G5MSP	0.886179	0.0560985
G5MTP	0.762177	0.102274
G6MSH	0.363509	0.123438
G6MTH	0.326786	0.12993
G7MSH	0.430136	0.129523
G7MTH	0.570989	0.120204
G8MSO	0.170863	0.115673
G8MTO	0.421962	0.131752
16S_OTU0_1	0.230268	0.202847
16S_OTU10_11	0.268153	0.254794
16S_OTU101_102	6.81661e-06	0.234467
16S_OTU1026_1027	0.167405	0.230921
16S_OTU1037_1038	6.81661e-06	0.290758
16S_OTU104_105	0.056251	0.282067
16S_OTU1076_1077	6.81661e-06	0.391178
16S_OTU11_12	6.81661e-06	0.961646
16S_OTU110_111	6.81661e-06	0.458827
16S_OTU116_117	6.81661e-06	0.254599
16S_OTU12_13	6.81661e-06	0.282067
16S_OTU125_126	0.0252027	0.253425
16S_OTU129_130	0.0597549	0.313181
16S_OTU15_16	6.81661e-06	0.311713
16S_OTU151_152	0.198602	0.219132
16S_OTU154_155	6.81661e-06	0.237818
16S_OTU157_158	6.81661e-06	0.251763
16S_OTU159_160	6.81661e-06	0.294723
16S_OTU17_18	6.81661e-06	0.366866
16S_OTU1782_1783	6.81661e-06	0.292798
16S_OTU18_19	6.81661e-06	0.242671
16S_OTU190_191	0.214523	0.226281
16S_OTU193_194	0.196607	0.333896
16S_OTU197_198	6.81661e-06	0.214288
16S_OTU199_200	6.81661e-06	0.23156
16S_OTU200_201	6.81661e-06	0.405051
16S_OTU202_203	0.0461672	0.162662
16S_OTU2052_2053	0.194424	0.198307
16S_OTU219_220	6.81661e-06	0.449078
16S_OTU22_23	6.81661e-06	0.236388
16S_OTU225_226	0.10997	0.212406
16S_OTU2284_2285	6.81661e-06	0.433708
16S_OTU233_234	6.81661e-06	0.239997
16S_OTU2331_2332	0.0549588	0.205663
16S_OTU243_244	6.81661e-06	0.330096
16S_OTU252_253	0.290454	0.254749
16S_OTU254_255	6.81661e-06	0.236694
16S_OTU2561_2562	0.549736	0.253836
16S_OTU26_27	6.81661e-06	0.26011
16S_OTU273_274	6.81661e-06	0.28228
16S_OTU278_279	6.81661e-06	0.258104
16S_OTU28_29	6.81661e-06	0.445632
16S_OTU281_282	6.81661e-06	0.33442
16S_OTU29_30	6.81661e-06	0.716093
16S_OTU293_294	6.81661e-06	0.332076
16S_OTU308_309	0.0177176	0.185719
16S_OTU32_33	6.81661e-06	0.433182
16S_OTU320_321	6.81661e-06	0.36808
16S_OTU325_326	0.18578	0.224602
16S_OTU329_330	0.352775	0.200973
16S_OTU336_337	6.81661e-06	0.269099
16S_OTU349_350	0.272456	0.286593
16S_OTU358_359	6.81661e-06	2.36378
16S_OTU37_38	0.0109198	0.223133
16S_OTU373_374	6.81661e-06	0.291293
16S_OTU38_39	6.81661e-06	0.671478
16S_OTU385_386	0.27373	0.251283
16S_OTU395_396	6.81661e-06	0.515087
16S_OTU4_5	6.81661e-06	0.231295
16S_OTU40_41	6.81661e-06	0.326172
16S_OTU452_453	6.81661e-06	0.368149
16S_OTU478_479	6.81661e-06	0.468477
16S_OTU48_49	6.81661e-06	0.236249
16S_OTU488_489	6.81661e-06	0.861483
16S_OTU507_508	6.81661e-06	0.284801
16S_OTU51_52	0.222074	0.225426
16S_OTU52_53	0.0779362	0.245249
16S_OTU546_547	0.299669	0.286198
16S_OTU555_556	6.81661e-06	0.19342
16S_OTU557_558	6.81661e-06	0.262189
16S_OTU561_562	6.81661e-06	0.304781
16S_OTU562_563	6.81661e-06	0.788281
16S_OTU581_582	6.81661e-06	0.247806
16S_OTU59_60	6.81661e-06	0.273353
16S_OTU592_593	6.81661e-06	0.255664
16S_OTU6_7	6.81661e-06	0.40256
16S_OTU61_62	6.81661e-06	0.318973
16S_OTU615_616	0.179258	0.269273
16S_OTU63_64	0.188314	0.220718
16S_OTU633_634	0.158985	0.20047
16S_OTU648_649	6.81661e-06	0.193878
16S_OTU651_652	6.81661e-06	0.355829
16S_OTU68_69	6.81661e-06	0.37221
16S_OTU70_71	6.81661e-06	0.303632
16S_OTU723_724	0.0871929	0.24502
16S_OTU728_729	6.81661e-06	0.155886
16S_OTU73_74	6.81661e-06	0.39138
16S_OTU80_81	6.81661e-06	0.350504
16S_OTU835_836	6.81661e-06	0.250129
16S_OTU836_837	6.81661e-06	0.204238
16S_OTU85_86	0.0340165	0.22664
16S_OTU913_914	6.81661e-06	0.253667
16S_OTU93_94	0.333197	0.312165
16S_OTU949_950	6.81661e-06	0.255017
ITS_OTU1000_1001	0.0897909	0.247691
ITS_OTU1051_1052	6.81661e-06	0.292623
ITS_OTU1054_1055	6.81661e-06	0.234337
ITS_OTU1084_1085	0.999985	0.000210797
ITS_OTU1088_1089	6.81661e-06	0.249906
ITS_OTU1091_1092	0.999985	0.000203183
ITS_OTU1107_1108	0.23618	0.163876
ITS_OTU1136_1137	6.81661e-06	0.194963
ITS_OTU1145_1146	0.014439	0.228725
ITS_OTU1152_1153	6.81661e-06	0.314764
ITS_OTU1189_1190	6.81661e-06	0.584056
ITS_OTU1197_1198	0.029553	0.192786
ITS_OTU1198_1199	6.81661e-06	0.237422
ITS_OTU1202_1203	6.81661e-06	0.308238
ITS_OTU1290_1291	0.0536316	0.215012
ITS_OTU1386_1387	0.446063	0.172576
ITS_OTU1404_1405	0.752369	0.124264
ITS_OTU1425_1426	0.0922452	0.239826
ITS_OTU1481_1482	0.290696	0.227775
ITS_OTU1492_1493	6.81661e-06	0.346617
ITS_OTU1502_1503	0.999985	0.000193695
ITS_OTU1537_1538	0.208837	0.200102
ITS_OTU1549_1550	0.999985	0.000195394
ITS_OTU1576_1577	0.0125754	0.172124
ITS_OTU1584_1585	6.81661e-06	0.274018
ITS_OTU1614_1615	6.81661e-06	0.242808
ITS_OTU1631_1632	6.81661e-06	0.330822
ITS_OTU1644_1645	0.999985	0.000211581
ITS_OTU1650_1651	0.0376092	0.17621
ITS_OTU1660_1661	0.332981	0.208289
ITS_OTU1666_1667	0.999985	0.000222886
ITS_OTU1671_1672	6.81661e-06	0.40999
ITS_OTU1676_1677	0.240558	0.177676
ITS_OTU1713_1714	6.81661e-06	0.384859
ITS_OTU1738_1739	0.18379	0.211119
ITS_OTU1762_1763	6.81661e-06	0.167459
ITS_OTU1772_1773	6.81661e-06	0.236474
ITS_OTU1786_1787	0.315884	0.150299
ITS_OTU1800_1801	6.81661e-06	0.580702
ITS_OTU1805_1806	0.118037	0.17419
ITS_OTU1808_1809	6.81661e-06	0.345436
ITS_OTU1822_1823	6.81661e-06	0.219778
ITS_OTU1827_1828	6.81661e-06	0.438294
ITS_OTU1845_1846	6.81661e-06	0.283029
ITS_OTU1890_1891	0.388248	0.1439
ITS_OTU1941_1942	0.569063	0.183157
ITS_OTU1953_1954	6.81661e-06	0.315755
ITS_OTU2043_2044	0.265318	0.328669
ITS_OTU2054_2055	0.391131	0.16258
ITS_OTU2081_2082	6.81661e-06	1.12764
ITS_OTU2082_2083	0.0883965	0.226566
ITS_OTU2103_2104	6.81661e-06	0.241407
ITS_OTU2109_2110	0.999985	0.000222815
ITS_OTU2128_2129	0.159324	0.207929
ITS_OTU2129_2130	6.81661e-06	0.228034
ITS_OTU2154_2155	6.81661e-06	0.301107
ITS_OTU2179_2180	0.210227	0.187575
ITS_OTU2243_2244	6.81661e-06	0.271054
ITS_OTU2349_2350	0.999985	0.000198604
ITS_OTU2419_2420	6.81661e-06	0.294563
ITS_OTU2460_2461	0.999985	0.000216208
ITS_OTU2678_2679	6.81661e-06	0.199853
ITS_OTU2761_2762	6.81661e-06	0.186265
ITS_OTU2877_2878	0.0736615	0.230367
ITS_OTU2911_2912	0.453591	0.257389
ITS_OTU2934_2935	6.81661e-06	0.227838
ITS_OTU3025_3026	0.999985	0.000211915
ITS_OTU3029_3030	0.149853	0.148032
ITS_OTU3043_3044	0.999985	0.000221734
ITS_OTU3185_3186	0.999985	0.000203947
ITS_OTU3313_3313	6.81661e-06	0.274364
ITS_OTU3327_3327	0.00798116	0.177276
ITS_OTU3376_3376	6.81661e-06	0.203873
ITS_OTU3421_3421	0.411253	0.220955
ITS_OTU3455_3455	0.133366	0.220325
ITS_OTU3467_3467	6.81661e-06	0.30624
ITS_OTU3507_3507	6.81661e-06	0.309271
ITS_OTU3573_3573	6.81661e-06	0.272836
ITS_OTU3751_3751	6.81661e-06	0.562854
ITS_OTU3804_3804	0.999985	0.000214672
ITS_OTU3820_3820	0.46336	0.189242
ITS_OTU3874_3874	0.336331	0.16762
ITS_OTU3962_3962	6.81661e-06	0.203522
ITS_OTU4268_4268	0.397692	0.112802
ITS_OTU600_601	6.81661e-06	0.628572
ITS_OTU621_622	0.0412166	0.226715
ITS_OTU763_764	6.81661e-06	0.301899
ITS_OTU776_777	0.0683468	0.238197
ITS_OTU780_781	0.999985	0.00021638
ITS_OTU822_823	6.81661e-06	0.281654
ITS_OTU850_851	0.0904133	0.253972
ITS_OTU883_884	0.999985	0.000209765
ITS_OTU892_893	0.999985	0.000207485
ITS_OTU899_900	0.0893681	0.219525
ITS_OTU905_906	6.81661e-06	0.269491
ITS_OTU907_908	0.332981	0.208289
ITS_OTU910_911	0.999985	0.000207664
ITS_OTU917_918	0.130549	0.252704
ITS_OTU921_922	0.999985	0.000201516
ITS_OTU998_999	0.0138575	0.223094
elfDC	0.263318	0.348543
elfPs	0.27958	0.194132
elfPv	0.0947692	0.187817
flgPa	0.328933	0.24208
flgPsHRm	0.153825	0.165987
flgPsHRp	0.357319	0.333104
flgPv	7.68197e-06	0.0999791
day10_27C_cut	0.0235479	0.0995206
day10_30C_cut	0.328631	0.215525
day10_30C_uncut	8.07025e-06	0.0951314
day11_27C_cut	7.90836e-06	0.100552
day11_27C_uncut	0.466955	0.251966
day12_27C_cut	7.90836e-06	0.209869
day13_27C_cut	7.90836e-06	0.117192
day13_27C_uncut	0.366238	0.249758
day3_27C_cut	0.137258	0.242691
day3_27C_uncut	0.126968	0.108071
day3_30C_cut	7.92392e-06	0.148354
day3_30C_uncut	0.500728	0.253376
day4_27C_cut	7.87304e-06	0.242041
day4_27C_uncut	0.152463	0.185823
day4_30C_cut	7.92392e-06	0.132141
day4_30C_uncut	0.292946	0.279176
day5_27C_cut	0.187655	0.215279
day5_27C_uncut	0.587343	0.377015
day5_30C_cut	0.518479	0.396339
day5_30C_uncut	8.07025e-06	0.122356
day6_27C_cut	0.176233	0.210581
day6_27C_uncut	0.896526	0.278227
day6_30C_cut	0.430525	0.347338
day6_30C_uncut	0.0328442	0.103511
day7_27C_cut	0.171709	0.236649
day7_27C_uncut	0.642744	0.433319
day7_30C_cut	0.47289	0.266824
day7_30C_uncut	8.07025e-06	0.0773415
day8_27C_uncut	0.547781	0.285071
day9_27C_uncut	0.569087	0.258138
LB_vs_PR_DhighN_vs_lowN	0.282828	0.5039
LB_vs_PR_highN	0.0640453	0.235476
LB_vs_PR_lowN	0.470007	0.402556
LR_count_DhighN_vs_lowN	0.151785	0.531151
LR_count_highN	0.0602493	0.297002
LR_count_lowN	8.03581e-06	0.116419
LRdensity_DhighN_vs_lowN	0.342939	0.52259
LRdensity_highN	0.532753	0.483503
LRdensity_lowN	0.405755	0.282589
LRlengthave_DhighN_vs_lowN	0.773317	0.143209
LRlengthave_highN	0.949798	0.138602
LRlengthave_lowN	8.03581e-06	0.107819
LRtot_DhighN_vs_lowN	0.6476	0.184054
LRtot_highN	0.868747	0.202996
LRtot_lowN	8.03581e-06	0.101888
PR_DhighN_vs_lowN	0.0776218	0.18673
PR_highN	8.03581e-06	0.168589
PR_lowN	8.03581e-06	0.148955
PR_plus_LRtot_DhighN_vs_lowN	0.591044	0.22448
PR_plus_LRtot_highN	0.781169	0.319859
PR_plus_LRtot_lowN	8.03581e-06	0.116107
SA_DhighN_vs_lowN	8.03581e-06	0.104559
SA_highN	8.03581e-06	0.101773
SA_lowN	8.03581e-06	0.145647
SA_to_PR_DhighN_vs_lowN	0.0545614	0.427794
SA_to_PR_highN	8.03581e-06	0.1474
SA_to_PR_lowN	8.03581e-06	0.0924299
DTF_Oct_2010	0.855397	0.0922819
DTF_Oct_2040	0.969879	0.0694647
DTF_Sep_2010	0.950812	0.113987
DTF_Sep_2040	0.874641	0.101403
108_Area_sweden_2009_1st_experiment	0.659454	0.152032
109_SizePlantingSummer2009	0.67749	0.202042
110_Size_sweden_2009_2nd_experiment	0.702264	0.165394
111_SizePlantingSummerLocSweden2009	8.22149e-06	0.120732
112_Area_sweden_2009_2nd_experiment	0.452379	0.155492
113_DTF_sweden_2008_1st_experiment	0.999988	0.000671945
114_Yield_sweden_2009_2nd_experiment	0.0627921	0.267667
115_SizeLocSweden2009	0.912771	0.0583326
116_DTFplantingSummerLocSweden2009	0.129882	0.201919
117_DTFlocSweden2008	0.977165	0.108441
118_DTFlocSweden2009	0.908875	0.0754076
119_DTF_spain_2009_1st_experiment	0.999987	0.000397237
120_DTFplantingLoc2008	8.0023e-06	0.0715501
121_DTF_spain_2009_2nd_experiment	0.999987	0.000386361
122_Yield_spain_2009_2nd_experiment	0.626265	0.296233
123_Size_sweden_2009_1st_experiment	0.967836	0.0380201
124_Yield_spain_2009_1st_experiment	0.59147	0.223815
125_DTFmainEffect2009	0.999987	0.000386105
126_DTFmainEffect2008	0.999988	0.00075851
127_Size_spain_2009_2nd_experiment	0.894247	0.12567
128_Size_spain_2009_1st_experiment	0.820977	0.115328
129_DTFplantingSummer2009	0.999987	0.00117919
130_DTFplantingSummer2008	0.999988	0.00102308
131_SizeMainEffect2009	0.819673	0.115377
132_DTF_spain_2008_1st_experiment	0.999988	0.000746928
133_YieldPlantingSummer2009	0.086938	0.22026
134_DTF_sweden_2009_1st_experiment	0.999945	0.0167777
135_YieldLocSweden2009	0.12676	0.413109
136_DTF_spain_2008_2nd_experiment	0.999988	0.00053256
137_YieldMainEffect2009	0.536323	0.140174
138_YieldPlantingSummerLocSweden2009	8.35128e-06	0.130266
139_Yield_sweden_2009_1st_experiment	0.793751	0.25584
140_DTF_sweden_2009_2nd_experiment	0.999987	0.000373864
141_DTF_sweden_2008_2nd_experiment	0.999988	0.000648179
D2_entrance_per	0.502827	0.450033
GEMINATION_4D_per	7.71233e-06	1.53725
GERMINATION_1D_per	0.0877857	0.660249
Direction_index	0.238071	0.22257
Root_angle	0.239852	0.217858
NC_0557	0.629309	0.196235
NC_0570	8.36304e-06	0.121726
NC_0596	0.0303417	0.0885498
NC_0662	0.0492227	0.245601
NC_0674	0.46495	0.244757
NC_0704	8.36304e-06	0.117899
NC_0705	8.54945e-06	0.0913351
NC_0734	8.36304e-06	0.103996
NC_0790	0.576533	0.22466
NC_0928	8.34567e-06	0.0998367
NC_1008	8.36304e-06	0.173378
NC_1036	0.0340577	0.10196
NC_1057	8.35545e-06	0.156337
NC_1092	8.36304e-06	0.0969924
NC_1111	0.829676	0.350172
NC_1125	0.137242	0.217402
NC_1142	0.516679	0.517289
NC_1201	8.53489e-06	0.210953
NC_1213	8.34601e-06	0.201873
NC_1260	0.762963	0.253066
NC_1295	7.4814e-06	0.731151
NC_1334	0.704769	0.284458
NC_1379	8.36304e-06	0.0960227
NC_1383	0.852295	0.207053
NC_1393	0.0457933	0.209261
NC_1422	0.0526229	0.09682
NC_1427	0.147263	0.146022
NC_1433	0.999988	0.00174809
NC_1474	0.999988	0.00191987
NC_1542	0.999984	0.00387164
NC_1548	0.0131759	0.142576
NC_1971	0.791951	0.616041
NC_2426	0.0251329	0.090354
PC_0435	8.36304e-06	0.11416
PC_0441	8.36304e-06	0.10887
PC_0446	0.56413	0.418823
PC_0448	0.588134	0.292929
PC_0451	0.999988	0.00110515
PC_0454	0.277995	0.433374
PC_0455	9.2594e-06	0.115417
PC_0490	0.0586636	0.213572
PC_0499	0.164353	0.238362
PC_0500	0.128133	0.238253
PC_0506	8.36304e-06	0.122499
PC_0512	0.293683	0.21213
PC_0526	0.246151	0.356228
PC_0544	0.0329196	0.0997236
PC_0546	0.32576	0.423566
PC_0552	8.36304e-06	0.120056
PC_0558	8.36304e-06	0.102063
PC_0570	8.36304e-06	0.239725
PC_0601	0.17821	0.35876
PC_0615	0.654644	0.260489
PC_0626	0.365051	0.396039
PC_0631	0.12955	0.202211
PC_0633	0.0526462	0.268235
PC_0635	0.0715948	0.157609
PC_0638	8.36572e-06	0.113946
PC_0642	7.28318e-06	1.10563
PC_0658	8.36304e-06	0.175238
PC_0673	0.0833511	0.139877
PC_0684	8.36304e-06	0.137489
PC_0688	0.00951313	0.150077
PC_0709	0.495756	0.547744
PC_0712	8.36304e-06	0.109146
PC_0785	0.432288	0.477823
PC_0846	8.36304e-06	0.105052
PC_0858	0.999988	0.00156931
PC_0866	8.34623e-06	0.140447
PC_0932	0.729287	0.168622
PC_1145	8.36304e-06	0.128775
PC_1181	0.842227	0.218199
PC_1237	0.695975	0.308918
PC_1246	0.392453	0.360397
PC_1248	0.00297442	0.748517
PC_1265	0.0281434	0.113162
PC_1274	0.702781	1.39564
PC_1322	0.254762	0.423065
PC_1401	0.320979	0.321054
PC_1410	9.04495e-06	0.113146
PC_1435	0.125531	0.214499
PC_1465	0.883671	0.188789
PC_1490	0.451343	0.256643
PC_1491	8.36884e-06	0.111382
PC_1493	0.407246	0.336302
PC_1528	0.685572	0.237525
PC_1533	0.673525	0.213871
PC_1732	0.290926	0.346804
PC_1734	8.37035e-06	0.20879
PC_1755	8.36304e-06	0.129003
PC_1782	8.36304e-06	0.140624
PC_1857	8.36304e-06	0.26827
PC_1976	8.36304e-06	0.140686
PC_1998	8.36304e-06	0.107728
PC_2045	8.36304e-06	0.23744
PC_2372	0.244131	0.314068
PC_2395	8.36001e-06	0.106069
PC_2413	0.430311	0.279102
met01	0.346168	0.303655
met02	0.552994	0.305611
met03	0.0774022	0.331693
met04	8.18914e-06	0.254287
met05	8.18914e-06	81.5336
met06	0.112643	0.122644
met07	0.331909	0.221238
met08	0.0055106	0.14027
met09	0.0392118	0.11392
met10	0.367323	0.319679
met11	0.223807	0.260752
met12	0.999988	0.0016021
met13	0.249282	0.412257
met14	8.18914e-06	0.108158
met15	0.538355	0.255642
met16	0.627876	0.288591
met17	0.10841	0.123646
met18	0.324214	0.326145
met19	8.18914e-06	0.133427
met20	0.0890946	0.345825
met21	0.30957	0.263233
met22	0.737167	0.204277
met23	0.396505	0.240941
met24	0.510931	0.291819
met25	0.516573	0.266952
met26	8.18914e-06	0.140374
met27	8.18914e-06	0.224226
met28	0.294651	0.255064
met29	0.0170452	0.0862128
met30	8.18914e-06	0.143327
met31	0.298487	0.305571
met32	0.392396	0.250324
met33	0.999988	0.00118659
met34	0.490578	0.37733
met35	0.22188	0.22719
met36	0.761902	0.313028
met37	0.475009	0.290682
met38	8.18914e-06	0.123962
met39	8.18914e-06	0.113305
met40	0.102412	0.156804
met41	8.18914e-06	0.10211
met42	8.18914e-06	0.101539
met43	8.18914e-06	0.100303
met44	8.18914e-06	0.112559
met45	8.18914e-06	0.10427
met46	0.11297	0.2128
met47	0.43202	0.298752
met48	8.18914e-06	0.0781169
met49	8.18914e-06	0.132482
met50	0.17962	0.550415
met51	0.301245	0.287874
met52	0.29677	0.262508
met53	8.18914e-06	0.111046
met54	8.18914e-06	0.0956735
met55	0.414947	0.305895
met56	0.348517	0.244616
met57	8.18914e-06	0.13314
met58	0.101033	0.190342
met59	0.159576	0.177581
met60	0.0636542	0.137295
met61	0.853572	0.210533
met62	0.59596	0.266176
met63	8.18914e-06	0.138263
met64	8.18914e-06	0.101877
met65	0.679987	0.260907
met66	0.10607	0.202776
met67	0.387709	0.253677
met68	0.397836	0.228684
met69	0.287051	0.260344
met70	0.109054	0.157848
met71	0.300387	0.229556
met72	0.184152	0.200302
met73	0.647256	0.37779
met74	0.0503698	0.114759
met75	0.0063415	0.0691063
met76	0.118981	0.171101
met77	0.661632	0.288846
met78	0.0852365	0.122639
met79	8.18914e-06	0.109913
met80	0.209699	0.501644
met81	8.18914e-06	0.117935
met82	0.999988	0.00147468
met83	0.733562	0.271214
met84	0.490614	0.223845
met85	0.0718573	0.105907
met86	0.305747	0.284903
met87	0.122707	0.34601
met88	0.0057645	0.0796512
met89	0.999988	0.00158844
met90	0.472418	0.236531
met91	0.377309	0.255554
met92	0.999988	0.00214071
met93	0.0932613	0.166229
met94	8.18914e-06	0.105095
142_Mature_cell_length	8.52943e-06	0.111143
143_Meristem_zone_length	8.52943e-06	0.116944
LR.no_ABA	0.156169	0.526686
LR.no_C	0.14545	0.289488
LR.no_CK	0.131589	0.35518
LR.no_IAA	0.233131	0.430795
LRD_P_ABA	0.126625	0.492197
LRD_P_C	7.02996e-06	0.278696
LRD_P_CK	0.0658435	0.339286
LRD_P_IAA	0.0429627	0.350883
LRD_R_ABA	7.12307e-06	0.848391
LRD_R_C	7.02996e-06	0.577295
LRD_R_CK	7.10505e-06	0.759531
LRD_R_IAA	0.00948056	0.32102
LRL_ABA	0.316991	0.406953
LRL_C	0.146654	0.272074
LRL_CK	0.352397	0.355943
LRL_IAA	0.611751	0.441111
LRR_ABA	0.207058	0.444446
LRR_C	0.236743	0.300269
LRR_CK	0.288145	0.373845
LRR_IAA	0.0353769	0.332733
P_ABA	0.999986	0.00062866
P_C	0.46499	0.318362
P_CK	0.942686	0.0684022
P_IAA	0.999986	0.000986546
P2_ABA	0.974884	0.0517745
P2_C	0.35971	0.336961
P2_CK	0.999986	0.000670782
P2_IAA	0.0942643	0.454466
R_ABA	0.6804	0.318579
R_C	0.0451396	0.292824
R_CK	0.122362	0.400329
R_IAA	0.999986	0.0016359
TLRL_ABA	0.309836	0.432419
TLRL_C	0.43345	0.295099
TLRL_CK	0.381233	0.398113
TLRL_IAA	0.632056	0.428479
TRL_ABA	0.999986	0.000919285
TRL_C	0.583402	0.24793
TRL_CK	0.964519	0.0602663
TRL_IAA	0.999986	0.000911475
289_Root_length_Day_1	0.999981	0.00135296
290_Root_length_Day_2	0.230341	0.154979
291_Root_length_Day_3	0.229207	0.15966
292_Root_length_Day_4	0.122975	0.154931
293_Root_length_Day_5	0.183077	0.150747
Average_root_width_avg	0.935124	0.0781088
Average_root_width_day001	8.0255e-06	0.12424
Average_root_width_day002	0.34796	0.49492
Average_root_width_day003	0.926885	0.0883499
Average_root_width_day004	0.895133	0.112848
Average_root_width_day005	0.902016	0.104318
Euclidian_length_day001	0.822151	0.127274
Euclidian_length_day002	0.7693	0.215395
Euclidian_length_day003	0.687609	0.211045
Euclidian_length_day004	0.707941	0.269413
Euclidian_length_day005	0.734778	0.31909
Relative_root_growth_rate_avg	0.938058	0.0476222
Relative_root_growth_rate_day001.day002	0.931018	0.0593192
Relative_root_growth_rate_day002.day003	0.807032	0.257488
Relative_root_growth_rate_day003.day004	0.908704	0.103299
Relative_root_growth_rate_day004.day005	0.947168	0.0572689
Root_angle_avg	0.208148	0.30023
Root_angle_day001	8.0255e-06	0.479582
Root_angle_day002	0.171834	0.218023
Root_angle_day003	0.160074	0.213839
Root_angle_day004	0.217061	0.225949
Root_angle_day005	0.252108	0.27137
Root_directional_equivalent_avg	0.251692	0.284889
Root_directional_equivalent_day001	0.132206	0.210191
Root_directional_equivalent_day002	0.439641	0.42958
Root_directional_equivalent_day003	0.375509	0.402718
Root_directional_equivalent_day004	0.398218	0.35304
Root_directional_equivalent_day005	0.335508	0.412536
Root_growth_rate_avg	0.890694	0.17198
Root_growth_rate_day001.day002	0.650128	0.284261
Root_growth_rate_day002.day003	0.000878861	0.125429
Root_growth_rate_day003.day004	0.820715	0.179298
Root_growth_rate_day004.day005	0.418908	0.74481
Root_horizontal_index_avg	0.418806	0.323266
Root_horizontal_index_day001	0.702041	0.150467
Root_horizontal_index_day002	0.628919	0.34615
Root_horizontal_index_day003	0.229194	0.228209
Root_horizontal_index_day004	0.262355	0.255764
Root_horizontal_index_day005	0.396459	0.332572
Root_linearity_avg	0.0197583	0.113636
Root_linearity_day001	8.0255e-06	0.11399
Root_linearity_day002	0.998874	0.00653267
Root_linearity_day003	8.0255e-06	0.160596
Root_linearity_day004	0.00161055	0.0786478
Root_linearity_day005	0.0425933	0.144991
Root_tortuosity_avg	0.365756	0.415815
Root_tortuosity_day001	8.0255e-06	0.141221
Root_tortuosity_day002	0.477199	0.316214
Root_tortuosity_day003	0.505622	0.314467
Root_tortuosity_day004	0.228985	0.569417
Root_tortuosity_day005	0.273682	0.60217
Root_vertical_index_avg	0.763917	0.197466
Root_vertical_index_day001	0.801967	0.140736
Root_vertical_index_day002	0.721395	0.216398
Root_vertical_index_day003	0.680189	0.220873
Root_vertical_index_day004	0.669083	0.309538
Root_vertical_index_day005	0.692499	0.403117
Root_width_100_avg	0.819052	0.197877
Root_width_100_day001	0.663505	0.1575
Root_width_100_day002	0.947147	0.066832
Root_width_100_day003	0.852276	0.130656
Root_width_100_day004	0.7032	0.279755
Root_width_100_day005	0.334336	0.303609
Root_width_20_avg	0.652669	0.332261
Root_width_20_day001	8.0255e-06	0.0992078
Root_width_20_day002	0.316619	0.458868
Root_width_20_day003	0.582875	0.398174
Root_width_20_day004	0.932	0.0908505
Root_width_20_day005	0.999988	0.000306245
Root_width_40_avg	0.87025	0.148306
Root_width_40_day001	8.0255e-06	0.0972518
Root_width_40_day002	0.0134707	0.276064
Root_width_40_day003	0.95604	0.0447235
Root_width_40_day004	0.823717	0.150311
Root_width_40_day005	0.854621	0.131294
Root_width_60_avg	0.856637	0.126784
Root_width_60_day001	0.414659	0.425855
Root_width_60_day002	0.669511	0.26318
Root_width_60_day003	0.846601	0.129713
Root_width_60_day004	0.866051	0.155891
Root_width_60_day005	0.828241	0.16814
Root_width_80_avg	0.999988	0.000500534
Root_width_80_day001	0.932771	0.0578788
Root_width_80_day002	0.878885	0.136786
Root_width_80_day003	0.692493	0.195531
Root_width_80_day004	0.884949	0.177865
Root_width_80_day005	0.416894	0.288812
Total_length_day001	0.802685	0.126506
Total_length_day002	0.720913	0.208998
Total_length_day003	0.651862	0.230404
Total_length_day004	0.70991	0.249336
Total_length_day005	0.730721	0.278366
286_Mo98	0.0691205	0.173272
282_Zn66	0.388633	0.326972
Xyloside_percentage	0.446461	0.469424
PC1	6.25557e-06	0.425313
PC2	0.037001	0.349899
LD12_peak	8.54415e-06	0.585123
LD12_period	0.257238	0.321999
LD14_peak	8.54415e-06	1.24654
LD14_period	0.999988	0.00111586
LD16_peak	8.54415e-06	0.407693
LD16_period	0.0575147	0.365791
SD10_peak	8.54415e-06	0.679275
SD10_period	8.54415e-06	0.455189
SD8_peak	0.0221626	0.207834
SD8_period	0.541066	0.51711
Mechnical_PPV_infection_Hampes_Rosettes	0.0351187	0.164021
ile_ileleuval	8.54129e-06	0.223318
ile_t	0.390412	0.382463
ile	0.440146	0.285186
leu_ileleuval	0.191208	0.243363
leu_t	0.189989	0.243378
leu	0.331284	0.270517
val_ileleuval	0.125147	0.279987
val_t	0.999988	0.00164239
val	0.696952	0.236142
beta_carotene	0.968656	0.176218
Seed_size	0.493633	0.178263
Aphid_reproduction	0.552864	0.2981
Thrips	0.464912	0.285716
Botrytis_and_Pieris	0.399365	0.298991
Drought_and_Pieris	0.0763539	0.133359
Drought	8.35162e-06	0.117867
P_rapae	0.379006	0.24167
P_xyllostella	8.10293e-06	0.0682693
FT_mhi	0.862247	0.0460887
FT_mhp	0.849973	0.0492024
FT_mli	0.655484	0.0703477
FT_mlp	0.602996	0.0971967
FT_thi	0.881247	0.0509666
FT_thp	0.849909	0.0465332
FT_tli	0.707416	0.0611434
FT_tlp	0.33089	0.0994514
rFitness_mhi	0.16237	0.0880382
rFitness_mhp	1.61196e-05	0.156507
rFitness_mli	0.135291	0.0774672
rFitness_mlp	0.128408	0.068354
rFitness_thi	0.194746	0.0889827
rFitness_thp	0.294658	0.0999985
rFitness_tli	0.259309	0.0858683
rFitness_tlp	0.0284119	0.0664518
rSeeds_mhi	0.135837	0.0851668
rSeeds_mhp	0.0625613	0.0846826
rSeeds_mli	1.67836e-05	0.0938104
rSeeds_mlp	0.0763798	0.132111
rSeeds_thi	0.437358	0.101313
rSeeds_thp	0.520403	0.0926682
rSeeds_tli	0.218876	0.0802648
rSeeds_tlp	0.0353436	0.0720847
rSurvival_fruit_mhi	1.61196e-05	0.101437
rSurvival_fruit_mhp	1.61196e-05	0.0714714
rSurvival_fruit_mli	0.355115	0.0865634
rSurvival_fruit_mlp	0.194355	0.0734684
rSurvival_fruit_thi	1.61196e-05	0.104004
rSurvival_fruit_thp	0.0946848	0.080997
rSurvival_fruit_tli	0.170177	0.0896094
rSurvival_fruit_tlp	0.00422572	0.0610689
Flavonol.glycoside01	1.37911e-05	0.154227
Flavonol.glycoside02	0.273942	0.456748
GLS.1	0.0908932	0.17251
GLS.2	1.37911e-05	0.246433
I3M	1.37911e-05	0.173101
Is3A7R	1.37911e-05	0.250622
Is3G	1.37911e-05	0.508391
Is3G7R	0.0552166	0.224547
Is3R7R	0.273714	0.287957
K3A7R	0.153897	0.26356
K3G	1.37911e-05	0.139543
K3G7G	0.114238	0.191936
K3G7R	1.37911e-05	0.206089
K3GG7R	1.37911e-05	0.153995
K3GH	0.00853335	0.147632
K3GR7R	0.0111479	0.151457
K3R	1.37911e-05	0.873365
K3R7R	1.37911e-05	0.214168
Polyamine01	1.37911e-05	0.170383
Polyamine02	1.37911e-05	0.201299
Polyamine03	1.37911e-05	0.298579
Polyamine04	1.37911e-05	0.697182
Polyamine05	1.37911e-05	0.205802
Polyamine06	1.37911e-05	0.235836
Polyamine07	0.937561	0.736758
putative.HDX	1.37911e-05	0.160815
Q3A7R	0.163053	0.363676
Q3G	0.127909	0.308527
Q3G7G	0.0124912	0.128367
Q3G7R	1.37911e-05	0.135636
Q3GG7R	1.37911e-05	0.172625
Q3GH	0.0952139	0.214973
Q3GR7R	0.0547276	0.161276
Q3R	0.101924	0.201479
Q3R7R	1.37911e-05	0.143934
saiginol.A	0.412493	0.624809
saiginol.B	0.457123	0.416592
saiginol.C	0.313274	0.38113
saiginol.D	0.493794	0.47329
saiginol.E	0.513354	0.899465
saiginol.F	0.515063	0.419022
saiginol.G	0.999993	0.00563578
saiginol.H	0.329179	0.653175
saiginol.I	0.035514	0.268041
saiginol.J	0.514623	0.53012
saiginol.K	0.0613142	0.253631
saiginol.L	0.421487	0.380682
saiginol.M	0.218463	0.351509
saiginol.N	0.428827	0.400685
saiginol.O	0.0479766	0.213847
saiginol.P	0.657608	0.574387
saiginol.Q	0.227993	0.333628
saiginol.R	0.394023	0.384412
SinG1	1.37911e-05	0.126866
sinigrin	0.110904	0.261
SinM	0.000464253	0.123789
X1MOI3M	0.380263	0.935611
X3MSOP	1.37911e-05	0.153117
X4MOI3M	1.37911e-05	0.157972
X4MSOB	1.37911e-05	0.19911
X4MTB	1.37911e-05	0.337447
X5MSOP	1.37911e-05	0.697026
X6MSOH	0.0215018	0.18915
X6MTH	1.37911e-05	0.157024
X7MSOH	0.0552568	0.257768
X7MTH	0.282566	0.406465
X8MSOO	1.37911e-05	0.194273
X8MTO	0.311401	0.436315
HopAM1-cell_death	9.30655e-06	0.114655
HopAM1-rosette_chlorosisis	9.64664e-06	0.13754
Pollen_Tube_OG_S	0.36585	0.931682
AZL	8.80067e-06	0.573677
BsZL	0.105632	0.278632
BZL	8.80067e-06	0.15704
LRA	0.0388323	0.128227
LRD.BZ	0.292994	0.241957
LRD.MR	0.224577	0.261345
LRL_0_25	8.80067e-06	0.116653
LRL	0.475295	0.283359
LRN	0.0607323	0.160938
LRS_0_25	8.80067e-06	0.200744
LRS	0.223981	0.349019
MRA	0.456589	0.309093
MRL	8.80067e-06	0.32478
MRV	8.80067e-06	0.21851
OAD	8.80067e-06	0.125667
TRS	8.80067e-06	0.130562
alpha_bacterial_richness_1_tn2_ranef	6.78594e-06	0.210607
alpha_fungal_richness_1_tn2_ranef	0.383821	0.27172
alpha_slant_1_tn2_ranef_diff_exps	0.47148	0.2547
alpha_total_1_tn2_ranef_glmer	0.218842	0.189287
beta_root_1_combined_pca_tn2_bac_n100_glmer_fun_n100_glmerPC1	6.78594e-06	0.232933
beta_root_1_combined_pca_tn2_bac_n100_glmer_fun_n100_glmerPC2	0.0164036	0.179769
beta_root_1_combined_pca_tn2_bac_n100_glmer_fun_n100_glmerPC3	0.15319	0.282009
beta_root_16S_1_raw_tn2_glmer_pca_n100_PC1	6.78594e-06	0.394849
beta_root_16S_1_raw_tn2_glmer_pca_n100_PC2	6.78594e-06	0.322023
beta_root_16S_1_raw_tn2_glmer_pca_n100_PC3	0.197724	0.275766
beta_root_ITS_1_raw_tn2_glmer_pca_n100_PC1	0.031627	0.176838
beta_root_ITS_1_raw_tn2_glmer_pca_n100_PC2	0.121657	0.285325
beta_root_ITS_1_raw_tn2_glmer_pca_n100_PC3	6.78594e-06	0.550366
Relative_leaf_temperature	0.00157608	0.103064
LeafAreaMaturity_mild_drought	0.209321	0.306245
LeafAreaMaturity_well_watered	0.333725	0.461732
LeafAreaMaturityCell_mild_drought	8.26377e-06	0.157172
LeafAreaMaturityCell_well_watered	0.481053	0.377048
LeafAreaProliferation_mild_drought	0.47614	0.577811
LeafAreaProliferation_well_watered	0.970714	0.0550102
PavementCellArea_mild_drought	0.719407	0.560778
PavementCellArea_well_watered	0.0543689	0.1984
PavementCellNumber_mild_drought	0.402129	0.361731
PavementCellNumber_well_watered	0.958556	0.109606
RosetteArea_mild_drought	0.157039	0.266499
RosetteArea_well_watered	0.12363	0.210936
StomatalIndex_mild_drought	8.26377e-06	0.107282
StomatalIndex_well_watered	8.31363e-06	0.134204
Emco5	7.70918e-06	0.180941
Emoy2	0.00743889	0.113573
Emwa1	0.132539	0.35294
Hiks1	7.81581e-06	0.113562
Noco2	0.0326211	0.144526
aphids_making_long_probes	0.0273664	0.105523
time_aphids_spent	8.37315e-06	0.161756
Normalized_disease_index	7.86471e-06	0.133289
A0_Expo2	0.064536	0.16836
FW_rosette	0.454797	0.228105
PLA11	8.44835e-06	0.11344
PLA14	0.41953	0.253831
PLA16	0.449694	0.354886
PLA18	0.26275	0.281942
PLA20	8.44835e-06	0.153396
PLA22	0.440299	0.219335
PLA24	8.44835e-06	0.124366
PLA25	0.625122	0.240901
PLA26	0.62648	0.249049
PLA27	0.52934	0.227965
PLA28	0.676232	0.206592
PLA8	0.240063	0.234929
r_Expo2	0.0340918	0.0990971
WC	8.44835e-06	0.140853
control_aantalSkld5m10t20_c	8.48056e-06	0.352998
control_avgSL0t10_c	8.48056e-06	0.119696
control_avgSL10t20_c	0.401834	0.32866
control_avgSL20t30_c	0.00546044	0.133157
control_avgSLm10t0_c	0.12724	0.225898
control_avgSLm10t20	0.0278793	0.256478
treatment_aantalSkld5m10t20_t	8.48056e-06	0.0986007
treatment_avgSL0t10_t	8.48056e-06	0.111766
treatment_avgSL10t20_t	8.48056e-06	0.131352
treatment_avgSL20t30_t	7.58992e-06	0.520658
treatment_avgSLm10t0_t	0.47504	0.310332
treatment_avgSLm10t20	0.684459	0.347143
Redness_control	8.31662e-06	0.380653
Redness_PEG	7.63219e-06	0.463007
AA_1	0.296267	0.298533
AA_2	0.623299	0.247805
AGP_1	8.32917e-06	0.152272
AGP_2	0.120559	0.178452
aINV_1	0.219915	0.209761
aINV_2	8.05893e-06	0.119373
ChlA_1	0.90609	0.238736
ChlA_2	0.757805	0.183252
ChlB_1	0.145711	0.184031
ChlB_2	0.453938	0.265998
cPGI_1	0.101682	0.168072
cPGI_2	0.0475669	0.119185
FBP_1	8.31246e-06	0.218187
FBP_2	8.32844e-06	0.214149
FK_1	8.32917e-06	0.148405
FK_2	0.216873	0.263214
Fru_1	0.019676	0.110184
Fru_2	0.438508	0.2008
Fum_1	0.20153	0.25961
Fum_2	0.109677	0.159366
FUMARASE_1	8.32917e-06	0.134317
FUMARASE_2	0.221491	0.259757
FW_1	0.407246	0.272085
G6P_1	0.390286	0.362611
G6P_2	0.517846	0.248989
G6PDH_1	8.32917e-06	0.134992
G6PDH_2	8.12201e-06	0.104158
GDH_2	0.15623	0.174272
GK_1	8.39254e-06	0.117172
GK_2	8.02199e-06	0.114948
Glc_1	0.0223972	0.108764
Glc_2	0.366769	0.190631
iRub_1	8.33683e-06	0.103739
iRub_2	8.02e-06	0.0947507
Mal_1	0.561212	0.266394
Mal_2	0.813159	0.101678
MDH_2	0.51587	0.248073
mRub_1	8.32917e-06	0.261366
mRub_2	0.0181893	0.103355
nINV_1	8.32917e-06	0.0971958
nINV_2	8.31649e-06	0.101808
NO3_1	8.32917e-06	0.126755
NO3_2	8.02e-06	0.108377
NRVm_1	0.159805	0.244762
NRVm_2	8.05893e-06	0.106524
NRVs_1	0.505079	0.245923
NRVs_2	0.0413905	0.157156
PEPC_2	8.05893e-06	0.101768
PGM_1	0.0670718	0.122273
PGM_2	0.119133	0.167514
pPGI_1	8.32605e-06	0.206427
pPGI_2	0.0156609	0.0967397
Prot_1	8.32917e-06	0.100511
Prot_2	0.26886	0.227917
SKDH_2	0.0876855	0.13649
SPS_1	7.5653e-06	0.519193
SPS_2	0.033442	0.173786
starch_1	0.908217	0.130947
starch_2	0.349301	0.215782
Suc_1	8.32917e-06	0.0883058
Suc_2	8.02e-06	0.109908
TK_2	0.0149525	0.104773
tPGI_1	0.316897	0.380101
tPGI_2	0.485895	0.294003
TPI_2	0.143735	0.210318
UGP_1	0.397804	0.370113
UGP_2	8.05893e-06	0.117693
FT	0.927189	0.120568
LL	0.686972	0.257851
MSB	0.519297	0.365104
PH1S	0.694567	0.322653
PL_div_LL	0.0407039	0.109668
PL	0.329639	0.306936
RB	0.361532	0.198918
RGRav	0.223599	0.3208
RGRbv	8.41955e-06	0.0783298
TPH	0.149988	0.172035
days_after_dark_treatment_2	0.0524505	0.14394
days_after_dark_treatment_3	0.0581494	0.164388
days_after_dark_treatment_4	0.0659294	0.219939
days_after_dark_treatment_5	0.0183372	0.181312
days_after_dark_treatment_6	8.63192e-06	0.241513
days_after_dark_treatment_7	8.63192e-06	0.131343
Alllyl_2008	0.968748	0.110007
But_3_enyl_2008	0.999983	0.000291778
Indol_3_ylmethyl_2008	0.999983	0.00116826
N_methoxy_indol_3_ylmethyl_2008	0.864375	0.172964
Pent_4_enyl_2008	0.999983	0.00028071
Ratio_of_C3_methylthio_to_total_C3_2008	0.999983	0.000288368
Ratio_of_C3_to_SC_Aliphatic_2008	0.999983	0.000300326
Ratio_of_C4_methylthio_to_total_C4_2008	0.999983	0.000282268
Ratio_of_C7_methylthio_to_total_C7_2008	0.162236	0.31659
Ratio_of_C7_to_LC_Aliphatic_2008	0.846618	0.0915682
Ratio_of_C8_methylthio_to_total_C8_2008	0.608769	0.307843
Ratio_of_NMOI3M_to_TIND_2008	0.996192	0.0140121
Ratio_of_TOH4_to_TIND_2008	0.993464	0.0183678
Total_Alkenyl_Aliphatic_2008	0.931497	0.12485
Total_C3_Aliphatic_2008	0.900458	0.13152
Total_C3_and_C4_Aliphatic_2008	0.867693	0.131387
Total_C4_Aliphatic_2008	0.999983	0.000294385
Total_C5_Aliphatic_2008	0.298576	0.347176
Total_C7_Aliphatic_2008	0.910997	0.0643348
Total_C7_and_C8_Aliphatic_2008	0.938323	0.0605282
Total_C8_Aliphatic_2008	0.938706	0.0665605
Total_Hydroxyalkenyl_Aliphatic_2008	0.999983	0.000286272
Total_Hydroxyalkyl_Aliphatic_2008	0.999983	0.000286534
Total_Indolic_Glucosinolate_2008	0.849856	0.226523
Total_Indolic_Glucosinolate_with_4_hydroxylation_2008	0.984719	0.0315109
Total_Methylsulfinyl_Aliphatic_2008	0.914216	0.0864949
Unknown_Alkenyl_2008	0.999983	0.000283575
X_R_2_hydroxy_but_3_enyl_2008	0.999983	0.000284876
X_S_2_hydroxy_but_3_enyl_2008	0.999983	0.000284678
X3_hydroxypropyl_2008	0.999983	0.000286534
X3_methylsulfinylpropyl_2008	0.999983	0.000342205
X3_methylthiopropyl_2008	0.398951	0.241591
X4_hydroxy_indol_3_ylmethyl_2008	0.654315	0.295484
X4_methoxy_indol_3_ylmethyl_2008	0.985145	0.0308767
X4_methylsulfinylbutyl_2008	0.999983	0.000287155
X4_methylthiobutyl_2008	0.999983	0.000280623
X5_methylsulfinylpentyl_2008	0.298576	0.347176
X7_methylsulfinylheptyl_2008	0.999983	0.000297022
X7_methylthioheptyl_2008	0.879256	0.0885242
X8_methylsulfinyloctyl_2008	0.886598	0.114812
X8_methylthiooctyl_2008	0.944763	0.0702253
AgNO3_Camalexin_1	0.0184752	0.128611
AgNO3_Camalexin	0.508096	0.483919
Alllyl_1	0.898174	0.0938248
Alllyl	0.972065	0.0484499
Benzyl	0.826585	0.125615
But_3_enyl_1	0.873319	0.0738461
But_3_enyl	0.999987	0.000291869
Control_Camalexin_1	0.766122	0.240789
Control_Camalexin	0.797336	0.241271
Fresh_Weight	0.999987	0.000249492
Indol_3_ylmethyl	0.634538	0.273808
Leaf_Area	0.985635	0.0309713
N_methoxy_indol_3_ylmethyl	0.999983	0.000323246
Pent_4_enyl	0.999983	0.00028933
R_2_hydroxy_but_3_enyl_1	0.999983	0.000295886
R_2_hydroxy_but_3_enyl	0.25836	0.197489
S_2_hydroxy_but_3_enyl_1	0.887554	0.11862
S_2_hydroxy_but_3_enyl	7.67562e-06	0.0901954
Unknown_Alkenyl_1	0.999984	0.000289124
Unknown_Alkenyl	7.67562e-06	NA
Unknown_Glucosinolate_Like_1	0.203446	0.666258
Unknown_Glucosinolate_Like_2	0.864801	0.172895
X3_benzoyloxypropyl	0.929587	0.104793
X3_hydroxypropyl_1	0.999983	0.000288353
X3_hydroxypropyl	0.945104	0.0453987
X3_methylsulfinylpropyl_1	0.999983	0.000297626
X3_methylsulfinylpropyl	0.996811	0.0156041
X3_methylthiopropyl_1	0.999983	0.000286116
X3_methylthiopropyl	0.881025	0.133888
X4_benzoyloxybutyl_plus_2_benzoyloxy_but_3_enyl	0.889551	0.082386
X4_hydroxy_indol_3_ylmethyl	0.335337	0.535921
X4_hydroxybutyl	0.855206	0.0775307
X4_methoxy_indol_3_ylmethyl	6.02452e-06	0.484155
X4_methylsulfinylbutyl_1	0.999983	0.000289919
X4_methylsulfinylbutyl	0.999987	0.000225034
X4_methylthiobutyl	0.999983	0.000284382
X5_methylsulfinylpentyl_1	0.999983	0.000313418
X5_methylsulfinylpentyl	0.687084	0.312158
X5_methylthiolpentyl	0.999987	0.000234782
X7_methylsulfinylheptyl	0.678045	0.241638
X7_methylthioheptyl	0.69581	0.241224
X8_methylsulfinyloctyl	0.0603618	0.586034
X8_methylthiooctyl	0.979536	0.0376627
aconitic_acid_exp2	0.201879	0.196687
adipic_acid_exp2	7.67562e-06	0.0792879
alanine_exp1	7.67562e-06	0.42355
alanine_exp2	0.185351	0.440169
alpha_ketoglutaric_acid_exp2	7.67562e-06	0.0976133
arabinose_exp1	0.144797	0.387689
arabinose_exp2	0.97188	0.0351635
arachidic_acid_exp1	0.886581	0.114742
arachidic_acid_exp2	7.67562e-06	0.122698
ascorbic_acid_exp2	0.685788	0.23325
asparagine_exp1	7.67562e-06	0.2784
asparagine_exp2	7.67562e-06	0.111658
aspartic_acid_exp1	7.67562e-06	0.102574
aspartic_acid_exp2	7.67562e-06	0.100333
behenic_acid_exp1	0.644731	0.236782
benzoic_acid_exp1	0.633543	0.218129
benzoic_acid_exp2	7.67562e-06	0.104737
beta_alanine_exp1	0.492507	0.223726
beta_alanine_exp2	0.268732	0.33246
beta_sitosterol_exp1	0.0793785	0.282202
beta_sitosterol_exp2	7.67562e-06	0.169577
caffeic_acid_exp2	0.0273057	0.10968
capric_acid_exp1	0.876304	0.220607
capric_acid_exp2	0.217005	0.247835
cellobiose_exp2	0.116842	0.198245
cellobiotol_exp1	7.67562e-06	0.134986
cellobiotol_exp2	0.17559	0.217818
cerotic_acid_exp1	0.456063	0.453296
cholesterol_exp1	0.930966	0.101082
cholesterol_exp2	0.0859247	0.260563
cis_sinapinic_acid_exp1	7.67562e-06	0.108993
cis_sinapinic_acid_exp2	7.67562e-06	0.0911734
citramalate_exp2	7.67562e-06	0.0929582
citric_acid_exp1	0.29968	0.433402
citric_acid_exp2	0.0643007	0.143278
citrulline_exp1	0.633419	0.212206
coniferin__ref_Tree_Physiol__exp1	7.67562e-06	0.105929
coniferin__ref_Tree_Physiol__exp2	0.626422	0.234328
dehydroascorbate_1_exp1	7.67562e-06	0.212378
dehydroascorbate_1_exp2	0.132695	0.398791
epsilon_caprolactam_2_exp2	7.67562e-06	0.0960833
erythritol_exp1	0.427744	0.281235
erythronic_acid_exp2	7.67562e-06	0.0967013
erythronic_acid_lactone_exp1	0.154494	0.361054
erythronic_acid_lactone_exp2	7.67562e-06	0.246428
ethanolamine_exp1	7.67562e-06	0.13261
ethanolamine_exp2	0.46718	0.376782
fructose_1_exp2	0.558459	0.305373
fucose_1___rhamnose_2_exp1	0.298845	0.577405
fucose_1___rhamnose_2_exp2	7.67562e-06	0.353183
fumaric_acid_exp2	7.67562e-06	0.104547
GABA_exp1	0.454559	0.458287
GABA_exp2	7.67562e-06	0.0951161
galactinol_major_2_exp1	7.67562e-06	0.09122
galactinol_major_2_exp2	7.67562e-06	0.0983829
galactose_exp1	0.45177	0.298722
galactose_exp2	7.67562e-06	0.0961015
glucose_1_phosphate_exp1	7.67562e-06	0.0822827
glucose_1_phosphate_exp2	7.67562e-06	0.0852708
glucose_2_exp1	0.657249	0.331111
glucose_2_exp2	0.147469	0.160548
glucuronic_acid_exp2	0.0518986	0.119143
glutamic_acid_exp1	7.67562e-06	0.0940911
glutamic_acid_exp2	7.67562e-06	0.122966
glutamine_exp2	0.212962	0.343677
glyceric_acid_exp1	7.67562e-06	0.115492
glyceric_acid_exp2	7.67562e-06	0.114012
glycerol_alpha_phosphate_exp2	0.158035	0.212548
glycerol_exp2	0.141722	0.163392
glycine_exp1	0.426366	0.334679
glycine_exp2	7.67562e-06	0.10976
glycolic_acid_exp1	7.67562e-06	0.103595
heptadecanoic_acid_exp1	7.67562e-06	0.102303
hexonic_acid_exp2	0.624557	0.615311
hydroxylamine_exp1	7.67562e-06	0.130848
hydroxylamine_exp2	7.67562e-06	0.091684
inositol_myo__exp2	0.17108	0.169506
inulobiose_2_exp2	0.218976	0.397542
isoleucine_exp1	7.67562e-06	0.101068
isoleucine_exp2	7.67562e-06	0.0926568
lactic_acid_exp1	7.67562e-06	0.095471
lactic_acid_exp2	0.586886	0.39832
lactobionic_acid_exp1	0.646857	0.237936
lactobionic_acid_exp2	0.445983	0.32239
lauric_acid_exp1	7.67562e-06	0.134448
leucine_1_exp2	0.931662	0.14301
leucine_exp1	0.574493	0.237698
leucine_exp2	0.13994	0.180325
leucrose_exp1	7.67562e-06	0.116772
leucrose_exp2	0.00986281	0.100225
levoglucosan_exp1	0.00207966	0.0843619
lignoceric_acid_exp1	7.67562e-06	0.10293
lignoceric_acid_exp2	7.67562e-06	0.186562
lyxitol_exp1	0.0528193	0.225227
malate_exp1	0.343389	0.354465
malate_exp2	7.67562e-06	0.107562
maleic_acid_exp1	7.67562e-06	0.0983929
maleic_acid_exp2	7.67562e-06	0.0900811
maltose_1_exp1	7.67562e-06	0.0978463
maltose_1_exp2	7.67562e-06	0.109141
mannitol_exp1	7.67562e-06	0.088466
mannitol_exp2	7.67562e-06	0.110768
monopalmitin_1_glyceride_exp1	7.67562e-06	0.0941906
monopalmitin_1_glyceride_exp2	7.67562e-06	0.102347
myristic_acid_exp1	0.407098	0.340148
myristic_acid_exp2	7.67562e-06	0.111874
N_acetyl_D_hexosamine_exp2	0.11271	0.386556
N_acetyl_D_mannosamine_exp2	0.309431	0.315411
oleic_acid_exp1	0.0450284	0.21076
oleic_acid_exp2	7.67562e-06	0.0927513
ornithine_4TMS_exp2	7.67562e-06	0.0941897
oxoproline_1_exp2	7.67562e-06	0.115443
oxoproline_exp1	0.973078	0.0283302
oxoproline_exp2	0.995146	0.0130843
palatinose_exp2	0.234205	0.208065
palmitic_acid_exp2	0.0710602	0.190439
pelargonic_acid_exp1	0.252593	0.377066
pelargonic_acid_exp2	0.36021	0.349208
pentadecanoic_acid_exp1	7.67562e-06	0.17387
phenylalanine_exp2	0.68636	0.237499
phosphoric_acid_exp1	0.853708	0.215748
phosphoric_acid_exp2	7.67562e-06	0.094207
phytol_exp1	7.67562e-06	0.129645
phytol_exp2	7.67562e-06	0.220707
pipecolic_acid_exp2	0.939476	0.0827768
proline_exp1	7.67562e-06	0.178912
proline_exp2	7.67562e-06	0.0932516
putrescine_exp1	0.0783315	0.257462
putrescine_exp2	7.67562e-06	0.0942272
pyrrole_2_carboxylic_acid_exp1	7.67562e-06	0.346795
rhamnose_1_exp1	7.67562e-06	0.105536
rhamnose_1_exp2	0.285187	0.25305
ribitol_1_exp2	7.67562e-06	0.14019
ribitol_exp2	7.67562e-06	0.346461
ribose_exp1	0.579084	0.218009
ribose_exp2	0.182786	0.300225
serine_1_exp1	0.626553	0.379441
serine_1_exp2	7.67562e-06	0.10028
serine_exp1	0.130911	0.151031
serine_exp2	7.67562e-06	0.347435
shikimic_acid_exp2	7.67562e-06	0.185082
stearic_acid_exp1	0.303781	0.479539
succinic_acid_exp1	0.316879	0.368765
succinic_acid_exp2	7.67562e-06	0.118835
talose_exp1	7.67562e-06	0.0899865
talose_exp2	7.67562e-06	0.0963876
threitol_exp1	0.0860733	0.211501
threitol_exp2	0.873651	0.149957
threonic_acid_exp1	0.483621	0.358833
threonic_acid_exp2	7.67562e-06	0.197781
threonine_exp1	0.158081	0.205674
threonine_exp2	0.799093	0.226444
tocopherol_exp2	0.212838	0.405316
trans_sinapinic_acid_exp1	7.67562e-06	0.0958588
trans_sinapinic_acid_exp2	0.0697585	0.218713
trehalose_exp2	7.67562e-06	0.539413
tyrosine_exp1	7.67562e-06	0.179133
tyrosine_exp2	7.67562e-06	0.117654
urea_exp1	7.67562e-06	0.108213
urea_exp2	0.0124051	0.0854385
valine_exp1	0.552472	0.213311
valine_exp2	7.67562e-06	0.0909954
X1_2_4_benzenetriol_exp1	7.67562e-06	0.118388
X1_2_4_benzenetriol_exp2	7.67562e-06	0.276609
X1_hexadecanol_exp1	0.533156	0.283716
X1_monostearin_exp2	0.0181225	0.0827487
X2_palmitoleic_acid_exp1	7.67562e-06	0.19336
X2_palmitoleic_acid_exp2	7.67562e-06	0.15417
X4_hydroxybenzoate_exp2	0.0682341	0.183804
X4_hydroxyproline_exp1	7.67562e-06	0.0969257
X4_hydroxyproline_exp2	7.67562e-06	0.100562
X5_aminovaleric_acid_exp1	0.934501	0.0841653
xylonic_acid_exp2	0.0461905	0.119415
xylose_1_exp1	0.490875	0.403782
xylose_1_exp2	0.739092	0.196975
Lesion_0_m_cx_Apple517	0.041105	0.249797
Lesion_0_m_cy_Apple517	0.273061	0.246621
Lesion_0_m_eccentricity_Apple517	0.372541	0.27025
Lesion_0_m_eccentricity_B05_10	0.284493	0.417812
Lesion_0_m_eccentricity_Ctrl	7.99197e-06	0.182217
Lesion_0_m_eccentricity_Supersteak	0.314094	0.313044
Lesion_0_m_eccentricity_UKRazz	0.0462548	0.392221
Lesion_0_m_theta_Apple517	7.99197e-06	0.198041
Lesion_0_m_theta_B05_10	7.99197e-06	0.17443
Lesion_0_m_theta_Ctrl	7.99197e-06	0.288418
Lesion_0_m_theta_Supersteak	7.99197e-06	0.335432
Lesion_0_m_theta_UKRazz	0.38861	0.277107
Lesion_Bblu_m_eccentricity_Apple517	7.99197e-06	0.188453
Lesion_Bblu_m_eccentricity_B05_10	7.99197e-06	0.214409
Lesion_Bblu_m_eccentricity_Ctrl	7.99197e-06	0.23211
Lesion_Bblu_m_eccentricity_Supersteak	7.99197e-06	0.169411
Lesion_Bblu_m_eccentricity_UKRazz	7.99197e-06	0.257505
Lesion_Bblu_m_majoraxis_Ctrl	0.216735	0.222242
Lesion_Bblu_m_theta_B05_10	7.99197e-06	0.13375
Lesion_Bblu_m_theta_Ctrl	0.0446889	0.364563
Lesion_Bblu_m_theta_Supersteak	7.99197e-06	0.216713
Lesion_Bblu_m_theta_UKRazz	0.114876	0.17178
Lesion_Bgrn_m_eccentricity_Ctrl	7.99197e-06	0.25749
Lesion_Bgrn_m_theta_B05_10	7.99197e-06	0.579481
Lesion_Bgrn_m_theta_Ctrl	0.102676	0.229343
Lesion_Bgrn_m_theta_UKRazz	0.288489	0.320199
Lesion_Bgrnblu_m_eccentricity_Ctrl	0.999987	0.00320992
Lesion_Bgrnblu_m_eccentricity_UKRazz	0.604843	0.316675
Lesion_Bgrnblu_m_majoraxis_Apple517	0.999987	0.00132081
Lesion_Bgrnblu_m_majoraxis_B05_10	7.99197e-06	0.19204
Lesion_Bgrnblu_m_majoraxis_Ctrl	0.0524323	0.532699
Lesion_Bgrnblu_m_majoraxis_Supersteak	7.99197e-06	0.217039
Lesion_Bgrnblu_m_majoraxis_UKRazz	7.99197e-06	0.211271
Lesion_Bgrnblu_m_theta_Ctrl	0.0804331	0.155567
Lesion_Bgrnblu_m_theta_UKRazz	7.99197e-06	0.137258
Lesion_blu_m_eccentricity_Ctrl	7.99197e-06	0.673899
Lesion_blu_m_majoraxis_Ctrl	7.99197e-06	0.286636
Lesion_blu_m_theta_Apple517	7.99197e-06	0.257458
Lesion_blu_m_theta_B05_10	7.99197e-06	0.237807
Lesion_blu_m_theta_Ctrl	7.99197e-06	0.245555
Lesion_blu_m_theta_Supersteak	7.99197e-06	0.224135
Lesion_blu_m_theta_UKRazz	0.314658	0.263526
Lesion_Bred_m_eccentricity_Ctrl	0.0158115	0.140069
Lesion_Bred_m_majoraxis_Ctrl	7.99197e-06	0.205741
Lesion_Bred_m_theta_Ctrl	7.99197e-06	0.245658
Lesion_Bred_m_theta_Supersteak	7.99197e-06	0.268293
Lesion_Bredblu_m_eccentricity_Apple517	0.151008	0.155663
Lesion_Bredblu_m_eccentricity_B05_10	0.281407	0.218104
Lesion_Bredblu_m_eccentricity_Ctrl	0.732487	0.278667
Lesion_Bredblu_m_eccentricity_Supersteak	0.223268	0.289299
Lesion_Bredblu_m_eccentricity_UKRazz	0.378593	0.584668
Lesion_Bredblu_m_majoraxis_Apple517	0.99944	0.114275
Lesion_Bredblu_m_majoraxis_B05_10	7.99197e-06	0.198377
Lesion_Bredblu_m_majoraxis_Ctrl	7.99197e-06	0.22933
Lesion_Bredblu_m_majoraxis_Supersteak	7.99197e-06	0.182364
Lesion_Bredblu_m_majoraxis_UKRazz	7.99197e-06	0.219442
Lesion_Bredblu_m_theta_Apple517	7.99197e-06	0.361437
Lesion_Bredblu_m_theta_B05_10	0.162196	0.310538
Lesion_Bredblu_m_theta_Ctrl	7.99197e-06	0.207405
Lesion_Bredblu_m_theta_Supersteak	7.99197e-06	0.23786
Lesion_Bredblu_m_theta_UKRazz	7.99197e-06	0.231274
Lesion_Bredgrn_m_eccentricity_Apple517	0.157756	0.238383
Lesion_Bredgrn_m_eccentricity_B05_10	0.998354	0.163925
Lesion_Bredgrn_m_eccentricity_Ctrl	0.759281	0.407482
Lesion_Bredgrn_m_eccentricity_Supersteak	7.99197e-06	0.177617
Lesion_Bredgrn_m_eccentricity_UKRazz	0.0412888	0.191091
Lesion_Bredgrn_m_majoraxis_B05_10	7.99197e-06	0.200197
Lesion_Bredgrn_m_majoraxis_Ctrl	7.99197e-06	0.239981
Lesion_Bredgrn_m_majoraxis_Supersteak	0.435781	0.673439
Lesion_Bredgrn_m_majoraxis_UKRazz	0.999987	0.00110668
Lesion_Bredgrn_m_theta_Apple517	0.024928	0.259885
Lesion_Bredgrn_m_theta_B05_10	7.99197e-06	0.16341
Lesion_Bredgrn_m_theta_Ctrl	7.99197e-06	0.179987
Lesion_Bredgrn_m_theta_Supersteak	0.168775	0.350465
Lesion_Bredgrn_m_theta_UKRazz	7.99197e-06	0.25944
Lesion_Grn_Apple517	0.233567	0.342441
Lesion_Grn_B05_10	7.99197e-06	0.188173
Lesion_Grn_Ctrl	0.648297	0.325081
Lesion_Grn_Supersteak	0.27839	0.508321
Lesion_Grn_UKRazz	7.99197e-06	0.925548
Lesion_grnblu_m_eccentricity_Ctrl	7.99197e-06	0.225814
Lesion_grnblu_m_majoraxis_Apple517	7.99197e-06	0.254912
Lesion_grnblu_m_majoraxis_B05_10	7.99197e-06	0.193684
Lesion_grnblu_m_majoraxis_Ctrl	0.291725	0.29543
Lesion_grnblu_m_majoraxis_Supersteak	7.99197e-06	0.174509
Lesion_grnblu_m_majoraxis_UKRazz	7.99197e-06	0.296055
Lesion_grnblu_m_theta_Ctrl	7.99197e-06	0.354664
Lesion_Prop_Apple517	0.620996	0.312622
Lesion_Prop_UKRazz	0.285822	0.321674
Lesion_redblu_m_eccentricity_Apple517	0.376511	0.337424
Lesion_redblu_m_eccentricity_B05_10	0.144588	0.167759
Lesion_redblu_m_eccentricity_Ctrl	7.99197e-06	0.291271
Lesion_redblu_m_eccentricity_Supersteak	0.0782142	0.201534
Lesion_redblu_m_eccentricity_UKRazz	0.786695	0.277927
Lesion_redblu_m_majoraxis_Apple517	7.99197e-06	0.223979
Lesion_redblu_m_majoraxis_B05_10	7.99197e-06	0.216814
Lesion_redblu_m_majoraxis_Ctrl	0.316768	0.328198
Lesion_redblu_m_majoraxis_Supersteak	7.99197e-06	0.165989
Lesion_redblu_m_majoraxis_UKRazz	0.0236768	0.215322
Lesion_redblu_m_theta_Apple517	0.433647	0.391304
Lesion_redblu_m_theta_B05_10	0.0031936	0.202398
Lesion_redblu_m_theta_Ctrl	7.99197e-06	0.237907
Lesion_redblu_m_theta_Supersteak	0.160653	0.372266
Lesion_redblu_m_theta_UKRazz	0.30564	0.324591
Lesion_redgrn_m_eccentricity_B05_10	7.99197e-06	0.257766
Lesion_redgrn_m_eccentricity_Ctrl	7.99197e-06	0.172524
Lesion_redgrn_m_eccentricity_UKRazz	0.600219	0.342656
Lesion_redgrn_m_majoraxis_Ctrl	7.99197e-06	0.543495
Lesion_redgrn_m_theta_Ctrl	7.99197e-06	0.215189
Lesion_redgrn_m_theta_Supersteak	7.99197e-06	0.222457
Lesion_redgrn_m_theta_UKRazz	0.10021	0.154354
Lesion_Size_Apple517	7.99197e-06	0.735267
Lesion_Size_B05_10	7.99197e-06	0.902416
Lesion_Size_Ctrl	0.589957	0.325278
Lesion_Size_Supersteak	0.278744	0.423145
Lesion_Size_UKRazz	0.318162	0.259388
Lesion_Ylw_B05_10	0.237071	0.249995
Lesion_Ylw_Ctrl	0.220484	0.210883
Lesion_Ylw_Supersteak	7.99197e-06	0.310172
Remaining_Leaf_Apple517	0.859527	0.263144
Ylw_Lesion_Proportion_Apple517	0.581435	0.379459
Ylw_Lesion_Proportion_Ctrl	0.145274	0.174518
Ylw_Lesion_Proportion_Supersteak	0.363223	0.301355
Allyl_MS_and_allyl	0.31503	0.245569
Allyl_MS	0.374124	0.253921
I3M_MS_and_allyl	0.25445	0.262251
I3M_MS	0.924831	0.104824
Long_chain_GLS_MS_and_allyl	0.64328	0.206674
Long_chain_GLS_MS	7.85491e-06	0.183902
NMOI3M_MS_and_allyl	0.999987	0.00120652
NMOI3M_MS	0.408654	0.517605
Short_chain_GLS_MS_and_allyl	0.0755232	0.155928
Short_chain_GLS_MS	7.85491e-06	0.195984
total_Aliphatics_MS_and_allyl	0.194699	0.259745
total_Aliphatics_MS	0.322333	0.365026
total_alkyl_MS_and_allyl	0.096801	0.274571
total_alkyl_MS	0.345055	0.276471
total_C3_GLS_MS_and_allyl	0.999987	0.00054595
total_C3_GLS_MS	0.844699	0.218775
total_C4_GLS_MS_and_allyl	0.524713	0.321864
total_C4_GLS_MS	0.533725	0.262031
total_C7_GLS_MS_and_allyl	0.760785	0.146953
total_C7_GLS_MS	0.999987	0.000752855
Total_C8_GLS_MS_and_allyl	0.375512	0.338888
Total_C8_GLS_MS	7.85491e-06	0.181275
total_GLS_MS_and_allyl	0.236071	0.24119
total_GLS_MS	0.241534	0.521543
total_Indolics_MS_and_allyl	0.452056	0.336955
total_Indolics_MS	0.791646	0.268798
total_methylsulphinyl_MS_and_allyl	7.85491e-06	0.175406
total_methylsulphinyl_MS	7.85491e-06	0.421819
Weight_MS_and_allyl	0.425491	0.487464
Weight_MS	0.307789	0.255443
X2OH_Butenyl_MS_and_allyl	0.648871	0.222893
X2OH_Butenyl_MS	0.739551	0.145657
X3_butenyl_MS_and_allyl	0.585972	0.223266
X3_butenyl_MS	0.878361	0.107811
X3MSP_MS_and_allyl	0.239043	0.589459
X3MSP_MS	0.64932	0.287574
X3MTP_MS_and_allyl	7.85491e-06	0.699441
X3MTP_MS	7.85491e-06	0.274368
X3OHP_MS_and_allyl	0.784743	0.228914
X3OHP_MS	0.999987	0.00106731
X4MOI3M_MS_and_allyl	0.353667	0.385827
X4MOI3M_MS	0.574131	0.332169
X4MSB_MS_and_allyl	7.85491e-06	0.285691
X4MSB_MS	7.85491e-06	0.380787
X4MTB_MS_and_allyl	0.2819	0.256196
X4MTB_MS	7.85491e-06	1.48081
X4OHB_MS_and_allyl	7.85491e-06	0.200311
X4OHB_MS	7.85491e-06	0.208793
X5MSP_MS_and_allyl	0.999987	0.000572248
X5MSP_MS	7.85491e-06	0.285732
X7MSH_MS_and_allyl	0.540633	0.248488
X7MSH_MS	7.85491e-06	0.243491
X7MTH_MS_and_allyl	0.812491	0.123017
X7MTH_MS	0.708805	0.205439
X8MSO_MS_and_allyl	0.62834	0.406968
X8MSO_MS	0.506628	0.323856
X8MTO_MS_and_allyl	0.170983	0.193609
X8MTO_MS	0.0199274	0.13546
ozone_sensetivity	0.999988	0.00143047
Relative_NIP1_expression	7.18364e-06	0.597213
Relative_root_length	8.59378e-06	0.105137
Average_leaf_surface_area_eaten_cm2	7.7562e-06	0.124439
Average_weight_gain_by_larvae_mg	7.7562e-06	0.11653
Proline_mmol_g	0.423561	0.323662
As_V_tolerance	0.0357947	0.129638
144_M216T665	0.746981	0.187968
145_M130T666	0.999988	0.00144008
146_M172T666	0.978976	0.199533
BC160	0.828506	0.153063
BC180	0.510886	0.191626
BC181	8.45579e-06	0.141298
BC182	0.94641	0.0864047
BC183	0.41932	0.224817
BC200	0.361456	0.219959
BC201	0.884318	0.117246
BC202	0.414263	0.196908
BC221	0.00443137	0.103236
BCpl	0.368927	0.225507
BCpufa	0.713224	0.109876
BCsat	0.989888	0.0278712
BCvlcfa	0.764186	0.232186
MPboxcox	0.804445	0.0942348
k_light_0_nutrient_0	9.2049e-06	0.123291
k_light_0_nutrient_1	0.999989	0.00288709
k_light_1_nutrient_0	9.19362e-06	0.107801
k_light_1_nutrient_1	0.13123	0.247113
tmax_light_0_nutrient_0	9.2049e-06	0.17882
tmax_light_0_nutrient_1	0.229982	0.329265
tmax_light_1_nutrient_0	0.999989	0.00114444
tmax_light_1_nutrient_1	0.078401	0.178065
Fe_minus	6.69195e-06	0.428672
Fe_plus	9.41036e-06	0.0903785
Fe_response	6.84771e-06	0.508259
Mn_minus	6.71657e-06	0.612177
Mn_plus	0.460922	0.521891
Mn_response	0.12626	0.398937
Zn_minus	6.7656e-06	0.513627
Zn_plus	0.197119	0.386675
Zn_response	6.85839e-06	0.365209
density_deficiency	0.21764	0.255198
denstiy_control	0.282895	0.236804
length_control	0.0779701	0.106377
length_deficiency	0.0345611	0.0780675
high_RFR	0.714691	0.308746
low_RFR_response	0.442147	0.206326
low_RFR	0.346438	0.281619
resid	7.6801e-06	0.163779
slope	0.545226	0.202181
AA_NH4_fed	0.301767	0.396416
AA_NO3_fed	1.64797e-05	0.277003
GDH_animating_NH4_fed	1.64797e-05	0.178939
GDH_animating_NO3_fed	1.64797e-05	0.485028
GDH_deaminating_NH4_fed	1.64797e-05	0.187132
GDH_deaminating_NO3_fed	1.64797e-05	0.412634
GS_activity_NH4_fed	1.64797e-05	0.306166
GS_activity_NO3_fed	0.08134	0.295373
NH4_content_NH4_fed	0.380132	0.417924
NH4_content_NO3_fed	1.64797e-05	0.180707
NR_activity_NH4_fed	0.999994	0.00249611
NR_activity_NO3_fed	0.568773	0.501993
root_hydraulic_conductivity	0.436994	0.395324
Delta_13C	0.464699	0.129774
leafsize	0.0121329	0.179002
stomata_density	0.331739	0.134839
stomatasize	0.205566	0.108801
Cotyledon_area	1.56066e-05	0.168038
First_leaf_area	1.56066e-05	0.16682
LA_vs_CA	1.56066e-05	0.40277
Pavement_cell_density_in_cotyledon	0.0387356	0.147803
Pavement_cell_density_in_first_leaf	1.2504e-05	0.41267
PDL_vs_PDC	0.00109242	0.0932823
SDL_vs_SDC	0.0333634	0.112032
SIL_vs_SIC	1.2504e-05	0.201434
Stomatal_density_in_cotyledon	0.140318	0.229405
Stomatal_density_in_first_leaf	0.327972	0.298096
Stomatal_index_in_cotyledon	0.277874	0.319758
Stomatal_index_in_first_leaf	0.460991	0.370879
avrB	0.0971826	0.249756
avrPph3	0.999987	0.000238966
avrRpm1	0.104018	0.236491
avrRpt2	0.999987	0.000235342
FT	0.998934	0.00658583
1_FT_Diameter_Field	0.614989	0.13161
10_Bs	7.69595e-06	0.229041
100_4W	0.999987	0.000797511
101_Li7	0.397804	0.261017
102_FT22	0.971715	0.0231108
103_As2	0.11121	0.208378
104_SDV	0.939233	0.0555733
105_Mg25	0.981857	0.0274263
106_Secondary_Dormancy	0.938414	0.0722068
107_As	7.69595e-06	0.197557
11_2W	0.999987	0.00034917
12_Rosette_Erect_22	0.441589	0.214333
13_Cd114	0.770795	0.223208
14_Width_16	0.890648	0.0714311
15_Storage_28_days	0.998961	0.00927906
16_LY	0.999987	0.000230964
17_avrRpm1	0.101429	0.242817
18_Width_10	0.786278	0.137317
19_Chlorosis_22	0.338038	0.25111
2_At2_CFU2	0.226893	0.236545
20_Storage_7_days	0.999987	0.000233037
21_As2_CFU2	0.0206428	0.117378
22_Co59	0.553251	0.265312
23_FW	0.812044	0.115433
24_Cu65	0.213671	0.488926
25_Bacterial_titer	0.868451	0.119938
26_Width_22	0.682733	0.147309
27_Storage_56_days	0.910466	0.0632343
28_YEL	0.999987	0.000208652
29_FLC	0.995034	0.0095862
3_Leaf_serr_16	0.429043	0.247268
30_FT16	0.957836	0.0342985
31_FT10	0.798325	0.0864669
32_FT_Duration_GH	8.31307e-06	0.160244
33_Se82	7.49537e-06	0.0988769
34_LDV	0.876812	0.0596854
35_Noco2	0.0276752	0.138681
36_8W_GH_LN	0.525389	0.139177
37_0W	0.938324	0.092092
38_MT_GH	0.428362	0.549316
39_After_Vern_Growth	7.68141e-06	0.0907276
4_Seed_bank_133_91	0.999987	0.000229808
40_Aphid_number	0.260518	0.221459
41_LN22	0.951064	0.0310747
42_Bs_CFU2	0.418624	0.188172
43_avrRpt2	0.999987	0.000236514
44_Hypocotyl_length	0.999987	0.000267082
45_Germ_22	0.050875	0.110906
46_Leaf_roll_22	7.70989e-06	0.12767
47_SD	0.999987	0.000523986
48_8W	0.885997	0.092053
49_FT_GH	0.96491	0.0627228
5_Na23	0.265726	0.249447
50_DSDS50	0.999987	0.000231106
51_Ca43	0.807077	0.181228
52_LC_Duration_GH	0.904825	0.131062
53_0W_GH_FT	0.876007	0.0605435
54_B11	0.513518	0.211926
55_Chlorosis_10	7.69216e-06	0.115511
56_RP_GH	0.753599	0.159718
57_Chlorosis_16	7.72464e-06	0.0861656
58_LFS_GH	0.939657	0.0799953
59_Germ_10	0.471372	0.307667
6_Leaf_serr_10	0.800871	0.113075
60_Germ_16	7.72464e-06	0.120229
61_Anthocyanin_16	7.72464e-06	0.149159
62_Anthocyanin_10	0.156552	0.172427
63_At1_CFU2	0.197333	0.228598
64_Ni60	0.191456	0.502275
65_P31	0.635256	0.223784
66_Emwa1	0.315511	0.42808
67_As75	7.49537e-06	0.123442
68_Germ_in_dark	7.75366e-06	0.516902
69_FRI	0.54443	0.234678
7_Emco5	0.999987	0.000238993
70_As_CFU2	7.69595e-06	0.122252
71_Trichome_avg_C	0.880351	0.100802
72_Vern_Growth	7.68141e-06	0.0924136
73_Mo98	0.489188	0.361246
74_Hiks1	0.999982	0.000338983
75_Anthocyanin_22	0.471112	0.26284
76_Zn66	0.999987	0.000410323
77_Trichome_avg_JA	0.940844	0.0541094
78_LES	0.999987	0.000232911
79_Silique_16	0.686767	0.198653
8_Leaf_roll_16	7.72464e-06	0.121526
80_Emoy	0.0278981	0.154086
81_K39	7.49537e-06	0.0985591
82_0W_GH_LN	0.470609	0.351011
83_At2	0.668272	0.239148
84_At1	7.69595e-06	0.103638
85_LN10	0.74639	0.0906695
86_FT_Field	0.91857	0.045122
87_LN16	0.995302	0.00800526
88_avrB	0.0818841	0.216763
89_LD	0.997052	0.0105651
9_Leaf_roll_10	0.999987	0.000188546
90_Seedling_Growth	0.171763	0.299489
91_S34	7.49537e-06	0.0933354
92_Leaf_serr_22	0.783307	0.139327
93_DW	0.848321	0.112164
94_Seed_Dormancy	0.999983	0.000804005
95_Mn55	0.254887	0.347983
96_Silique_22	0.999987	0.00022988
97_avrPphB	0.999987	0.000239886
98_Fe56	7.49537e-06	0.163718
99_8W_GH_FT	0.834485	0.09002
freezing_survival	0.656634	0.083192
294_Germination_rate_21C	0.768861	0.0796045
315_GR21_warm	0.923278	0.119155
316_GR21_cold	0.999982	0.000707102
320_GR63_warm	0.950227	0.103064
325_GR105_cold	0.999982	0.000899986
326_GR63_cold	0.999982	0.00071974
DNA_content_mean	0.72732	0.124925
BiomassUV	8.43832e-06	0.130564
LeafareaUV	8.43832e-06	0.127783
LeaflengthUV	8.43832e-06	0.0736731
Fitness	0.553893	0.150493
Flowering_time	0.785403	0.0861812
Fruit_production	0.541135	0.144689
Germination_10C	0.323225	0.16209
Germination_22C	0.240161	0.152202
Germination_30C	0.0115845	0.101682
Number_of_adults	0.556129	0.239467
Number_of_rosettes	0.692041	0.196193
Seed_Weight	0.747449	0.17413
Bc	0.408435	0.245924
Dr_plus_Bc_residuals	8.48799e-06	0.106719
Dr_plus_Bc	0.32297	0.316256
Pr_plus_Bc_residuals	0.203221	0.157821
Pr_plus_Bc	0.417172	0.241997
log2_PDF1_2_MeJA_and_ABA_vs_PDF1_2_MeJA	0.360782	0.359563
log2_PDF1_2_MeJA_and_SA_vs_PDF1_2_MeJA	8.41101e-06	0.101233
log2_PDF1_2_vs_PPA2_MeJA_and_ABA	0.488126	0.246539
delta_Lateral_root_formation	0.0132788	0.0981245
delta_Primary_root_length	8.72284e-06	0.0827154
delta_Shoot_fresh_weight	0.0586638	0.215837
post_S_sclerotiorum_infection	0.697189	0.585153
Telomere_Terminal_restriction_fragments	0.709222	0.161764
Xcc12824	0.801443	0.143239
Xcc6943	0.430642	0.370462
Xanthomonas_campestris_10dpi	0.70568	0.134833
Xanthomonas_campestris_5dpi	0.330768	0.1579
Xanthomonas_campestris_7dpi	0.56742	0.161349
grown_on_zinc_deficiency_mean_Total_length_day001	8.18581e-06	0.098418
grown_on_zinc_deficiency_mean_Total_length_day002	8.09828e-06	0.266499
grown_on_zinc_deficiency_mean_Total_length_day003	0.126094	0.272163
grown_on_zinc_deficiency_mean_Total_length_day004	0.0250551	0.10075
grown_on_zinc_deficiency_mean_Total_length_day005	0.0468653	0.192477
grown_on_zinc_deficiency_mean_Total_length_day006	0.0224471	0.0993815
grown_on_zinc_deficiency_mean_Total_length_day007	0.0422198	0.111444
mean_Total_length_day001	0.314135	0.332429
mean_Total_length_day002	8.13298e-06	0.13695
mean_Total_length_day003	0.500517	0.267934
mean_Total_length_day004	0.478019	0.293812
mean_Total_length_day005	0.999988	0.000501593
mean_Total_length_day006	0.392198	0.326424
mean_Total_length_day007	0.36156	0.303707
271_Na23	0.165615	0.206651
269_Li7	8.00568e-06	0.100377
270_B11	8.00568e-06	0.21216
272_Mg25	0.0665125	0.0985285
273_P31	8.00568e-06	0.317423
274_S34	0.999988	0.00130988
276_Ca43	0.0712476	0.0981961
277_Mn55	0.620992	0.243845
278_Fe57	0.161752	0.156105
279_Co59	0.384397	0.411283
280_Ni60	0.228419	0.18653
281_Cu65	8.00568e-06	0.130623
284_Se82	0.257145	0.189138
285_Rb85	0.367892	0.230865
Sodium	0.582593	0.0609949
283_As75	8.00568e-06	0.316937
275_K39	0.179062	0.25473
Weib_all_LT50control	0.279135	0.365243
Weib_all_LT50submerged	0.245763	0.297663
germination_3days	0.268692	0.623991
germination_7days	0.35063	0.56491
sex_ratio	7.65168e-06	0.57026
number_of_egg_masses	0.219093	0.195968
Cala2_cotyledons	0.999988	0.00023454
Cala2_true_leaves	0.0676234	0.161468
Emco5_cotyledons	0.999988	0.000233264
Emco5_true_leaves	0.999988	0.000220764
Emoy2_cotyledons	8.27861e-06	0.133567
Emoy2_true_leaves	8.3568e-06	0.103362
Emwa1_cotyledons	0.999988	0.000234499
Emwa1_true_leaves	0.999988	0.000234938
Maks9_cotyledons	0.0197128	0.143106
Maks9_true_leaves	0.0985399	0.398518
F3GG7R	0.999987	0.000244304
salt_survival_days	0.234186	0.271931
ANGc_2013	0.346732	0.603539
ANGLEr_2013	0.0189553	0.122219
ANGs_2013	0.0842128	0.244687
AREAc_2013	9.30051e-06	0.121963
AREAr_2013	0.0133897	0.174813
AREAs_2013	9.30051e-06	0.217683
CHLc_2013	9.4021e-06	0.214256
CHLr_2013	9.4021e-06	0.115185
CHLs_2013	9.4021e-06	0.378194
Dry0_2012	9.73151e-06	0.158192
Dry500_2012	9.73151e-06	0.136064
Dry500p0_2012	9.73151e-06	0.12249
DWc_2013	0.806632	0.345531
DWr_2013	0.121786	0.167835
DWs_2013	0.999989	0.00606899
Elc_2013	0.166378	0.244923
Elr_2013	0.212862	0.216654
Els_2013	0.137316	0.406426
Fresh_min_Dry0_2012	9.73151e-06	0.175971
Fresh_min_Dry500_2012	9.73151e-06	0.10809
Fresh_per_Dry0_2012	9.73151e-06	0.178004
Fresh_per_dry500_2012	9.76449e-06	0.12113
Fresh0_2012	9.73151e-06	0.170205
Fresh500_2012	9.73151e-06	0.112332
Fresh500p0_2012	9.73151e-06	0.120138
FWc_2013	9.30051e-06	0.175922
FWr_2013	9.30051e-06	0.0973015
FWs_2013	9.30051e-06	0.140902
Surf0_2012	9.73151e-06	0.134978
Surf500_2012	0.000912957	0.105647
Surf500p0_2012	9.73151e-06	0.238823
WC500p0_2012	9.73151e-06	0.114025
WCc_2013	9.30051e-06	0.366458
WCr_2013	9.30051e-06	0.118936
WCs_2013	9.30051e-06	0.113188
salt_0_mM_NaCl_aLRL_vs_MRL	8.429e-06	0.143354
salt_0_mM_NaCl_Apical	8.429e-06	0.195022
salt_0_mM_NaCl_Basal	0.353835	0.254234
salt_0_mM_NaCl_Branched	8.429e-06	0.104432
salt_0_mM_NaCl_Depth	8.429e-06	0.221498
salt_0_mM_NaCl_LRD_vs_BZ	8.429e-06	0.0952136
salt_0_mM_NaCl_LRD_vs_MR	8.429e-06	0.101755
salt_0_mM_NaCl_LRL_vs_MRL	0.373321	0.300608
salt_0_mM_NaCl_LRL_vs_noLR	0.331623	0.273494
salt_0_mM_NaCl_LRL	8.429e-06	0.113894
salt_0_mM_NaCl_MRL_vs_TRS	0.378129	0.289273
salt_0_mM_NaCl_MRL	8.429e-06	0.229576
salt_0_mM_NaCl_MRVA	8.429e-06	0.171439
salt_0_mM_NaCl_MRVL	8.429e-06	0.24212
salt_0_mM_NaCl_noLRpMR	8.429e-06	0.0938085
salt_0_mM_NaCl_PC1	0.407267	0.234008
salt_0_mM_NaCl_PC2	8.43323e-06	0.118735
salt_0_mM_NaCl_PC3	8.43323e-06	0.109017
salt_0_mM_NaCl_Straightness	8.429e-06	0.108818
salt_0_mM_NaCl_TRS	0.418647	0.276201
salt_125_mM_NaCl_aLRL_vs_MRL	8.429e-06	0.114288
salt_125_mM_NaCl_Apical	0.0140021	0.0658082
salt_125_mM_NaCl_Basal	0.0505876	0.14935
salt_125_mM_NaCl_Branched	8.429e-06	0.162681
salt_125_mM_NaCl_Depth	8.429e-06	0.101181
salt_125_mM_NaCl_LRD_vs_BZ	8.429e-06	0.0928486
salt_125_mM_NaCl_LRD_vs_MR	8.429e-06	0.0932797
salt_125_mM_NaCl_LRL_vs_MRL	0.356283	0.337898
salt_125_mM_NaCl_LRL_vs_noLR	8.429e-06	0.0935012
salt_125_mM_NaCl_LRL	8.429e-06	0.104088
salt_125_mM_NaCl_MRL_vs_TRS	0.393598	0.309492
salt_125_mM_NaCl_MRL	8.429e-06	0.0837774
salt_125_mM_NaCl_MRVA	8.429e-06	0.193637
salt_125_mM_NaCl_MRVL	8.429e-06	0.0954212
salt_125_mM_NaCl_noLRpMR	8.429e-06	0.114238
salt_125_mM_NaCl_PC1	8.43323e-06	0.147769
salt_125_mM_NaCl_PC2	8.43323e-06	0.365516
salt_125_mM_NaCl_PC3	8.43323e-06	0.0925467
salt_125_mM_NaCl_Straightness	8.429e-06	0.389456
salt_125_mM_NaCl_TRS	0.0919443	0.328452
salt_75_mM_NaCl_aLRL_vs_MRL	8.429e-06	0.0912657
salt_75_mM_NaCl_Apical	8.429e-06	0.150504
salt_75_mM_NaCl_Basal	0.105845	0.125964
salt_75_mM_NaCl_Branched	0.0205421	0.0982507
salt_75_mM_NaCl_Depth	0.532243	0.382666
salt_75_mM_NaCl_LRD_vs_BZ	0.014464	0.0732097
salt_75_mM_NaCl_LRD_vs_MR	8.429e-06	0.0926621
salt_75_mM_NaCl_LRL_vs_MRL	8.429e-06	0.0933271
salt_75_mM_NaCl_LRL_vs_noLR	8.429e-06	0.0900515
salt_75_mM_NaCl_LRL	8.429e-06	0.0884401
salt_75_mM_NaCl_MRL_vs_TRS	8.429e-06	0.0892251
salt_75_mM_NaCl_MRL	8.429e-06	0.142635
salt_75_mM_NaCl_MRVA	8.429e-06	0.117193
salt_75_mM_NaCl_MRVL	8.429e-06	0.178851
salt_75_mM_NaCl_noLRpMR	8.429e-06	0.120007
salt_75_mM_NaCl_PC1	8.43323e-06	0.118413
salt_75_mM_NaCl_PC2	8.43323e-06	0.129698
salt_75_mM_NaCl_PC3	8.43323e-06	0.253738
salt_75_mM_NaCl_Straightness	8.429e-06	0.137982
salt_75_mM_NaCl_TRS	8.429e-06	0.0894102
RR_stained_mucilage_area	0.897531	0.191121
Fruit_number	0.724012	0.0883254
Growth_rate	0.832045	0.0507303
RGR	0.450325	0.0845156
rosette_DM	0.865917	0.044641
ABA_96h_low_water_potential	0.274411	0.242679
Oviposition_rate_eggs_female	8.40395e-06	0.126144
Survival	0.288087	0.259365
A0	0.064536	0.16836
drought_A0	8.44835e-06	0.135635
drought_Fresh_Weight_28	0.479186	0.211751
drought_projected_leaf_area_day_11	8.44835e-06	0.132131
drought_projected_leaf_area_day_14	0.227948	0.264503
drought_projected_leaf_area_day_16	0.682158	0.202888
drought_projected_leaf_area_day_18	0.471372	0.28369
drought_projected_leaf_area_day_20	8.44835e-06	0.882151
drought_projected_leaf_area_day_22	0.518222	0.237516
drought_projected_leaf_area_day_24	0.714914	0.189911
drought_projected_leaf_area_day_25	0.693971	0.156759
drought_projected_leaf_area_day_26	0.918752	0.196196
drought_projected_leaf_area_day_27	0.643215	0.223947
drought_projected_leaf_area_day_28	0.90764	0.153866
drought_projected_leaf_area_day_8	0.0882051	0.328027
drought_r	0.011274	0.071415
drought_Relative_Water_Content_24	0.0870532	0.15643
drought_Water_Content_24	8.44835e-06	0.110864
Fresh_Weight_28	0.454797	0.228105
projected_leaf_area_day_11	8.44835e-06	0.11344
projected_leaf_area_day_14	0.41953	0.253831
projected_leaf_area_day_16	0.449694	0.354886
projected_leaf_area_day_18	0.26275	0.281942
projected_leaf_area_day_20	8.44835e-06	0.153396
projected_leaf_area_day_22	0.440299	0.219335
projected_leaf_area_day_24	8.44835e-06	0.124366
projected_leaf_area_day_25	0.625122	0.240901
projected_leaf_area_day_26	0.62648	0.249049
projected_leaf_area_day_27	0.52934	0.227965
projected_leaf_area_day_28	0.676232	0.206592
projected_leaf_area_day_8	0.240063	0.234929
r	0.0340918	0.0990971
Relative_Water_Content_24	0.225431	0.292954
Water_Content_24	8.44835e-06	0.140853
drought_index	0.236535	0.152534
Survival_insitu_Madrid	0.366024	0.154693
Survival_insitu_Tubingen	1.5591e-05	0.191361
Pi_uptake_under_Pi_deficient_conditions	0.338834	0.285422
Pi_uptake_under_Pi_sufficient_conditions	0.630971	0.345172
base_perc	0.787421	0.051107
d11_10C_perc	0.773342	0.0548387
d11_4C_perc	0.691265	0.066979
d15_10C_perc	0.753407	0.0583622
d15_4C_perc	0.716847	0.0683878
d22_10C_perc	0.807009	0.0541385
d22_4C_perc	0.686366	0.0815995
d32_10C_perc	0.770438	0.0566534
d32_4C_perc	0.612051	0.0836668
d4_10C_perc	0.81133	0.0486774
d4_4C_perc	0.717538	0.0562626
d8_10C_perc	0.770794	0.0518602
d8_4C_perc	0.760167	0.0621819
DSDS50	0.783615	0.0519946
DTbolt	0.947339	0.0232555
DTflower	0.948249	0.0219263
DTfruit	0.923657	0.0258233
DTgerm	0.324887	0.0727904
DTharvest	0.843246	0.0395501
