ft,wue,dorm,lat
dorm,-0.0588356688028551,-0.364453083937475,1,-0.363474213054024
GPC20,-0.152745656363499,-0.17449782835905,0.161622525621062,-0.00527872845061407
GPC2,-0.0947229389096788,-0.149970281536824,-0.0268022836100047,-0.0776446444914341
id,-0.0034815583045774,-0.134607345732825,0.247519142567091,-0.0128573953723981
temp_min3,-0.0862134726963031,-0.121477693615607,0.0553474360189198,-0.021055831769406
prec12,-0.054590001996553,-0.116721616022694,0.0396304755311394,-0.0738470676719778
temp_min11,-0.0836237446127108,-0.112871415620041,0.00789098634414757,-0.0104644528114191
GPC19,-0.179083347352194,-0.112176361872655,0.0756853506634398,-0.151060052280663
GPC6,0.0251101739095795,-0.111273250942003,-0.20360827155509,-0.154648305294944
bio19,-0.0631405100372426,-0.110576562294899,0.0545916986062963,-0.0701605171982856
temp_min12,-0.092830605773072,-0.109719355919077,0.056894418317758,-0.036606067119877
bio6,-0.0906327800324637,-0.108093096505007,0.0705397130745421,-0.0423419047810496
temp_min1,-0.0868087702326358,-0.107683869550853,0.0714002245741774,-0.043224187355738
prec3,-0.0557336190444555,-0.106513165438716,0.00804767746187296,-0.0756182596928322
prec11,-0.0450134163349152,-0.106510875420455,0.0623060706799295,-0.0698089769075577
temp_min2,-0.0846513466461722,-0.10314206342559,0.0394639606169937,-0.0265381608702417
temp_min10,-0.0650465607135079,-0.100740885757069,0.00983128964469992,0.0366245743513937
bio11,-0.0854539130994328,-0.0998044275113421,0.00653791938693082,-0.00493885827331709
prec1,-0.0574008721620099,-0.0984439162900976,0.0549731831918577,-0.0794248217027736
bio13,-0.0544296541968934,-0.0978117429631721,0.0349185866747098,-0.0410790886498588
bio16,-0.0521189700943499,-0.0962610291112038,0.0380358561883709,-0.0587401014735204
bio12,-0.0449322188772272,-0.096011129719322,0.0472425506799109,-0.0918230174789769
prec2,-0.0770050943440645,-0.0949589104066521,0.0494537834113304,-0.0502943545703164
temp_max3,-0.0588423530207288,-0.0931775844651651,-0.0461119489279709,0.0580419016520758
temp_max2,-0.067625715554803,-0.0913524167914805,-0.0424599117115731,0.0412789216558059
temp_max1,-0.0746898430374547,-0.089189351372712,-0.020250366485358,0.0204976152957592
temp_max12,-0.076160443224713,-0.0877513693431489,-0.0351725961593547,0.0282775920497261
temp_max11,-0.0645457007754826,-0.0861036067197428,-0.080747629674196,0.0665130813866797
temp_min4,-0.0472507409309026,-0.0849751305270631,0.0031934836041001,0.0658661611844986
bio17,-0.0454374240334817,-0.0812985959041893,0.0518795716160103,-0.159705830156067
bio1,-0.0516553736825338,-0.0786875345007162,-0.0498039373770381,0.0817321377256114
prec10,-0.0300817305395152,-0.0773671420899933,0.0310311914463717,-0.0301938932163548
GPC18,-0.0747007089035489,-0.0766500627940742,-0.0865983014685243,0.0460779778780906
bio14,-0.048160366139889,-0.0744612760426827,0.0721825566906012,-0.175836335122058
temp_min5,-0.0145379762896029,-0.0738595743599389,-0.0182356266518757,0.102204503477374
prec9,-0.0130430835556263,-0.0695349253789322,0.051749741283354,-0.124111056728898
temp_min9,-0.0322084454228755,-0.0691685216123915,-0.0406337054201369,0.102979066738878
bio3,-0.0603626673968489,-0.0685863672849189,-0.0747076439348569,-0.00729973995497833
meanpet,-0.0529942133739136,-0.0657050713188378,-0.0881886207914165,0.0956061197789034
prec4,-0.0471061758739975,-0.0647621166408398,-0.0193624789351648,0.00336288170232477
GPC1,0.050164317480416,-0.063978555751393,0.0784846644574377,-0.0972741153534883
temp_max10,-0.0382795513454816,-0.0614106916839909,-0.113549827300466,0.111958215288685
temp_max4,-0.00886962150571092,-0.0542420892365048,-0.0950003635274272,0.117701646940555
temp_min8,-0.00689525440501021,-0.0515631999334788,-0.0353860978695997,0.124843603797666
GPC4,-0.127635585608049,-0.049789292118596,-0.293564160100975,-0.141137266746659
prec8,0.00371806738149233,-0.0496360675412606,0.0483697942976656,-0.138011424310512
GPC7,-0.0618740052035834,-0.0455846710431338,0.0431355573775203,-0.142222738028302
id.1,-0.0182639136806831,-0.0439044791559418,-0.187903125498887,0.135615030660896
bio18,0.0108368574288187,-0.0427854044376398,0.0380472364167056,-0.118146650111597
bio9,-0.0656624372748364,-0.0364286433076711,-0.0221884419350677,0.060383825888474
prec7,0.0354980522856271,-0.035898530774245,0.0304928431392237,-0.114045618439554
temp_min6,0.0197831081084798,-0.0314510850668004,-0.0422710099054626,0.134561613376543
bio8,0.0635963872338808,-0.0217400921903032,-0.01115309562786,0.0852361723303174
prec6,-0.00727962045323944,-0.017470646167899,0.0235884607777895,-0.0785650925390028
temp_min7,0.0145241461835936,-0.0145288667631114,-0.034538122767571,0.142501208173626
GPC15,0.00516660768759007,-0.0133117283400344,-0.0821481195265463,0.0264438483690312
GPC5,-0.0173706764238403,-0.0129724254690364,0.161013381779402,-0.133994923978416
prec5,-0.0533464748655709,-0.0105564255078051,0.026987252832736,-0.0163992417215672
temp_max5,0.0393963890275959,-0.00883359649722359,-0.124329469012798,0.141258789170049
bio15,0.00862714991568922,-0.00216146864964828,-0.0860803583266903,0.128367495407895
GPC12,-0.0405803410692126,0.00781079666602087,0.0441583150011061,0.0754185131435889
temp_max9,-0.00609158974870781,0.00929264493608632,-0.108569716777789,0.162425235638745
bio10,0.0272173935779067,0.0121824001983293,-0.0916295134777955,0.172183826686052
latitude,0.0125941788766762,0.0134675927027272,0.100029764343483,-0.150340438282847
GPC13,0.0725771515941663,0.0168568381644899,-0.0929299975543964,-0.053870333662895
GPC3,0.0101088076479912,0.0208309313250751,-0.0487142962582848,-0.131736518139913
GPC10,0.0192377137844078,0.0247585690599841,0.0890939385387966,-0.114902759347994
GPC8,-0.119798594759443,0.0404237819473898,-0.145915735525515,-0.0837560902794826
temp_max6,0.0491315506869691,0.0418655174131675,-0.12250257572119,0.170875768448404
temp_max8,0.00932278341782326,0.0451659755155643,-0.109475743727664,0.180784477479289
GPC9,0.0468109213945022,0.0522728029756377,-0.0353612818654903,0.0483157888735237
GPC11,0.0876198575279991,0.0555847335939171,-0.121617599012828,0.0268883808582224
temp_max7,0.0309156247252566,0.0590300696997881,-0.109007075371158,0.186403575282571
bio5,0.0346270060347357,0.0621238848409647,-0.113377155388472,0.19147373794599
GPC14,-0.0123778738572442,0.0650667341475613,-0.0265951307019892,0.0410776406914586
GPC17,-0.0169268274417822,0.0775739413420196,-0.0395803982720328,0.0717790362345058
GPC16,0.0706181781348347,0.0946923097701043,0.0324114439815367,0.0354996412116469
bio2,0.0513626661763821,0.106120687764571,-0.170796826016533,0.168670888774425
bio4,0.0980872448822233,0.1184764674816,-0.111879461924564,0.114114109865815
longitude,0.0274697214940277,0.127192741606117,0.109179563682958,0.0706578734789828
bio7,0.091587861912234,0.130553326065455,-0.160820959162984,0.144636570651381
long,0.116743532780735,0.206401871808707,0.150499244205207,0.332383436781063
lat,0.225472536445277,0.249519369649342,-0.363474213054024,1
ft,1,0.381369535441111,-0.0588356688028551,0.225472536445277
wue,0.381369535441111,1,-0.364453083937475,0.249519369649342
